{
  "type": "FeatureCollection",
  "features": [
    {
      "type": "Feature",
      "geometry": {
        "type": "Polygon",
        "coordinates": [
          [
            [
              13.416490487,
              52.526961524
            ],
            [
              13.416354867,
              52.527021169
            ],
            [
              13.416329252,
              52.527028816
            ],
            [
              13.416223352,
              52.527060449
            ],
            [
              13.416145694,
              52.52708364
            ],
            [
              13.415954501,
              52.527185234
            ],
            [
              13.415932787,
              52.527196779
            ],
            [
              13.415918295,
              52.527204481
            ],
            [
              13.415902844,
              52.527212694
            ],
            [
              13.415888264,
              52.527220433
            ],
            [
              13.415691382,
              52.527325053
            ],
            [
              13.415431659,
              52.527463063
            ],
            [
              13.415212526,
              52.527524885
            ],
            [
              13.415144183,
              52.527544174
            ],
            [
              13.414861899,
              52.527623811
            ],
            [
              13.414451691,
              52.52773955
            ],
            [
              13.414394222,
              52.527755758
            ],
            [
              13.414317498,
              52.527777403
            ],
            [
              13.414236037,
              52.527800388
            ],
            [
              13.414183894,
              52.527815105
            ],
            [
              13.413582992,
              52.527984633
            ],
            [
              13.413509558,
              52.52800535
            ],
            [
              13.413386399,
              52.528040094
            ],
            [
              13.413376041,
              52.528043014
            ],
            [
              13.41333067,
              52.528055819
            ],
            [
              13.413316549,
              52.528059801
            ],
            [
              13.413244311,
              52.528079927
            ],
            [
              13.413136691,
              52.528109927
            ],
            [
              13.413104983,
              52.528118758
            ],
            [
              13.41309613,
              52.528121222
            ],
            [
              13.413085138,
              52.528124294
            ],
            [
              13.413051335,
              52.528133713
            ],
            [
              13.412888296,
              52.528179151
            ],
            [
              13.412802069,
              52.528203178
            ],
            [
              13.41226985,
              52.528351499
            ],
            [
              13.412230824,
              52.528362374
            ],
            [
              13.41218473,
              52.528375222
            ],
            [
              13.411936712,
              52.528445128
            ],
            [
              13.411860898,
              52.528466809
            ],
            [
              13.411771746,
              52.528492304
            ],
            [
              13.411692628,
              52.528514923
            ],
            [
              13.411678536,
              52.52851895
            ],
            [
              13.411626877,
              52.528533729
            ],
            [
              13.411575514,
              52.528548419
            ],
            [
              13.411542933,
              52.528557732
            ],
            [
              13.411483853,
              52.528574627
            ],
            [
              13.411433595,
              52.528589004
            ],
            [
              13.411425436,
              52.528591335
            ],
            [
              13.411313732,
              52.528621165
            ],
            [
              13.411278002,
              52.528626707
            ],
            [
              13.411233071,
              52.528633671
            ],
            [
              13.411069419,
              52.528659056
            ],
            [
              13.410863387,
              52.528691005
            ],
            [
              13.410824206,
              52.528697089
            ],
            [
              13.410809313,
              52.52869939
            ],
            [
              13.410801674,
              52.52870058
            ],
            [
              13.410273099,
              52.528782551
            ],
            [
              13.41009178,
              52.528810671
            ],
            [
              13.409994639,
              52.528830254
            ],
            [
              13.409968473,
              52.528835535
            ],
            [
              13.409889961,
              52.528851361
            ],
            [
              13.409811464,
              52.528867195
            ],
            [
              13.409785298,
              52.528872467
            ],
            [
              13.409714338,
              52.528886778
            ],
            [
              13.409397014,
              52.528950764
            ],
            [
              13.409305229,
              52.528971732
            ],
            [
              13.409270224,
              52.528979728
            ],
            [
              13.409056148,
              52.529028635
            ],
            [
              13.409013427,
              52.529038397
            ],
            [
              13.409002481,
              52.529040902
            ],
            [
              13.408743751,
              52.529100015
            ],
            [
              13.408573841,
              52.529138838
            ],
            [
              13.408394459,
              52.529179819
            ],
            [
              13.408189184,
              52.529227527
            ],
            [
              13.408157624,
              52.52923286
            ],
            [
              13.408005519,
              52.529258577
            ],
            [
              13.407691003,
              52.529311052
            ],
            [
              13.407505092,
              52.529343221
            ],
            [
              13.407438815,
              52.529354691
            ],
            [
              13.407414688,
              52.52935887
            ],
            [
              13.407232232,
              52.52938958
            ],
            [
              13.407207191,
              52.529393793
            ],
            [
              13.407112321,
              52.529409496
            ],
            [
              13.406870598,
              52.529449505
            ],
            [
              13.406869985,
              52.5294483
            ],
            [
              13.406765484,
              52.5294658
            ],
            [
              13.406732096,
              52.52947139
            ],
            [
              13.406625191,
              52.529489281
            ],
            [
              13.406625541,
              52.529490064
            ],
            [
              13.406512473,
              52.529508779
            ],
            [
              13.406478259,
              52.52951444
            ],
            [
              13.406366724,
              52.529532897
            ],
            [
              13.406184693,
              52.529563903
            ],
            [
              13.406145154,
              52.529570641
            ],
            [
              13.406133902,
              52.529572553
            ],
            [
              13.406042333,
              52.529588153
            ],
            [
              13.405900414,
              52.529612323
            ],
            [
              13.405618426,
              52.529659515
            ],
            [
              13.405585745,
              52.529664989
            ],
            [
              13.40559483,
              52.529683968
            ],
            [
              13.405802833,
              52.530118405
            ],
            [
              13.405895709,
              52.5303124
            ],
            [
              13.405916227,
              52.530355268
            ],
            [
              13.405928374,
              52.530380623
            ],
            [
              13.405950687,
              52.530412315
            ],
            [
              13.406057627,
              52.530564198
            ],
            [
              13.406063363,
              52.53057236
            ],
            [
              13.406086422,
              52.530605104
            ],
            [
              13.406044674,
              52.53068196
            ],
            [
              13.406018974,
              52.530729289
            ],
            [
              13.405991057,
              52.530780676
            ],
            [
              13.406045951,
              52.530953292
            ],
            [
              13.406051798,
              52.530971699
            ],
            [
              13.406061736,
              52.531008589
            ],
            [
              13.406089642,
              52.531112138
            ],
            [
              13.406097816,
              52.531142492
            ],
            [
              13.406102653,
              52.531159378
            ],
            [
              13.406134093,
              52.531269315
            ],
            [
              13.406135484,
              52.53127417
            ],
            [
              13.406140509,
              52.53129173
            ],
            [
              13.406160031,
              52.531359947
            ],
            [
              13.406196294,
              52.531486706
            ],
            [
              13.406203173,
              52.531510758
            ],
            [
              13.406205085,
              52.531517412
            ],
            [
              13.40620675,
              52.531523256
            ],
            [
              13.406212196,
              52.5315423
            ],
            [
              13.406251081,
              52.531678194
            ],
            [
              13.406271327,
              52.531748974
            ],
            [
              13.406277613,
              52.531770948
            ],
            [
              13.406297425,
              52.531840199
            ],
            [
              13.406347896,
              52.532016609
            ],
            [
              13.406362292,
              52.532066906
            ],
            [
              13.406367549,
              52.532085275
            ],
            [
              13.406379546,
              52.532140933
            ],
            [
              13.406411805,
              52.532290718
            ],
            [
              13.406424248,
              52.532348461
            ],
            [
              13.406439597,
              52.532364369
            ],
            [
              13.406475807,
              52.532401919
            ],
            [
              13.406521913,
              52.532449714
            ],
            [
              13.406538597,
              52.532466999
            ],
            [
              13.406574148,
              52.532503847
            ],
            [
              13.40668904,
              52.532622961
            ],
            [
              13.406799417,
              52.532737376
            ],
            [
              13.406912917,
              52.532855031
            ],
            [
              13.406936242,
              52.532879213
            ],
            [
              13.407001789,
              52.532947146
            ],
            [
              13.407003108,
              52.532948524
            ],
            [
              13.407005117,
              52.532950594
            ],
            [
              13.407026433,
              52.532972705
            ],
            [
              13.407106949,
              52.533056168
            ],
            [
              13.407161867,
              52.533113083
            ],
            [
              13.4071799,
              52.533131781
            ],
            [
              13.407204993,
              52.533159003
            ],
            [
              13.407299443,
              52.533261481
            ],
            [
              13.407335998,
              52.533301143
            ],
            [
              13.407350571,
              52.533316222
            ],
            [
              13.407476845,
              52.533446913
            ],
            [
              13.407482724,
              52.53345299
            ],
            [
              13.407499657,
              52.533470518
            ],
            [
              13.40757997,
              52.53355363
            ],
            [
              13.407660591,
              52.533637058
            ],
            [
              13.407677305,
              52.533654352
            ],
            [
              13.407683301,
              52.533660563
            ],
            [
              13.408180947,
              52.534175548
            ],
            [
              13.408222706,
              52.534218167
            ],
            [
              13.408309405,
              52.534306628
            ],
            [
              13.408349874,
              52.534347924
            ],
            [
              13.408301295,
              52.534367074
            ],
            [
              13.408165258,
              52.534420715
            ],
            [
              13.408115941,
              52.534440161
            ],
            [
              13.407803567,
              52.534563984
            ],
            [
              13.407675192,
              52.534614871
            ],
            [
              13.407649927,
              52.534624889
            ],
            [
              13.407608568,
              52.534641276
            ],
            [
              13.407565746,
              52.534658253
            ],
            [
              13.407535121,
              52.534670391
            ],
            [
              13.407486172,
              52.534689801
            ],
            [
              13.407446247,
              52.534761421
            ],
            [
              13.407361354,
              52.534913774
            ],
            [
              13.407345696,
              52.534941864
            ],
            [
              13.407323168,
              52.534982288
            ],
            [
              13.407298008,
              52.535027426
            ],
            [
              13.40728696,
              52.535047265
            ],
            [
              13.407262141,
              52.535091792
            ],
            [
              13.407190363,
              52.535220607
            ],
            [
              13.407180846,
              52.535237663
            ],
            [
              13.407177188,
              52.535244235
            ],
            [
              13.407129514,
              52.535329779
            ],
            [
              13.40711967,
              52.535347446
            ],
            [
              13.407114808,
              52.535356172
            ],
            [
              13.407051802,
              52.535469231
            ],
            [
              13.406976409,
              52.535604518
            ],
            [
              13.406917552,
              52.535710125
            ],
            [
              13.406882128,
              52.535791918
            ],
            [
              13.406855142,
              52.535854243
            ],
            [
              13.406838921,
              52.535891678
            ],
            [
              13.40678234,
              52.536022335
            ],
            [
              13.406778866,
              52.536030372
            ],
            [
              13.406748167,
              52.536101398
            ],
            [
              13.406712225,
              52.53617165
            ],
            [
              13.406707805,
              52.536180296
            ],
            [
              13.406691925,
              52.536211333
            ],
            [
              13.406591599,
              52.536407484
            ],
            [
              13.406577371,
              52.536435315
            ],
            [
              13.406561981,
              52.536465392
            ],
            [
              13.406546176,
              52.536496294
            ],
            [
              13.406531799,
              52.536524413
            ],
            [
              13.406499591,
              52.536587384
            ],
            [
              13.406483309,
              52.536619193
            ],
            [
              13.406466432,
              52.536652196
            ],
            [
              13.406419624,
              52.536743726
            ],
            [
              13.406404428,
              52.536773434
            ],
            [
              13.406401526,
              52.536779099
            ],
            [
              13.40633796,
              52.536903381
            ],
            [
              13.406324445,
              52.536929794
            ],
            [
              13.406255699,
              52.537064176
            ],
            [
              13.406236827,
              52.537101094
            ],
            [
              13.406175983,
              52.537220052
            ],
            [
              13.406156143,
              52.537258827
            ],
            [
              13.406143328,
              52.537283885
            ],
            [
              13.406088012,
              52.537393812
            ],
            [
              13.406068734,
              52.537432113
            ],
            [
              13.40603198,
              52.537505159
            ],
            [
              13.406020399,
              52.537528196
            ],
            [
              13.405949644,
              52.537668811
            ],
            [
              13.405939105,
              52.537689766
            ],
            [
              13.405904792,
              52.537757954
            ],
            [
              13.405885171,
              52.537796964
            ],
            [
              13.405814036,
              52.537784331
            ],
            [
              13.405782096,
              52.537849415
            ],
            [
              13.405762903,
              52.537888515
            ],
            [
              13.405745794,
              52.537923396
            ],
            [
              13.405504954,
              52.538414211
            ],
            [
              13.405483318,
              52.538458294
            ],
            [
              13.405461578,
              52.538502602
            ],
            [
              13.40551878,
              52.538513699
            ],
            [
              13.405415294,
              52.538720618
            ],
            [
              13.405363048,
              52.538711588
            ],
            [
              13.405302504,
              52.538825648
            ],
            [
              13.405357201,
              52.538836759
            ],
            [
              13.40532278,
              52.538905594
            ],
            [
              13.40524956,
              52.539052
            ],
            [
              13.405177978,
              52.539195128
            ],
            [
              13.405134155,
              52.539286996
            ],
            [
              13.405122864,
              52.539310673
            ],
            [
              13.405100743,
              52.539357064
            ],
            [
              13.405082332,
              52.539395672
            ],
            [
              13.405068971,
              52.539423658
            ],
            [
              13.40502266,
              52.539520769
            ],
            [
              13.404990708,
              52.539587775
            ],
            [
              13.404980743,
              52.539608641
            ],
            [
              13.404946378,
              52.539680712
            ],
            [
              13.404914485,
              52.539747592
            ],
            [
              13.404905667,
              52.539766061
            ],
            [
              13.404879599,
              52.539820704
            ],
            [
              13.404870065,
              52.539840708
            ],
            [
              13.404838977,
              52.539905892
            ],
            [
              13.404828892,
              52.539927045
            ],
            [
              13.404795897,
              52.539996224
            ],
            [
              13.404704554,
              52.540187717
            ],
            [
              13.404607384,
              52.540228109
            ],
            [
              13.404475623,
              52.540282877
            ],
            [
              13.404190772,
              52.540401269
            ],
            [
              13.403875668,
              52.54031162
            ],
            [
              13.403668,
              52.540253086
            ],
            [
              13.403524798,
              52.540212557
            ],
            [
              13.403457538,
              52.540193558
            ],
            [
              13.403201893,
              52.540121202
            ],
            [
              13.40311138,
              52.540095581
            ],
            [
              13.403021589,
              52.540070105
            ],
            [
              13.402858534,
              52.54002384
            ],
            [
              13.402506053,
              52.539923693
            ],
            [
              13.402153424,
              52.539823813
            ],
            [
              13.402077983,
              52.539802525
            ],
            [
              13.40198435,
              52.539776107
            ],
            [
              13.401800059,
              52.539724111
            ],
            [
              13.401736363,
              52.539706107
            ],
            [
              13.401588321,
              52.539664263
            ],
            [
              13.40152255,
              52.539645679
            ],
            [
              13.401354329,
              52.539598558
            ],
            [
              13.401168139,
              52.539546405
            ],
            [
              13.400965544,
              52.539488855
            ],
            [
              13.400732987,
              52.539422316
            ],
            [
              13.400613693,
              52.539388182
            ],
            [
              13.400563316,
              52.539373878
            ],
            [
              13.400161887,
              52.539261705
            ],
            [
              13.399911402,
              52.539191292
            ],
            [
              13.399763348,
              52.539149671
            ],
            [
              13.399511686,
              52.539079093
            ],
            [
              13.399449329,
              52.53906162
            ],
            [
              13.399387326,
              52.539044256
            ],
            [
              13.399259038,
              52.539008315
            ],
            [
              13.399195313,
              52.5389904
            ],
            [
              13.399045274,
              52.538948207
            ],
            [
              13.398989129,
              52.538932427
            ],
            [
              13.398978489,
              52.538929432
            ],
            [
              13.398831835,
              52.538888135
            ],
            [
              13.398769892,
              52.53887069
            ],
            [
              13.398713732,
              52.538854873
            ],
            [
              13.398524916,
              52.538801669
            ],
            [
              13.397963177,
              52.53864359
            ],
            [
              13.397786871,
              52.538594093
            ],
            [
              13.397610125,
              52.538544146
            ],
            [
              13.397441768,
              52.538496551
            ],
            [
              13.397273259,
              52.538449854
            ],
            [
              13.397105197,
              52.538402349
            ],
            [
              13.396903581,
              52.538345612
            ],
            [
              13.396805866,
              52.538317564
            ],
            [
              13.39662368,
              52.538265448
            ],
            [
              13.396505255,
              52.538232444
            ],
            [
              13.396336264,
              52.538185359
            ],
            [
              13.395858913,
              52.538084103
            ],
            [
              13.395689561,
              52.538035875
            ],
            [
              13.395630108,
              52.538018945
            ],
            [
              13.395543828,
              52.537994378
            ],
            [
              13.395188084,
              52.53789307
            ],
            [
              13.394996748,
              52.537838588
            ],
            [
              13.394797863,
              52.537781943
            ],
            [
              13.394607101,
              52.537727623
            ],
            [
              13.394527327,
              52.53770491
            ],
            [
              13.394395562,
              52.537667385
            ],
            [
              13.394213202,
              52.53761575
            ],
            [
              13.394015377,
              52.537559734
            ],
            [
              13.393891278,
              52.537524596
            ],
            [
              13.393768622,
              52.537489864
            ],
            [
              13.393517498,
              52.537418763
            ],
            [
              13.393264156,
              52.537282217
            ],
            [
              13.393227592,
              52.53726277
            ],
            [
              13.39307564,
              52.53716662
            ],
            [
              13.392992738,
              52.53711437
            ],
            [
              13.392901008,
              52.53705655
            ],
            [
              13.392755695,
              52.53696496
            ],
            [
              13.392698748,
              52.536929072
            ],
            [
              13.392579801,
              52.536854096
            ],
            [
              13.392457598,
              52.536776291
            ],
            [
              13.392347454,
              52.536703364
            ],
            [
              13.39222004,
              52.536624605
            ],
            [
              13.392155752,
              52.536583562
            ],
            [
              13.392089556,
              52.536541293
            ],
            [
              13.391964286,
              52.536461308
            ],
            [
              13.391931841,
              52.536440592
            ],
            [
              13.391904038,
              52.536422834
            ],
            [
              13.391766798,
              52.536335213
            ],
            [
              13.391486476,
              52.536156211
            ],
            [
              13.391485242,
              52.536155417
            ],
            [
              13.391321714,
              52.536051002
            ],
            [
              13.391320569,
              52.536050271
            ],
            [
              13.391314591,
              52.536046458
            ],
            [
              13.391280399,
              52.536024625
            ],
            [
              13.391278358,
              52.536023318
            ],
            [
              13.391277565,
              52.536022813
            ],
            [
              13.391072459,
              52.53589184
            ],
            [
              13.390864872,
              52.535759289
            ],
            [
              13.390649208,
              52.535621572
            ],
            [
              13.390599108,
              52.535590181
            ],
            [
              13.390534996,
              52.53555
            ],
            [
              13.390424529,
              52.535480772
            ],
            [
              13.390374164,
              52.535457496
            ],
            [
              13.390332455,
              52.535438819
            ],
            [
              13.390198169,
              52.53537871
            ],
            [
              13.390149389,
              52.535356874
            ],
            [
              13.390059153,
              52.535277469
            ],
            [
              13.390006701,
              52.535231299
            ],
            [
              13.389812194,
              52.535060148
            ],
            [
              13.389758408,
              52.535012807
            ],
            [
              13.389631725,
              52.534901346
            ],
            [
              13.389502989,
              52.534788046
            ],
            [
              13.389455466,
              52.534746227
            ],
            [
              13.388340039,
              52.533764609
            ],
            [
              13.388236336,
              52.533620705
            ],
            [
              13.388187465,
              52.533553541
            ],
            [
              13.388119842,
              52.533460592
            ],
            [
              13.387956526,
              52.533236121
            ],
            [
              13.387730833,
              52.533139267
            ],
            [
              13.387671648,
              52.533183451
            ],
            [
              13.387623707,
              52.5332193
            ],
            [
              13.387601586,
              52.533235845
            ],
            [
              13.387558484,
              52.533268064
            ],
            [
              13.387259415,
              52.533491664
            ],
            [
              13.387240726,
              52.533505636
            ],
            [
              13.387046504,
              52.533650815
            ],
            [
              13.386860271,
              52.533790026
            ],
            [
              13.386835117,
              52.533808819
            ],
            [
              13.386377682,
              52.534150745
            ],
            [
              13.386363698,
              52.534161195
            ],
            [
              13.386320846,
              52.534193225
            ],
            [
              13.386306877,
              52.534203666
            ],
            [
              13.386192554,
              52.534289121
            ],
            [
              13.384897756,
              52.535420131
            ],
            [
              13.384636489,
              52.53563033
            ],
            [
              13.384418873,
              52.535805409
            ],
            [
              13.384343719,
              52.535865879
            ],
            [
              13.384319679,
              52.535885213
            ],
            [
              13.383938235,
              52.536192085
            ],
            [
              13.383511682,
              52.536532265
            ],
            [
              13.383475711,
              52.536560957
            ],
            [
              13.383449614,
              52.536581761
            ],
            [
              13.383438645,
              52.536590509
            ],
            [
              13.383358208,
              52.536659603
            ],
            [
              13.383037393,
              52.53693517
            ],
            [
              13.382611923,
              52.537300628
            ],
            [
              13.382517387,
              52.537381842
            ],
            [
              13.382369346,
              52.53750919
            ],
            [
              13.382217026,
              52.537639827
            ],
            [
              13.382101164,
              52.537739347
            ],
            [
              13.382095388,
              52.537744304
            ],
            [
              13.381124112,
              52.538679559
            ],
            [
              13.38063792,
              52.539147249
            ],
            [
              13.380010198,
              52.539754212
            ],
            [
              13.37995193,
              52.539828813
            ],
            [
              13.379870801,
              52.539932663
            ],
            [
              13.379835915,
              52.539977253
            ],
            [
              13.379781283,
              52.540047414
            ],
            [
              13.379710749,
              52.540114665
            ],
            [
              13.37966726,
              52.540111214
            ],
            [
              13.379547443,
              52.540101707
            ],
            [
              13.379515401,
              52.54009916
            ],
            [
              13.379513456,
              52.540104189
            ],
            [
              13.379460133,
              52.540072445
            ],
            [
              13.379014606,
              52.539806331
            ],
            [
              13.377820601,
              52.539094683
            ],
            [
              13.37760983,
              52.538969049
            ],
            [
              13.377398855,
              52.53884353
            ],
            [
              13.376542654,
              52.538334085
            ],
            [
              13.376127502,
              52.538087102
            ],
            [
              13.376167069,
              52.538062042
            ],
            [
              13.375900706,
              52.5379046
            ],
            [
              13.375717104,
              52.537795474
            ],
            [
              13.37558112,
              52.537714793
            ],
            [
              13.375486058,
              52.537658389
            ],
            [
              13.375205442,
              52.537491821
            ],
            [
              13.374925856,
              52.537325866
            ],
            [
              13.374712799,
              52.537159792
            ],
            [
              13.374650251,
              52.537111122
            ],
            [
              13.374546149,
              52.537033122
            ],
            [
              13.374318545,
              52.537173537
            ],
            [
              13.374175333,
              52.537261721
            ],
            [
              13.373947269,
              52.537402323
            ],
            [
              13.373750545,
              52.537523373
            ],
            [
              13.373743283,
              52.537527842
            ],
            [
              13.373699682,
              52.537554654
            ],
            [
              13.373428786,
              52.537736151
            ],
            [
              13.373205292,
              52.5378859
            ],
            [
              13.373002708,
              52.538023328
            ],
            [
              13.3729822,
              52.53803724
            ],
            [
              13.372344794,
              52.537739047
            ],
            [
              13.372158509,
              52.5376519
            ],
            [
              13.371950678,
              52.537554677
            ],
            [
              13.369365121,
              52.536345017
            ],
            [
              13.368606674,
              52.535990277
            ],
            [
              13.367883264,
              52.536621231
            ],
            [
              13.367820699,
              52.536591771
            ],
            [
              13.367738294,
              52.536552967
            ],
            [
              13.367661048,
              52.536516591
            ],
            [
              13.36756346,
              52.536470816
            ],
            [
              13.367483217,
              52.536432807
            ],
            [
              13.367402532,
              52.536394797
            ],
            [
              13.3673217,
              52.536356787
            ],
            [
              13.367241015,
              52.536318777
            ],
            [
              13.36716033,
              52.536280767
            ],
            [
              13.367079646,
              52.536242667
            ],
            [
              13.366998962,
              52.536204656
            ],
            [
              13.366918131,
              52.536166646
            ],
            [
              13.366837447,
              52.536128635
            ],
            [
              13.366701945,
              52.536064803
            ],
            [
              13.366648331,
              52.536007351
            ],
            [
              13.366625176,
              52.535982767
            ],
            [
              13.366560326,
              52.535913878
            ],
            [
              13.366463258,
              52.535877871
            ],
            [
              13.366385555,
              52.535849366
            ],
            [
              13.365860331,
              52.535660446
            ],
            [
              13.365864185,
              52.53565659
            ],
            [
              13.36598465,
              52.535539348
            ],
            [
              13.366217246,
              52.535312959
            ],
            [
              13.366547193,
              52.534991824
            ],
            [
              13.366644916,
              52.534896719
            ],
            [
              13.366664511,
              52.534877692
            ],
            [
              13.366866478,
              52.534681062
            ],
            [
              13.367172937,
              52.534382816
            ],
            [
              13.367491828,
              52.534072419
            ],
            [
              13.367572503,
              52.533993901
            ],
            [
              13.367688141,
              52.533881338
            ],
            [
              13.36776665,
              52.533804917
            ],
            [
              13.3678431,
              52.533730505
            ],
            [
              13.36790203,
              52.533673148
            ],
            [
              13.368226587,
              52.533357208
            ],
            [
              13.368243706,
              52.533340503
            ],
            [
              13.368288332,
              52.533297106
            ],
            [
              13.368504264,
              52.533264597
            ],
            [
              13.368851225,
              52.532926508
            ],
            [
              13.368931569,
              52.53284832
            ],
            [
              13.368984489,
              52.532795145
            ],
            [
              13.369055874,
              52.5327218
            ],
            [
              13.369131507,
              52.532642479
            ],
            [
              13.369180402,
              52.532587067
            ],
            [
              13.369242244,
              52.532522606
            ],
            [
              13.369286838,
              52.532474293
            ],
            [
              13.369529254,
              52.532203436
            ],
            [
              13.369614777,
              52.532106028
            ],
            [
              13.36983756,
              52.531847889
            ],
            [
              13.369933979,
              52.531731498
            ],
            [
              13.369940465,
              52.531723433
            ],
            [
              13.369963844,
              52.531694386
            ],
            [
              13.369969484,
              52.531687379
            ],
            [
              13.369973373,
              52.531682535
            ],
            [
              13.370061335,
              52.53157345
            ],
            [
              13.370139582,
              52.531469735
            ],
            [
              13.370181465,
              52.531413562
            ],
            [
              13.370273052,
              52.531288901
            ],
            [
              13.370339526,
              52.531197697
            ],
            [
              13.370409026,
              52.531100452
            ],
            [
              13.370479178,
              52.531000072
            ],
            [
              13.370484929,
              52.530991799
            ],
            [
              13.370505644,
              52.530962017
            ],
            [
              13.370511172,
              52.530954058
            ],
            [
              13.370514619,
              52.530949096
            ],
            [
              13.370589552,
              52.530842435
            ],
            [
              13.37068666,
              52.530705565
            ],
            [
              13.37076056,
              52.530606496
            ],
            [
              13.370832462,
              52.530508968
            ],
            [
              13.370879288,
              52.53044868
            ],
            [
              13.370899219,
              52.530454843
            ],
            [
              13.370936874,
              52.530408194
            ],
            [
              13.37097301,
              52.530366862
            ],
            [
              13.371014955,
              52.530319765
            ],
            [
              13.371068195,
              52.530261297
            ],
            [
              13.371111717,
              52.530214184
            ],
            [
              13.37111575,
              52.530209996
            ],
            [
              13.371172211,
              52.5301499
            ],
            [
              13.371198882,
              52.530121937
            ],
            [
              13.371207437,
              52.530112978
            ],
            [
              13.371237845,
              52.530081007
            ],
            [
              13.371279643,
              52.530038762
            ],
            [
              13.37135701,
              52.529959074
            ],
            [
              13.371670287,
              52.529645563
            ],
            [
              13.371893824,
              52.529423502
            ],
            [
              13.372109341,
              52.529209422
            ],
            [
              13.372154166,
              52.529165988
            ],
            [
              13.372195259,
              52.529128153
            ],
            [
              13.372223414,
              52.529103312
            ],
            [
              13.372251235,
              52.529080267
            ],
            [
              13.372232506,
              52.529072768
            ],
            [
              13.372344858,
              52.528976279
            ],
            [
              13.372374943,
              52.528951451
            ],
            [
              13.372873336,
              52.52855342
            ],
            [
              13.37302826,
              52.528427869
            ],
            [
              13.373115922,
              52.528355464
            ],
            [
              13.373201849,
              52.528282372
            ],
            [
              13.373226035,
              52.528260883
            ],
            [
              13.373243644,
              52.528245356
            ],
            [
              13.373285306,
              52.528208286
            ],
            [
              13.373325748,
              52.528170728
            ],
            [
              13.373365897,
              52.528132954
            ],
            [
              13.373404001,
              52.528094456
            ],
            [
              13.373547545,
              52.527946072
            ],
            [
              13.373564574,
              52.527952031
            ],
            [
              13.373572798,
              52.527941453
            ],
            [
              13.373582076,
              52.527929458
            ],
            [
              13.37358387,
              52.527927563
            ],
            [
              13.373585914,
              52.527925765
            ],
            [
              13.373588078,
              52.52792402
            ],
            [
              13.373590471,
              52.52792239
            ],
            [
              13.373592972,
              52.527920821
            ],
            [
              13.373595676,
              52.527919383
            ],
            [
              13.373598476,
              52.527918015
            ],
            [
              13.373601451,
              52.527916793
            ],
            [
              13.37360295,
              52.527916468
            ],
            [
              13.37360449,
              52.527916224
            ],
            [
              13.373606046,
              52.527916021
            ],
            [
              13.373607625,
              52.527915901
            ],
            [
              13.373609211,
              52.527915824
            ],
            [
              13.373610802,
              52.527915831
            ],
            [
              13.373612391,
              52.527915881
            ],
            [
              13.373613967,
              52.527916015
            ],
            [
              13.373615532,
              52.527916191
            ],
            [
              13.373617065,
              52.527916449
            ],
            [
              13.373618579,
              52.527916747
            ],
            [
              13.373620045,
              52.527917126
            ],
            [
              13.373621481,
              52.527917542
            ],
            [
              13.373622853,
              52.527918034
            ],
            [
              13.373645167,
              52.527924785
            ],
            [
              13.37365431,
              52.527915719
            ],
            [
              13.37366285,
              52.52791935
            ],
            [
              13.373665239,
              52.527916453
            ],
            [
              13.373668088,
              52.527913008
            ],
            [
              13.373695504,
              52.527875458
            ],
            [
              13.373748732,
              52.527802574
            ],
            [
              13.373824252,
              52.527699139
            ],
            [
              13.373837161,
              52.52768344
            ],
            [
              13.373817451,
              52.527677467
            ],
            [
              13.373814868,
              52.527676698
            ],
            [
              13.373812399,
              52.5276758
            ],
            [
              13.373809994,
              52.527674839
            ],
            [
              13.373807729,
              52.52767376
            ],
            [
              13.37380554,
              52.527672623
            ],
            [
              13.373803515,
              52.527671379
            ],
            [
              13.373801577,
              52.527670084
            ],
            [
              13.373799824,
              52.527668694
            ],
            [
              13.373798167,
              52.527667262
            ],
            [
              13.373796713,
              52.527665749
            ],
            [
              13.373795231,
              52.527664038
            ],
            [
              13.373794014,
              52.527662251
            ],
            [
              13.373792934,
              52.527660431
            ],
            [
              13.373792135,
              52.527658559
            ],
            [
              13.373791478,
              52.527656665
            ],
            [
              13.373791111,
              52.527654743
            ],
            [
              13.37379089,
              52.527652813
            ],
            [
              13.373790963,
              52.527650878
            ],
            [
              13.373791182,
              52.527648947
            ],
            [
              13.373791693,
              52.527647037
            ],
            [
              13.373800392,
              52.527620456
            ],
            [
              13.373765348,
              52.527616247
            ],
            [
              13.37378817,
              52.527542067
            ],
            [
              13.373806214,
              52.527478931
            ],
            [
              13.373821447,
              52.527417855
            ],
            [
              13.373834796,
              52.527351293
            ],
            [
              13.373841644,
              52.527287683
            ],
            [
              13.373843506,
              52.527220109
            ],
            [
              13.373840909,
              52.527159085
            ],
            [
              13.373834464,
              52.527101287
            ],
            [
              13.373818807,
              52.527030979
            ],
            [
              13.373796653,
              52.526963174
            ],
            [
              13.373760488,
              52.526897674
            ],
            [
              13.373718254,
              52.526837105
            ],
            [
              13.373674824,
              52.526779498
            ],
            [
              13.373622839,
              52.526723581
            ],
            [
              13.373565827,
              52.526670618
            ],
            [
              13.373504969,
              52.526620343
            ],
            [
              13.373436294,
              52.526571579
            ],
            [
              13.373367156,
              52.526526319
            ],
            [
              13.373040115,
              52.526526409
            ],
            [
              13.371431227,
              52.526526913
            ],
            [
              13.371051054,
              52.526527027
            ],
            [
              13.371003895,
              52.526498375
            ],
            [
              13.371001434,
              52.526224343
            ],
            [
              13.370996373,
              52.52566236
            ],
            [
              13.370993884,
              52.525385776
            ],
            [
              13.370992575,
              52.525235599
            ],
            [
              13.371318072,
              52.525037754
            ],
            [
              13.371338196,
              52.525025531
            ],
            [
              13.371372573,
              52.525004567
            ],
            [
              13.371641563,
              52.524834637
            ],
            [
              13.371665874,
              52.524819269
            ],
            [
              13.371720826,
              52.524784519
            ],
            [
              13.371720779,
              52.524408478
            ],
            [
              13.371720753,
              52.524300918
            ],
            [
              13.371720721,
              52.524143645
            ],
            [
              13.371720639,
              52.523781299
            ],
            [
              13.371720622,
              52.52364943
            ],
            [
              13.371720577,
              52.523606295
            ],
            [
              13.371768887,
              52.523606255
            ],
            [
              13.371767415,
              52.523573029
            ],
            [
              13.371736535,
              52.523547468
            ],
            [
              13.371696456,
              52.523388023
            ],
            [
              13.371696321,
              52.523368118
            ],
            [
              13.371696161,
              52.523344752
            ],
            [
              13.371695895,
              52.523304169
            ],
            [
              13.371692506,
              52.522787894
            ],
            [
              13.371692469,
              52.522781603
            ],
            [
              13.371694251,
              52.522781706
            ],
            [
              13.371803544,
              52.522786066
            ],
            [
              13.371912569,
              52.522788341
            ],
            [
              13.372019914,
              52.522788329
            ],
            [
              13.37204758,
              52.522788695
            ],
            [
              13.372315366,
              52.52278874
            ],
            [
              13.372369154,
              52.522786474
            ],
            [
              13.372393117,
              52.522785232
            ],
            [
              13.372450367,
              52.522783117
            ],
            [
              13.372519118,
              52.522779293
            ],
            [
              13.372587859,
              52.522774741
            ],
            [
              13.372675707,
              52.522767821
            ],
            [
              13.372722566,
              52.522763877
            ],
            [
              13.372777932,
              52.522758757
            ],
            [
              13.372859673,
              52.522750629
            ],
            [
              13.372931864,
              52.522742965
            ],
            [
              13.372989024,
              52.522735962
            ],
            [
              13.373063555,
              52.5227262
            ],
            [
              13.373142677,
              52.522715038
            ],
            [
              13.373214699,
              52.522703483
            ],
            [
              13.373253499,
              52.52269688
            ],
            [
              13.373256317,
              52.522696185
            ],
            [
              13.373297863,
              52.522688653
            ],
            [
              13.373346566,
              52.522679178
            ],
            [
              13.373428198,
              52.522661766
            ],
            [
              13.373469003,
              52.522652292
            ],
            [
              13.373520035,
              52.522639972
            ],
            [
              13.373552777,
              52.522631388
            ],
            [
              13.373622544,
              52.522614751
            ],
            [
              13.373678335,
              52.522597221
            ],
            [
              13.373772502,
              52.522570076
            ],
            [
              13.373851539,
              52.522545154
            ],
            [
              13.373955058,
              52.522510813
            ],
            [
              13.374024053,
              52.522487587
            ],
            [
              13.374083679,
              52.522466641
            ],
            [
              13.374135029,
              52.52244751
            ],
            [
              13.374209633,
              52.522417214
            ],
            [
              13.37423282,
              52.522407405
            ],
            [
              13.374277364,
              52.52238826
            ],
            [
              13.374364609,
              52.522350199
            ],
            [
              13.374460809,
              52.522307341
            ],
            [
              13.374529349,
              52.522275953
            ],
            [
              13.37459819,
              52.522243371
            ],
            [
              13.374678736,
              52.522204478
            ],
            [
              13.374765189,
              52.522160377
            ],
            [
              13.37482517,
              52.52212889
            ],
            [
              13.374892451,
              52.522093347
            ],
            [
              13.374953783,
              52.52205985
            ],
            [
              13.374988883,
              52.522040676
            ],
            [
              13.375141106,
              52.521957245
            ],
            [
              13.375169703,
              52.521941678
            ],
            [
              13.37526637,
              52.521891577
            ],
            [
              13.375322051,
              52.521862174
            ],
            [
              13.375368608,
              52.521830749
            ],
            [
              13.375419791,
              52.521791554
            ],
            [
              13.375463878,
              52.521749272
            ],
            [
              13.375483088,
              52.52172886
            ],
            [
              13.375539976,
              52.521665823
            ],
            [
              13.375554639,
              52.52164958
            ],
            [
              13.37563608,
              52.521559339
            ],
            [
              13.375852259,
              52.521319812
            ],
            [
              13.375875055,
              52.521293298
            ],
            [
              13.37589427,
              52.521265748
            ],
            [
              13.375911646,
              52.521237748
            ],
            [
              13.375925264,
              52.521208984
            ],
            [
              13.375936966,
              52.521179908
            ],
            [
              13.375944786,
              52.521150351
            ],
            [
              13.375981533,
              52.520991808
            ],
            [
              13.375992315,
              52.520947222
            ],
            [
              13.376002937,
              52.520902622
            ],
            [
              13.376013478,
              52.520858015
            ],
            [
              13.37602386,
              52.520813393
            ],
            [
              13.376034163,
              52.520768765
            ],
            [
              13.376044305,
              52.520724124
            ],
            [
              13.376054367,
              52.520679475
            ],
            [
              13.376064269,
              52.520634813
            ],
            [
              13.376068927,
              52.520613669
            ],
            [
              13.37607469,
              52.520587279
            ],
            [
              13.376081824,
              52.520554436
            ],
            [
              13.376088872,
              52.520521587
            ],
            [
              13.376095877,
              52.520488734
            ],
            [
              13.376102795,
              52.520455874
            ],
            [
              13.376112128,
              52.520414807
            ],
            [
              13.37612427,
              52.520374014
            ],
            [
              13.376137807,
              52.520333385
            ],
            [
              13.37615412,
              52.520293137
            ],
            [
              13.376171809,
              52.520253106
            ],
            [
              13.376192228,
              52.520213562
            ],
            [
              13.3762191,
              52.520166197
            ],
            [
              13.376251358,
              52.5201201
            ],
            [
              13.376286252,
              52.520074722
            ],
            [
              13.376326282,
              52.520030952
            ],
            [
              13.376351879,
              52.520004668
            ],
            [
              13.37637911,
              52.519979002
            ],
            [
              13.376407143,
              52.519953659
            ],
            [
              13.376436748,
              52.51992899
            ],
            [
              13.376474595,
              52.51989844
            ],
            [
              13.376513561,
              52.519868417
            ],
            [
              13.376553079,
              52.519838664
            ],
            [
              13.376593685,
              52.519809461
            ],
            [
              13.376634828,
              52.519780539
            ],
            [
              13.376677029,
              52.51975219
            ],
            [
              13.37671975,
              52.519724133
            ],
            [
              13.376763496,
              52.519696669
            ],
            [
              13.376862196,
              52.519637638
            ],
            [
              13.376860322,
              52.519469281
            ],
            [
              13.376860116,
              52.519451118
            ],
            [
              13.376859854,
              52.519427286
            ],
            [
              13.376857341,
              52.519202859
            ],
            [
              13.37685198,
              52.518722284
            ],
            [
              13.376851888,
              52.518715095
            ],
            [
              13.376849133,
              52.518468507
            ],
            [
              13.376849055,
              52.518461318
            ],
            [
              13.376843694,
              52.51798085
            ],
            [
              13.376881523,
              52.517791404
            ],
            [
              13.376892462,
              52.517769141
            ],
            [
              13.376962643,
              52.517626151
            ],
            [
              13.37719318,
              52.517156579
            ],
            [
              13.377196239,
              52.517148353
            ],
            [
              13.377198011,
              52.517139988
            ],
            [
              13.377199133,
              52.517131582
            ],
            [
              13.377198947,
              52.517123148
            ],
            [
              13.377198108,
              52.517114729
            ],
            [
              13.37719597,
              52.517106396
            ],
            [
              13.377193187,
              52.517098134
            ],
            [
              13.377189138,
              52.51709007
            ],
            [
              13.377184684,
              52.517082474
            ],
            [
              13.377179123,
              52.517075154
            ],
            [
              13.377173025,
              52.517067996
            ],
            [
              13.377165892,
              52.517061203
            ],
            [
              13.377158262,
              52.517054613
            ],
            [
              13.377149687,
              52.517048472
            ],
            [
              13.377140666,
              52.517042573
            ],
            [
              13.377130808,
              52.517037196
            ],
            [
              13.377148718,
              52.517008176
            ],
            [
              13.377162468,
              52.516978323
            ],
            [
              13.377174099,
              52.516948137
            ],
            [
              13.377181429,
              52.516917452
            ],
            [
              13.377186586,
              52.516886603
            ],
            [
              13.377187373,
              52.516855598
            ],
            [
              13.377188747,
              52.516846981
            ],
            [
              13.377189028,
              52.516838324
            ],
            [
              13.377188761,
              52.516829668
            ],
            [
              13.3771874,
              52.516821049
            ],
            [
              13.377185494,
              52.51681247
            ],
            [
              13.377182509,
              52.516804005
            ],
            [
              13.377179082,
              52.516793107
            ],
            [
              13.377174378,
              52.516782388
            ],
            [
              13.377169042,
              52.516771779
            ],
            [
              13.377162468,
              52.516761433
            ],
            [
              13.377155287,
              52.516751237
            ],
            [
              13.37714692,
              52.516741384
            ],
            [
              13.377145393,
              52.516738681
            ],
            [
              13.377143455,
              52.516736078
            ],
            [
              13.377141316,
              52.516733534
            ],
            [
              13.377138793,
              52.516731124
            ],
            [
              13.377136085,
              52.516728791
            ],
            [
              13.377133029,
              52.516726623
            ],
            [
              13.377129807,
              52.516724547
            ],
            [
              13.377126279,
              52.516722665
            ],
            [
              13.377122608,
              52.516720888
            ],
            [
              13.377118678,
              52.51671933
            ],
            [
              13.377114632,
              52.516717887
            ],
            [
              13.37711038,
              52.516716684
            ],
            [
              13.377075957,
              52.516708343
            ],
            [
              13.37696403,
              52.516661979
            ],
            [
              13.376950162,
              52.516655228
            ],
            [
              13.376773588,
              52.516540097
            ],
            [
              13.376753849,
              52.516521939
            ],
            [
              13.37670826,
              52.516474618
            ],
            [
              13.376679319,
              52.516428654
            ],
            [
              13.37665384,
              52.516381933
            ],
            [
              13.376652237,
              52.516378883
            ],
            [
              13.376629376,
              52.516306134
            ],
            [
              13.376671011,
              52.516110396
            ],
            [
              13.376696637,
              52.51606965
            ],
            [
              13.376729163,
              52.516030781
            ],
            [
              13.3767638,
              52.51599422
            ],
            [
              13.376804372,
              52.515960007
            ],
            [
              13.376847758,
              52.515927103
            ],
            [
              13.376896423,
              52.515897073
            ],
            [
              13.376934299,
              52.515876819
            ],
            [
              13.376975174,
              52.515858865
            ],
            [
              13.37701741,
              52.515842124
            ],
            [
              13.377062074,
              52.515827921
            ],
            [
              13.3771078,
              52.515815038
            ],
            [
              13.377155335,
              52.515804878
            ],
            [
              13.37721922,
              52.51578695
            ],
            [
              13.377228664,
              52.515783701
            ],
            [
              13.377237586,
              52.515779943
            ],
            [
              13.377246218,
              52.515775941
            ],
            [
              13.377254219,
              52.515771477
            ],
            [
              13.377278278,
              52.515755636
            ],
            [
              13.377300091,
              52.515738626
            ],
            [
              13.377320721,
              52.515721077
            ],
            [
              13.377338883,
              52.51570254
            ],
            [
              13.377359308,
              52.515670929
            ],
            [
              13.377374159,
              52.515638181
            ],
            [
              13.377369728,
              52.515619444
            ],
            [
              13.377321637,
              52.515415788
            ],
            [
              13.377137447,
              52.51463597
            ],
            [
              13.37709888,
              52.514472738
            ],
            [
              13.376998287,
              52.514046797
            ],
            [
              13.376889108,
              52.513584524
            ],
            [
              13.376774897,
              52.51310095
            ],
            [
              13.37673688,
              52.512939957
            ],
            [
              13.376696518,
              52.512769082
            ],
            [
              13.37677644,
              52.512546115
            ],
            [
              13.376803351,
              52.512470658
            ],
            [
              13.376808171,
              52.512457126
            ],
            [
              13.376761368,
              52.512243057
            ],
            [
              13.376769192,
              52.512239928
            ],
            [
              13.376777952,
              52.512235418
            ],
            [
              13.376805761,
              52.512219804
            ],
            [
              13.376825126,
              52.512194664
            ],
            [
              13.376799713,
              52.512078594
            ],
            [
              13.376792492,
              52.512045554
            ],
            [
              13.37673795,
              52.511796178
            ],
            [
              13.376736012,
              52.511787269
            ],
            [
              13.376734447,
              52.511780148
            ],
            [
              13.376724125,
              52.511732938
            ],
            [
              13.376722761,
              52.511726698
            ],
            [
              13.376720005,
              52.511714102
            ],
            [
              13.376717506,
              52.511702702
            ],
            [
              13.376698871,
              52.511617542
            ],
            [
              13.376694779,
              52.511598842
            ],
            [
              13.37667613,
              52.511513601
            ],
            [
              13.376673632,
              52.5115022
            ],
            [
              13.376670904,
              52.511489739
            ],
            [
              13.376668794,
              52.511480101
            ],
            [
              13.376662462,
              52.51145116
            ],
            [
              13.376660682,
              52.511443051
            ],
            [
              13.376654652,
              52.51141544
            ],
            [
              13.376652872,
              52.511407331
            ],
            [
              13.376646871,
              52.5113799
            ],
            [
              13.376574126,
              52.511047496
            ],
            [
              13.376569661,
              52.511027105
            ],
            [
              13.376527511,
              52.510834461
            ],
            [
              13.37649234,
              52.510673437
            ],
            [
              13.376476117,
              52.510599336
            ],
            [
              13.376473432,
              52.510587055
            ],
            [
              13.376454539,
              52.510500789
            ],
            [
              13.376451869,
              52.510488597
            ],
            [
              13.376445495,
              52.510459485
            ],
            [
              13.376439336,
              52.510431353
            ],
            [
              13.376410939,
              52.510301671
            ],
            [
              13.376393111,
              52.510219865
            ],
            [
              13.376391704,
              52.510213383
            ],
            [
              13.376376831,
              52.509005083
            ],
            [
              13.376666065,
              52.508769168
            ],
            [
              13.376751826,
              52.508699272
            ],
            [
              13.376940187,
              52.508545658
            ],
            [
              13.377233114,
              52.508306767
            ],
            [
              13.377248287,
              52.508295718
            ],
            [
              13.377323025,
              52.508234525
            ],
            [
              13.377626414,
              52.507986119
            ],
            [
              13.377649156,
              52.507967502
            ],
            [
              13.377661836,
              52.507957365
            ],
            [
              13.377849242,
              52.507807432
            ],
            [
              13.377944644,
              52.507730169
            ],
            [
              13.378067831,
              52.507630398
            ],
            [
              13.378078321,
              52.507621928
            ],
            [
              13.378174372,
              52.507544342
            ],
            [
              13.378392246,
              52.50736834
            ],
            [
              13.378397173,
              52.50736436
            ],
            [
              13.378439117,
              52.507330479
            ],
            [
              13.378573235,
              52.507222122
            ],
            [
              13.378609631,
              52.507192722
            ],
            [
              13.37861401,
              52.507189182
            ],
            [
              13.378810221,
              52.507030684
            ],
            [
              13.378938135,
              52.506930446
            ],
            [
              13.378941448,
              52.50693057
            ],
            [
              13.379047894,
              52.506934073
            ],
            [
              13.379051855,
              52.506934207
            ],
            [
              13.379085973,
              52.506935329
            ],
            [
              13.379151499,
              52.506937498
            ],
            [
              13.379165311,
              52.50693794
            ],
            [
              13.379189577,
              52.506938754
            ],
            [
              13.379220131,
              52.506939744
            ],
            [
              13.379441859,
              52.506947046
            ],
            [
              13.379464047,
              52.506948351
            ],
            [
              13.382385269,
              52.507119277
            ],
            [
              13.382490314,
              52.507125874
            ],
            [
              13.38250779,
              52.507126971
            ],
            [
              13.384278125,
              52.507238144
            ],
            [
              13.385419662,
              52.507309835
            ],
            [
              13.385485858,
              52.507313538
            ],
            [
              13.385762139,
              52.507329009
            ],
            [
              13.385814848,
              52.507332082
            ],
            [
              13.386650532,
              52.507380511
            ],
            [
              13.386963251,
              52.507398668
            ],
            [
              13.387096201,
              52.507406397
            ],
            [
              13.387920695,
              52.507454793
            ],
            [
              13.387981267,
              52.507458232
            ],
            [
              13.388021903,
              52.507460542
            ],
            [
              13.388136465,
              52.507467046
            ],
            [
              13.38831017,
              52.507476913
            ],
            [
              13.388468328,
              52.507485894
            ],
            [
              13.388488557,
              52.50748704
            ],
            [
              13.388909482,
              52.507510938
            ],
            [
              13.388958982,
              52.507513751
            ],
            [
              13.388967521,
              52.507514235
            ],
            [
              13.389363871,
              52.507537138
            ],
            [
              13.389818672,
              52.507563391
            ],
            [
              13.389953388,
              52.507571497
            ],
            [
              13.389973677,
              52.507572715
            ],
            [
              13.390206478,
              52.507586723
            ],
            [
              13.3903014,
              52.507592125
            ],
            [
              13.390306862,
              52.507592433
            ],
            [
              13.39033117,
              52.50759382
            ],
            [
              13.39038759,
              52.507597024
            ],
            [
              13.390403654,
              52.507597937
            ],
            [
              13.390411781,
              52.507598403
            ],
            [
              13.390494614,
              52.507603115
            ],
            [
              13.390495601,
              52.507603198
            ],
            [
              13.390887284,
              52.507625915
            ],
            [
              13.391731813,
              52.507674955
            ],
            [
              13.391791147,
              52.507678487
            ],
            [
              13.392124483,
              52.507697841
            ],
            [
              13.392451178,
              52.507719876
            ],
            [
              13.392807286,
              52.507741591
            ],
            [
              13.393254708,
              52.507768877
            ],
            [
              13.393404059,
              52.507778014
            ],
            [
              13.393702115,
              52.507796152
            ],
            [
              13.393742692,
              52.507798631
            ],
            [
              13.394058062,
              52.507817854
            ],
            [
              13.394383445,
              52.507837725
            ],
            [
              13.394496224,
              52.507844686
            ],
            [
              13.396058017,
              52.507940509
            ],
            [
              13.396080838,
              52.50794191
            ],
            [
              13.397053059,
              52.508001548
            ],
            [
              13.397363414,
              52.508022819
            ],
            [
              13.398550388,
              52.508099343
            ],
            [
              13.398572399,
              52.508100751
            ],
            [
              13.398771971,
              52.508113519
            ],
            [
              13.3987952,
              52.508092985
            ],
            [
              13.398879284,
              52.50808993
            ],
            [
              13.399150418,
              52.508080063
            ],
            [
              13.399204716,
              52.508078082
            ],
            [
              13.399231526,
              52.50807711
            ],
            [
              13.399239703,
              52.508087837
            ],
            [
              13.399326161,
              52.508201162
            ],
            [
              13.399344579,
              52.50822529
            ],
            [
              13.399350314,
              52.508232805
            ],
            [
              13.399456714,
              52.508377414
            ],
            [
              13.399470448,
              52.508396097
            ],
            [
              13.399601581,
              52.508574327
            ],
            [
              13.399601801,
              52.508574633
            ],
            [
              13.399634782,
              52.508619449
            ],
            [
              13.399694484,
              52.508700587
            ],
            [
              13.399773288,
              52.508807678
            ],
            [
              13.399996333,
              52.509110952
            ],
            [
              13.40018968,
              52.509375886
            ],
            [
              13.40022883,
              52.509381083
            ],
            [
              13.400670761,
              52.509222507
            ],
            [
              13.400909192,
              52.509140556
            ],
            [
              13.401258073,
              52.509040616
            ],
            [
              13.401409856,
              52.508984326
            ],
            [
              13.401554453,
              52.5089307
            ],
            [
              13.402096596,
              52.508729641
            ],
            [
              13.402178196,
              52.508705326
            ],
            [
              13.402179981,
              52.50870479
            ],
            [
              13.402456274,
              52.508622458
            ],
            [
              13.402753429,
              52.50853568
            ],
            [
              13.403007434,
              52.508433552
            ],
            [
              13.403007449,
              52.508433525
            ],
            [
              13.403033366,
              52.50842279
            ],
            [
              13.403207864,
              52.508350428
            ],
            [
              13.403491394,
              52.508234219
            ],
            [
              13.403632339,
              52.508176521
            ],
            [
              13.403820162,
              52.508092941
            ],
            [
              13.403829181,
              52.508088932
            ],
            [
              13.403863397,
              52.508073701
            ],
            [
              13.403914279,
              52.508051061
            ],
            [
              13.404034169,
              52.507992066
            ],
            [
              13.404070859,
              52.507974018
            ],
            [
              13.404299046,
              52.507861809
            ],
            [
              13.404434246,
              52.507774714
            ],
            [
              13.404552277,
              52.507864918
            ],
            [
              13.404580226,
              52.507886242
            ],
            [
              13.404632183,
              52.507922106
            ],
            [
              13.405269547,
              52.508203887
            ],
            [
              13.405284801,
              52.508210629
            ],
            [
              13.405296908,
              52.508201674
            ],
            [
              13.405336541,
              52.508172353
            ],
            [
              13.405372611,
              52.50814582
            ],
            [
              13.405469443,
              52.50807348
            ],
            [
              13.405783271,
              52.507843651
            ],
            [
              13.405903448,
              52.507755897
            ],
            [
              13.406124006,
              52.507592663
            ],
            [
              13.40641019,
              52.507382013
            ],
            [
              13.406601366,
              52.507232742
            ],
            [
              13.4070826,
              52.506862223
            ],
            [
              13.407361284,
              52.506647691
            ],
            [
              13.407394781,
              52.506664109
            ],
            [
              13.407844339,
              52.506323093
            ],
            [
              13.407839567,
              52.506305381
            ],
            [
              13.407877925,
              52.506280092
            ],
            [
              13.4079922,
              52.506204744
            ],
            [
              13.408029435,
              52.50618019
            ],
            [
              13.408054337,
              52.506189537
            ],
            [
              13.408095629,
              52.506205043
            ],
            [
              13.40813151,
              52.506218859
            ],
            [
              13.408162173,
              52.50623067
            ],
            [
              13.408546916,
              52.506378498
            ],
            [
              13.408758735,
              52.506459894
            ],
            [
              13.408986813,
              52.506547528
            ],
            [
              13.409234061,
              52.506642521
            ],
            [
              13.409454997,
              52.5067274
            ],
            [
              13.409951554,
              52.506918287
            ],
            [
              13.409970811,
              52.506925691
            ],
            [
              13.409980506,
              52.506912957
            ],
            [
              13.410155953,
              52.506682764
            ],
            [
              13.410177165,
              52.506654936
            ],
            [
              13.410215067,
              52.506605228
            ],
            [
              13.410216757,
              52.506603012
            ],
            [
              13.410343019,
              52.506437414
            ],
            [
              13.410761614,
              52.505888292
            ],
            [
              13.410983803,
              52.505596814
            ],
            [
              13.41139616,
              52.505055226
            ],
            [
              13.411407217,
              52.505040697
            ],
            [
              13.411430147,
              52.505010571
            ],
            [
              13.411520962,
              52.504891269
            ],
            [
              13.41158193,
              52.504870343
            ],
            [
              13.411582727,
              52.504870074
            ],
            [
              13.411603954,
              52.504862789
            ],
            [
              13.411690148,
              52.504833209
            ],
            [
              13.411711376,
              52.504825924
            ],
            [
              13.41171645,
              52.50482418
            ],
            [
              13.411763567,
              52.504808009
            ],
            [
              13.411810093,
              52.504792044
            ],
            [
              13.412492023,
              52.504564752
            ],
            [
              13.412592298,
              52.504531324
            ],
            [
              13.412623835,
              52.504520813
            ],
            [
              13.412725822,
              52.504486813
            ],
            [
              13.412877178,
              52.504436402
            ],
            [
              13.412910529,
              52.504425292
            ],
            [
              13.412917432,
              52.504422995
            ],
            [
              13.412978102,
              52.504402768
            ],
            [
              13.41301899,
              52.504389137
            ],
            [
              13.413108895,
              52.504359177
            ],
            [
              13.413262124,
              52.504308077
            ],
            [
              13.413290357,
              52.504298665
            ],
            [
              13.413299473,
              52.504295626
            ],
            [
              13.413359655,
              52.504275569
            ],
            [
              13.413534448,
              52.504217328
            ],
            [
              13.413771194,
              52.504138403
            ],
            [
              13.414053221,
              52.50404447
            ],
            [
              13.414072839,
              52.504037936
            ],
            [
              13.41408243,
              52.504049286
            ],
            [
              13.414097527,
              52.504067142
            ],
            [
              13.414176995,
              52.504161149
            ],
            [
              13.414199063,
              52.50418725
            ],
            [
              13.414324342,
              52.50434013
            ],
            [
              13.414410955,
              52.504442992
            ],
            [
              13.414523965,
              52.504578209
            ],
            [
              13.414574366,
              52.504638231
            ],
            [
              13.414610358,
              52.50468108
            ],
            [
              13.414606395,
              52.504705975
            ],
            [
              13.414592288,
              52.504794458
            ],
            [
              13.414632094,
              52.504809771
            ],
            [
              13.414741578,
              52.504851871
            ],
            [
              13.414909214,
              52.504916344
            ],
            [
              13.414939237,
              52.504908058
            ],
            [
              13.415135572,
              52.504853843
            ],
            [
              13.415139627,
              52.504852727
            ],
            [
              13.415313931,
              52.504804547
            ],
            [
              13.415493601,
              52.504754885
            ],
            [
              13.415549313,
              52.504739483
            ],
            [
              13.415796153,
              52.504671248
            ],
            [
              13.415851555,
              52.504655934
            ],
            [
              13.416206101,
              52.504557938
            ],
            [
              13.416210289,
              52.504556777
            ],
            [
              13.416263332,
              52.504542116
            ],
            [
              13.416265794,
              52.504541428
            ],
            [
              13.416319353,
              52.504526624
            ],
            [
              13.41632242,
              52.504525776
            ],
            [
              13.416362161,
              52.504514793
            ],
            [
              13.416414083,
              52.504500435
            ],
            [
              13.416692639,
              52.504423465
            ],
            [
              13.41679365,
              52.504395517
            ],
            [
              13.417074521,
              52.504317805
            ],
            [
              13.417084327,
              52.50431509
            ],
            [
              13.417309515,
              52.504252781
            ],
            [
              13.417319454,
              52.504249967
            ],
            [
              13.417601452,
              52.504170126
            ],
            [
              13.417736979,
              52.504357097
            ],
            [
              13.417808817,
              52.50445622
            ],
            [
              13.417895419,
              52.504575714
            ],
            [
              13.418005167,
              52.504727116
            ],
            [
              13.418096072,
              52.50485253
            ],
            [
              13.418213311,
              52.505017919
            ],
            [
              13.418299074,
              52.505006837
            ],
            [
              13.418347115,
              52.505000182
            ],
            [
              13.418402226,
              52.504993449
            ],
            [
              13.418436551,
              52.504991083
            ],
            [
              13.418518746,
              52.504987094
            ],
            [
              13.418532375,
              52.504970223
            ],
            [
              13.418547219,
              52.50497343
            ],
            [
              13.418620823,
              52.504989322
            ],
            [
              13.41873768,
              52.505014564
            ],
            [
              13.418808178,
              52.505030208
            ],
            [
              13.418843545,
              52.505038061
            ],
            [
              13.418942833,
              52.505060091
            ],
            [
              13.418924477,
              52.505080099
            ],
            [
              13.418990285,
              52.505115981
            ],
            [
              13.419047829,
              52.505155443
            ],
            [
              13.41910226,
              52.505199303
            ],
            [
              13.419120299,
              52.505219123
            ],
            [
              13.419135204,
              52.50523989
            ],
            [
              13.419207685,
              52.505344216
            ],
            [
              13.419298081,
              52.505466151
            ],
            [
              13.419424035,
              52.505639642
            ],
            [
              13.419430913,
              52.505649117
            ],
            [
              13.419445436,
              52.505645422
            ],
            [
              13.419534613,
              52.505622725
            ],
            [
              13.419669808,
              52.505585182
            ],
            [
              13.419851233,
              52.505534806
            ],
            [
              13.420008827,
              52.505491039
            ],
            [
              13.420322034,
              52.505402016
            ],
            [
              13.420329215,
              52.505400034
            ],
            [
              13.420362822,
              52.505390738
            ],
            [
              13.42053718,
              52.505342541
            ],
            [
              13.420902861,
              52.505243292
            ],
            [
              13.4211323,
              52.505175474
            ],
            [
              13.421233931,
              52.505150363
            ],
            [
              13.421389465,
              52.505115225
            ],
            [
              13.421542217,
              52.505076399
            ],
            [
              13.42181098,
              52.505042608
            ],
            [
              13.4218603,
              52.505039593
            ],
            [
              13.421891117,
              52.505037705
            ],
            [
              13.421977206,
              52.505032444
            ],
            [
              13.422045397,
              52.505028267
            ],
            [
              13.422095011,
              52.505025234
            ],
            [
              13.422167239,
              52.505018465
            ],
            [
              13.422239639,
              52.505012423
            ],
            [
              13.422312119,
              52.505006746
            ],
            [
              13.422384742,
              52.505001799
            ],
            [
              13.42245743,
              52.504997217
            ],
            [
              13.422530231,
              52.504993367
            ],
            [
              13.422603082,
              52.504989883
            ],
            [
              13.422676018,
              52.504987133
            ],
            [
              13.422748988,
              52.504984749
            ],
            [
              13.422822012,
              52.5049831
            ],
            [
              13.422895056,
              52.504981819
            ],
            [
              13.422968125,
              52.504981272
            ],
            [
              13.423041199,
              52.504981093
            ],
            [
              13.423114267,
              52.504981649
            ],
            [
              13.423187326,
              52.504982572
            ],
            [
              13.42326035,
              52.504984231
            ],
            [
              13.423333349,
              52.504986256
            ],
            [
              13.423406283,
              52.504989016
            ],
            [
              13.423479177,
              52.504992142
            ],
            [
              13.423551978,
              52.504996002
            ],
            [
              13.423624723,
              52.505000227
            ],
            [
              13.423697345,
              52.505005184
            ],
            [
              13.423769897,
              52.505010505
            ],
            [
              13.423842295,
              52.505016556
            ],
            [
              13.42391461,
              52.505022971
            ],
            [
              13.423986741,
              52.505030113
            ],
            [
              13.424058773,
              52.505037617
            ],
            [
              13.424130593,
              52.505045844
            ],
            [
              13.424202299,
              52.505054433
            ],
            [
              13.424273764,
              52.505063742
            ],
            [
              13.424354049,
              52.505074771
            ],
            [
              13.424407957,
              52.505082521
            ],
            [
              13.424461703,
              52.505090682
            ],
            [
              13.424515363,
              52.505099048
            ],
            [
              13.424568849,
              52.505107822
            ],
            [
              13.424622244,
              52.5051168
            ],
            [
              13.42467545,
              52.505126184
            ],
            [
              13.424744678,
              52.505138723
            ],
            [
              13.424813561,
              52.505151948
            ],
            [
              13.424882266,
              52.505165515
            ],
            [
              13.4249506,
              52.505179764
            ],
            [
              13.425137003,
              52.50522727
            ],
            [
              13.425315846,
              52.505272858
            ],
            [
              13.425497209,
              52.505321514
            ],
            [
              13.425820881,
              52.5054246
            ],
            [
              13.426422319,
              52.505677917
            ],
            [
              13.426446087,
              52.505687923
            ],
            [
              13.42650112,
              52.505711103
            ],
            [
              13.426682816,
              52.505787634
            ],
            [
              13.426708848,
              52.505798597
            ],
            [
              13.426730419,
              52.505792972
            ],
            [
              13.426979707,
              52.505727971
            ],
            [
              13.427200306,
              52.505666066
            ],
            [
              13.427209408,
              52.505679103
            ],
            [
              13.427246384,
              52.505732051
            ],
            [
              13.427356287,
              52.505889465
            ],
            [
              13.427440132,
              52.506009397
            ],
            [
              13.427537732,
              52.506149122
            ],
            [
              13.427617918,
              52.506264016
            ],
            [
              13.427628454,
              52.506279041
            ],
            [
              13.427675235,
              52.506345988
            ],
            [
              13.42769019,
              52.506367384
            ],
            [
              13.427739327,
              52.506437687
            ],
            [
              13.427784865,
              52.506502844
            ],
            [
              13.427799527,
              52.506523816
            ],
            [
              13.427846338,
              52.506590791
            ],
            [
              13.427954475,
              52.506745631
            ],
            [
              13.428062614,
              52.506900381
            ],
            [
              13.428251032,
              52.507170141
            ],
            [
              13.428266455,
              52.507192247
            ],
            [
              13.42842967,
              52.507424068
            ],
            [
              13.428772616,
              52.507916853
            ],
            [
              13.428784527,
              52.507933965
            ],
            [
              13.428816443,
              52.507979823
            ],
            [
              13.429027819,
              52.508035435
            ],
            [
              13.429028361,
              52.508036191
            ],
            [
              13.429037229,
              52.508048894
            ],
            [
              13.429393128,
              52.508559088
            ],
            [
              13.429402114,
              52.508571963
            ],
            [
              13.429402289,
              52.508572224
            ],
            [
              13.429240116,
              52.508671255
            ],
            [
              13.4292061,
              52.508725549
            ],
            [
              13.429200378,
              52.508753514
            ],
            [
              13.429193979,
              52.508784804
            ],
            [
              13.429186901,
              52.508819444
            ],
            [
              13.429184989,
              52.508823853
            ],
            [
              13.429182427,
              52.508828137
            ],
            [
              13.429179547,
              52.508832345
            ],
            [
              13.429176051,
              52.508836376
            ],
            [
              13.429172257,
              52.508840305
            ],
            [
              13.429167891,
              52.508844007
            ],
            [
              13.429163254,
              52.508847583
            ],
            [
              13.429158101,
              52.508850887
            ],
            [
              13.429152707,
              52.508854043
            ],
            [
              13.429146864,
              52.508856887
            ],
            [
              13.429122519,
              52.508866489
            ],
            [
              13.429136399,
              52.50888497
            ],
            [
              13.429136707,
              52.508886089
            ],
            [
              13.429136856,
              52.50888722
            ],
            [
              13.429136925,
              52.508888353
            ],
            [
              13.429136833,
              52.508889486
            ],
            [
              13.429136662,
              52.508890616
            ],
            [
              13.429136332,
              52.508891732
            ],
            [
              13.429135923,
              52.508892839
            ],
            [
              13.429135359,
              52.50889392
            ],
            [
              13.42913472,
              52.508894985
            ],
            [
              13.429133932,
              52.508896012
            ],
            [
              13.429133073,
              52.508897018
            ],
            [
              13.429132075,
              52.508897975
            ],
            [
              13.42913101,
              52.508898905
            ],
            [
              13.429129817,
              52.508899775
            ],
            [
              13.429128565,
              52.508900614
            ],
            [
              13.429127198,
              52.508901383
            ],
            [
              13.429125779,
              52.508902115
            ],
            [
              13.429124261,
              52.50890277
            ],
            [
              13.429122699,
              52.508903385
            ],
            [
              13.429121055,
              52.508903915
            ],
            [
              13.429020585,
              52.508935317
            ],
            [
              13.42892072,
              52.508966531
            ],
            [
              13.428918914,
              52.508967257
            ],
            [
              13.428917004,
              52.508967876
            ],
            [
              13.428915048,
              52.508968438
            ],
            [
              13.428913013,
              52.508968885
            ],
            [
              13.428910946,
              52.508969273
            ],
            [
              13.428908828,
              52.508969539
            ],
            [
              13.428906692,
              52.508969744
            ],
            [
              13.428904534,
              52.508969825
            ],
            [
              13.428902371,
              52.508969843
            ],
            [
              13.428900216,
              52.508969736
            ],
            [
              13.428898072,
              52.508969566
            ],
            [
              13.428895963,
              52.508969274
            ],
            [
              13.428893879,
              52.50896892
            ],
            [
              13.42889186,
              52.508968448
            ],
            [
              13.42888988,
              52.508967918
            ],
            [
              13.42888799,
              52.508967276
            ],
            [
              13.428887356,
              52.5089675
            ],
            [
              13.428856231,
              52.508978232
            ],
            [
              13.428666177,
              52.508991484
            ],
            [
              13.428377283,
              52.509072867
            ],
            [
              13.428372726,
              52.509070882
            ],
            [
              13.428163146,
              52.509226906
            ],
            [
              13.428081882,
              52.509287375
            ],
            [
              13.426707315,
              52.510094118
            ],
            [
              13.426020729,
              52.510497053
            ],
            [
              13.426015138,
              52.51049247
            ],
            [
              13.425390603,
              52.510857772
            ],
            [
              13.425110165,
              52.511021811
            ],
            [
              13.424873585,
              52.511163791
            ],
            [
              13.42452098,
              52.511367579
            ],
            [
              13.424403832,
              52.511430068
            ],
            [
              13.423655011,
              52.511808854
            ],
            [
              13.423417192,
              52.51194629
            ],
            [
              13.423248105,
              52.512044006
            ],
            [
              13.423184432,
              52.512088156
            ],
            [
              13.423078039,
              52.512130353
            ],
            [
              13.423051051,
              52.512127988
            ],
            [
              13.423032055,
              52.512117279
            ],
            [
              13.423011419,
              52.512126895
            ],
            [
              13.422780584,
              52.512234435
            ],
            [
              13.422784144,
              52.512238467
            ],
            [
              13.422793918,
              52.512249547
            ],
            [
              13.422919321,
              52.512380651
            ],
            [
              13.422939506,
              52.51240176
            ],
            [
              13.423021227,
              52.512487201
            ],
            [
              13.423093513,
              52.512565094
            ],
            [
              13.423110573,
              52.512583492
            ],
            [
              13.423219456,
              52.512700837
            ],
            [
              13.423232032,
              52.512714374
            ],
            [
              13.423241441,
              52.512724527
            ],
            [
              13.423245486,
              52.512728884
            ],
            [
              13.423239467,
              52.512730914
            ],
            [
              13.42324851,
              52.512740661
            ],
            [
              13.423265278,
              52.512758699
            ],
            [
              13.423277853,
              52.512772246
            ],
            [
              13.42329827,
              52.512794226
            ],
            [
              13.423310845,
              52.512807772
            ],
            [
              13.423323934,
              52.512821859
            ],
            [
              13.423336524,
              52.512835414
            ],
            [
              13.423348704,
              52.512848528
            ],
            [
              13.423358524,
              52.512859104
            ],
            [
              13.423386415,
              52.512889131
            ],
            [
              13.423417411,
              52.512919982
            ],
            [
              13.423421986,
              52.512924537
            ],
            [
              13.423453427,
              52.512957877
            ],
            [
              13.423696281,
              52.513215318
            ],
            [
              13.423735609,
              52.51325702
            ],
            [
              13.423824173,
              52.513350901
            ],
            [
              13.423827266,
              52.513354178
            ],
            [
              13.423832602,
              52.513359839
            ],
            [
              13.423840913,
              52.513368651
            ],
            [
              13.423947099,
              52.513563904
            ],
            [
              13.423968147,
              52.513602609
            ],
            [
              13.424010943,
              52.513681297
            ],
            [
              13.424064113,
              52.513740106
            ],
            [
              13.424074088,
              52.513752138
            ],
            [
              13.424102624,
              52.513786542
            ],
            [
              13.424172161,
              52.513867307
            ],
            [
              13.424239046,
              52.513944975
            ],
            [
              13.424298969,
              52.51402149
            ],
            [
              13.424389689,
              52.514137311
            ],
            [
              13.424410835,
              52.514164306
            ],
            [
              13.424859158,
              52.514752531
            ],
            [
              13.424888119,
              52.514790845
            ],
            [
              13.425004036,
              52.514944227
            ],
            [
              13.425096144,
              52.515069926
            ],
            [
              13.425103175,
              52.515081593
            ],
            [
              13.425139782,
              52.515142315
            ],
            [
              13.425396574,
              52.515587531
            ],
            [
              13.425483737,
              52.515738617
            ],
            [
              13.425533953,
              52.515825674
            ],
            [
              13.425562759,
              52.515875626
            ],
            [
              13.425598515,
              52.515939194
            ],
            [
              13.425670389,
              52.51606741
            ],
            [
              13.425671982,
              52.516070307
            ],
            [
              13.425675342,
              52.516076441
            ],
            [
              13.425731003,
              52.516177832
            ],
            [
              13.42573391,
              52.51618313
            ],
            [
              13.425819243,
              52.516338571
            ],
            [
              13.425819564,
              52.516339165
            ],
            [
              13.425823348,
              52.516346064
            ],
            [
              13.425831135,
              52.51636024
            ],
            [
              13.425871545,
              52.516433836
            ],
            [
              13.425959085,
              52.516593217
            ],
            [
              13.426000181,
              52.516668181
            ],
            [
              13.426046707,
              52.516747746
            ],
            [
              13.426188244,
              52.51698984
            ],
            [
              13.426250703,
              52.517096661
            ],
            [
              13.426370489,
              52.517311929
            ],
            [
              13.42638399,
              52.51733618
            ],
            [
              13.426388028,
              52.517342351
            ],
            [
              13.426403652,
              52.517366228
            ],
            [
              13.426410206,
              52.517376241
            ],
            [
              13.426456435,
              52.517446864
            ],
            [
              13.426475761,
              52.51747639
            ],
            [
              13.426528363,
              52.517567603
            ],
            [
              13.426702572,
              52.517869737
            ],
            [
              13.426732024,
              52.517920668
            ],
            [
              13.426754138,
              52.517959168
            ],
            [
              13.42651127,
              52.518009459
            ],
            [
              13.426505829,
              52.518010583
            ],
            [
              13.426505785,
              52.5180106
            ],
            [
              13.426338574,
              52.518045221
            ],
            [
              13.426331532,
              52.518032439
            ],
            [
              13.426151203,
              52.518068601
            ],
            [
              13.426189797,
              52.518124149
            ],
            [
              13.426207052,
              52.51814899
            ],
            [
              13.426240362,
              52.518196945
            ],
            [
              13.42630538,
              52.518289032
            ],
            [
              13.425926919,
              52.518391736
            ],
            [
              13.426190547,
              52.518751995
            ],
            [
              13.426446684,
              52.519101986
            ],
            [
              13.426457196,
              52.519116364
            ],
            [
              13.426461266,
              52.519121916
            ],
            [
              13.426477034,
              52.519143465
            ],
            [
              13.426487546,
              52.519157835
            ],
            [
              13.426490899,
              52.519162415
            ],
            [
              13.426529683,
              52.519215411
            ],
            [
              13.426568861,
              52.519269001
            ],
            [
              13.426729208,
              52.519488103
            ],
            [
              13.426881153,
              52.519695715
            ],
            [
              13.426916525,
              52.51974405
            ],
            [
              13.427354708,
              52.519627416
            ],
            [
              13.42737292,
              52.519622696
            ],
            [
              13.427391597,
              52.519618711
            ],
            [
              13.427410477,
              52.5196151
            ],
            [
              13.427429703,
              52.519612247
            ],
            [
              13.427463378,
              52.519608211
            ],
            [
              13.427497584,
              52.51960652
            ],
            [
              13.428401343,
              52.519585904
            ],
            [
              13.428423939,
              52.519632268
            ],
            [
              13.428456841,
              52.519699785
            ],
            [
              13.428906496,
              52.520622537
            ],
            [
              13.428915401,
              52.520640803
            ],
            [
              13.428932801,
              52.520676527
            ],
            [
              13.428940903,
              52.520693138
            ],
            [
              13.429189767,
              52.521203827
            ],
            [
              13.429181456,
              52.521224042
            ],
            [
              13.428896308,
              52.521345872
            ],
            [
              13.42884497,
              52.521367803
            ],
            [
              13.42860865,
              52.521468776
            ],
            [
              13.428567393,
              52.521486401
            ],
            [
              13.42856546,
              52.521487234
            ],
            [
              13.428050097,
              52.521707411
            ],
            [
              13.427787955,
              52.52181941
            ],
            [
              13.427622478,
              52.521894664
            ],
            [
              13.427050247,
              52.522138735
            ],
            [
              13.426719358,
              52.522279867
            ],
            [
              13.425931105,
              52.522623759
            ],
            [
              13.425547877,
              52.522790949
            ],
            [
              13.425750483,
              52.52281376
            ],
            [
              13.425908355,
              52.522831111
            ],
            [
              13.426004043,
              52.522925416
            ],
            [
              13.426125234,
              52.52292918
            ],
            [
              13.426154225,
              52.522929903
            ],
            [
              13.426521329,
              52.52293908
            ],
            [
              13.426514408,
              52.523064673
            ],
            [
              13.426508723,
              52.523167838
            ],
            [
              13.426501915,
              52.523291238
            ],
            [
              13.426418555,
              52.523293638
            ],
            [
              13.426335616,
              52.523299278
            ],
            [
              13.426254502,
              52.523306411
            ],
            [
              13.426173649,
              52.52331457
            ],
            [
              13.42609294,
              52.523323241
            ],
            [
              13.426012543,
              52.523332933
            ],
            [
              13.425881932,
              52.523352761
            ],
            [
              13.425770237,
              52.523372782
            ],
            [
              13.425650802,
              52.523403771
            ],
            [
              13.425484798,
              52.523446849
            ],
            [
              13.42543385,
              52.523440795
            ],
            [
              13.425052801,
              52.523551355
            ],
            [
              13.424778842,
              52.523630841
            ],
            [
              13.42433343,
              52.523768212
            ],
            [
              13.424246081,
              52.523796011
            ],
            [
              13.42417378,
              52.52381962
            ],
            [
              13.424098968,
              52.523844385
            ],
            [
              13.424027834,
              52.523870414
            ],
            [
              13.42395596,
              52.52389716
            ],
            [
              13.423859308,
              52.52393268
            ],
            [
              13.423795082,
              52.523955908
            ],
            [
              13.423769285,
              52.523965237
            ],
            [
              13.423703015,
              52.523990825
            ],
            [
              13.423656666,
              52.524009437
            ],
            [
              13.423376373,
              52.524119229
            ],
            [
              13.42163227,
              52.524805172
            ],
            [
              13.421476737,
              52.524866334
            ],
            [
              13.421476678,
              52.524866343
            ],
            [
              13.421350681,
              52.52491591
            ],
            [
              13.420540209,
              52.525234645
            ],
            [
              13.42051457,
              52.52524471
            ],
            [
              13.420501196,
              52.525249989
            ],
            [
              13.420501137,
              52.525249989
            ],
            [
              13.420471114,
              52.525261817
            ],
            [
              13.419795879,
              52.525528742
            ],
            [
              13.419753219,
              52.525545607
            ],
            [
              13.419488767,
              52.525657197
            ],
            [
              13.41837626,
              52.526126587
            ],
            [
              13.418249515,
              52.526180067
            ],
            [
              13.417963397,
              52.52630692
            ],
            [
              13.417849321,
              52.526357555
            ],
            [
              13.41769182,
              52.526427471
            ],
            [
              13.417449832,
              52.526534882
            ],
            [
              13.417288934,
              52.526606309
            ],
            [
              13.417280636,
              52.526609988
            ],
            [
              13.417215979,
              52.526638694
            ],
            [
              13.416889987,
              52.526783392
            ],
            [
              13.41690469,
              52.526796107
            ],
            [
              13.416707444,
              52.526885542
            ],
            [
              13.416685167,
              52.526875904
            ],
            [
              13.416490487,
              52.526961524
            ]
          ]
        ]
      },
      "properties": {
        "name": "Mitte",
        "safety_score": 88.6,
        "risk_level": "GREEN - High Safety",
        "area_km2": 10.679026418608451
      }
    }
  ]
}