{
"type": "FeatureCollection",
"crs": { "type": "name", "properties": { "name": "urn:ogc:def:crs:OGC:1.3:CRS84" } },
"features": [
{ "type": "Feature", "properties": { "id": "b_bauwerke.18505", "dnbr__sdatenid": 18505, "bauwerksart": "TU", "bauwerksname": "Tunnel Kaiser-Fr.-/Lewishamstr.", "okstra_id": "5CB53CA3E2F541E58B764FF5FEC6FA32", "bauwerksnummer": "05615-0010", "sib_bauwerksnummer": "-" }, "geometry": { "type": "MultiLineString", "coordinates": [ [ [ 13.30335247, 52.50499712 ], [ 13.30376043, 52.50439163 ] ] ] } },
{ "type": "Feature", "properties": { "id": "b_bauwerke.21169", "dnbr__sdatenid": 21169, "bauwerksart": "BR", "bauwerksname": "Abzugsgrabenbrücke", "okstra_id": "F38CAD9752194BF78A403E94B3352DA9", "bauwerksnummer": "07200-0010", "sib_bauwerksnummer": "-" }, "geometry": { "type": "MultiLineString", "coordinates": [ [ [ 13.21997302, 52.53694222 ], [ 13.22023268, 52.53691256 ] ] ] } },
{ "type": "Feature", "properties": { "id": "b_bauwerke.21192", "dnbr__sdatenid": 21192, "bauwerksart": "BR", "bauwerksname": "Böckmannbrücke", "okstra_id": "967EDD71ED564FEDA197A644CCFE86C3", "bauwerksnummer": "07218-0010", "sib_bauwerksnummer": "-" }, "geometry": { "type": "MultiLineString", "coordinates": [ [ [ 13.14242582, 52.40016643 ], [ 13.14211692, 52.39993061 ] ] ] } },
{ "type": "Feature", "properties": { "id": "b_bauwerke.21232", "dnbr__sdatenid": 21232, "bauwerksart": "FBR", "bauwerksname": "Edenkobener Steg", "okstra_id": "3D56C236B4CF46088597BEEE6DC2FD71", "bauwerksnummer": "07248-0010", "sib_bauwerksnummer": "-" }, "geometry": { "type": "MultiLineString", "coordinates": [ [ [ 13.34615505, 52.44428604 ], [ 13.34638696, 52.44482309 ] ] ] } },
{ "type": "Feature", "properties": { "id": "b_bauwerke.21237", "dnbr__sdatenid": 21237, "bauwerksart": "BR", "bauwerksname": "Emil-Schulz-Brücke", "okstra_id": "F1F9FDF72C204FB0A2A1A2E99808B714", "bauwerksnummer": "07254-0010", "sib_bauwerksnummer": "-" }, "geometry": { "type": "MultiLineString", "coordinates": [ [ [ 13.31089203, 52.43072711 ], [ 13.31133722, 52.43056114 ] ] ] } },
{ "type": "Feature", "properties": { "id": "b_bauwerke.21238", "dnbr__sdatenid": 21238, "bauwerksart": "BR", "bauwerksname": "Ernst-Keller-Brücke", "okstra_id": "B57C61C5217E415FA9A9A5A364A6606A", "bauwerksnummer": "07255-0010", "sib_bauwerksnummer": "-" }, "geometry": { "type": "MultiLineString", "coordinates": [ [ [ 13.47826827, 52.44244446 ], [ 13.47879635, 52.44284772 ] ] ] } },
{ "type": "Feature", "properties": { "id": "b_bauwerke.21263", "dnbr__sdatenid": 21263, "bauwerksart": "FBR", "bauwerksname": "FGB Kraftwerk Reuter", "okstra_id": "B2FD71ED9AC44219BD83500F0FFADFDE", "bauwerksnummer": "07274-0010", "sib_bauwerksnummer": "-" }, "geometry": { "type": "MultiLineString", "coordinates": [ [ [ 13.24157819, 52.53077136 ], [ 13.24187313, 52.53074626 ], [ 13.24233329, 52.53120696 ] ] ] } },
{ "type": "Feature", "properties": { "id": "b_bauwerke.21268", "dnbr__sdatenid": 21268, "bauwerksart": "BR", "bauwerksname": "Germelmannbrücke", "okstra_id": "ED95550C18C8454AB0979D5FDDC22239", "bauwerksnummer": "07279-0010", "sib_bauwerksnummer": "-" }, "geometry": { "type": "MultiLineString", "coordinates": [ [ [ 13.37776662, 52.45254441 ], [ 13.37818781, 52.45193151 ] ] ] } },
{ "type": "Feature", "properties": { "id": "b_bauwerke.21279", "dnbr__sdatenid": 21279, "bauwerksart": "BR", "bauwerksname": "Gradestraßenbrücke", "okstra_id": "3ED716FDACCA4A53B9E3720E3E2E2B0F", "bauwerksnummer": "07291-0010", "sib_bauwerksnummer": "-" }, "geometry": { "type": "MultiLineString", "coordinates": [ [ [ 13.4201003, 52.45234082 ], [ 13.42043705, 52.45204574 ] ] ] } },
{ "type": "Feature", "properties": { "id": "b_bauwerke.21287", "dnbr__sdatenid": 21287, "bauwerksart": "BR", "bauwerksname": "Hannemannbrücke", "okstra_id": "D0F1129E91874B32B56B1A23DF65AE83", "bauwerksnummer": "07297-0010", "sib_bauwerksnummer": "-" }, "geometry": { "type": "MultiLineString", "coordinates": [ [ [ 13.33713285, 52.44556383 ], [ 13.33710407, 52.44501736 ] ] ] } },
{ "type": "Feature", "properties": { "id": "b_bauwerke.21299", "dnbr__sdatenid": 21299, "bauwerksart": "BR", "bauwerksname": "Holzhauser Brücke", "okstra_id": "2A961386F8504CB6855602C40BD785ED", "bauwerksnummer": "07308-0010", "sib_bauwerksnummer": "-" }, "geometry": { "type": "MultiLineString", "coordinates": [ [ [ 13.29513785, 52.57671708 ], [ 13.29559474, 52.57618006 ] ] ] } },
{ "type": "Feature", "properties": { "id": "b_bauwerke.21307", "dnbr__sdatenid": 21307, "bauwerksart": "BR", "bauwerksname": "Hubertusbrücke", "okstra_id": "30A596D5F6C7440585B0C1660E0246C2", "bauwerksnummer": "07311-0010", "sib_bauwerksnummer": "-" }, "geometry": { "type": "MultiLineString", "coordinates": [ [ [ 13.14129392, 52.40491224 ], [ 13.14185441, 52.40498733 ] ] ] } },
{ "type": "Feature", "properties": { "id": "b_bauwerke.21310", "dnbr__sdatenid": 21310, "bauwerksart": "BR", "bauwerksname": "Invalidenbrücke", "okstra_id": "F258E17029294E6D8B26F284048A9011", "bauwerksnummer": "07313-0010", "sib_bauwerksnummer": "-" }, "geometry": { "type": "MultiLineString", "coordinates": [ [ [ 13.36906723, 52.52632513 ], [ 13.3696041, 52.52648356 ] ] ] } },
{ "type": "Feature", "properties": { "id": "b_bauwerke.21326", "dnbr__sdatenid": 21326, "bauwerksart": "FBR", "bauwerksname": "Krahmersteg", "okstra_id": "2D6063EA3DC7484EADBD4E16150EE0C3", "bauwerksnummer": "07328-0010", "sib_bauwerksnummer": "-" }, "geometry": { "type": "MultiLineString", "coordinates": [ [ [ 13.31941135, 52.43718491 ], [ 13.31985627, 52.43706295 ] ] ] } },
{ "type": "Feature", "properties": { "id": "b_bauwerke.21330", "dnbr__sdatenid": 21330, "bauwerksart": "BR", "bauwerksname": "Lankwitz-Mariendorfer Brücke", "okstra_id": "D0EE54B1E8C04A758255A7627DF59249", "bauwerksnummer": "07334-0010", "sib_bauwerksnummer": "-" }, "geometry": { "type": "MultiLineString", "coordinates": [ [ [ 13.36310228, 52.44494321 ], [ 13.36342903, 52.44440564 ] ] ] } },
{ "type": "Feature", "properties": { "id": "b_bauwerke.21332", "dnbr__sdatenid": 21332, "bauwerksart": "BR", "bauwerksname": "Lichtenrader Damm Brücke", "okstra_id": "3E6F96AB16F140EBA468441B715EC808", "bauwerksnummer": "07336-0010", "sib_bauwerksnummer": "-" }, "geometry": { "type": "MultiLineString", "coordinates": [ [ [ 13.40666601, 52.39549796 ], [ 13.4066582, 52.39529394 ] ] ] } },
{ "type": "Feature", "properties": { "id": "b_bauwerke.21336", "dnbr__sdatenid": 21336, "bauwerksart": "BR", "bauwerksname": "Lorenzwegbrücke", "okstra_id": "318F3AA5B034411188D739E748397678", "bauwerksnummer": "07340-0010", "sib_bauwerksnummer": "-" }, "geometry": { "type": "MultiLineString", "coordinates": [ [ [ 13.38867963, 52.45638167 ], [ 13.3888412, 52.45615553 ] ] ] } },
{ "type": "Feature", "properties": { "id": "b_bauwerke.21352", "dnbr__sdatenid": 21352, "bauwerksart": "BR", "bauwerksname": "Magistratswegbrücke", "okstra_id": "D4FC57EC1CA04E2AAE494810242F0A13", "bauwerksnummer": "07345-0010", "sib_bauwerksnummer": "-" }, "geometry": { "type": "MultiLineString", "coordinates": [ [ [ 13.15933145, 52.52964169 ], [ 13.15938441, 52.52951069 ] ] ] } },
{ "type": "Feature", "properties": { "id": "b_bauwerke.21420", "dnbr__sdatenid": 21420, "bauwerksart": "BR", "bauwerksname": "Siemensbrücke", "okstra_id": "E70E7F864DDE41259800B009E9EA4451", "bauwerksnummer": "07417-0010", "sib_bauwerksnummer": "-" }, "geometry": { "type": "MultiLineString", "coordinates": [ [ [ 13.3401624, 52.44536 ], [ 13.33958284, 52.44492094 ] ] ] } },
{ "type": "Feature", "properties": { "id": "b_bauwerke.21439", "dnbr__sdatenid": 21439, "bauwerksart": "BR", "bauwerksname": "Techowbrücke", "okstra_id": "808E6D73A1D64B78848C390085131379", "bauwerksnummer": "07435-0010", "sib_bauwerksnummer": "-" }, "geometry": { "type": "MultiLineString", "coordinates": [ [ [ 13.37023403, 52.44793975 ], [ 13.36949262, 52.44846746 ] ] ] } },
{ "type": "Feature", "properties": { "id": "b_bauwerke.21440", "dnbr__sdatenid": 21440, "bauwerksart": "BR", "bauwerksname": "Tegeler Brücke", "okstra_id": "CCA24D7C80874E95A3E939CD29704950", "bauwerksnummer": "07436-0010", "sib_bauwerksnummer": "-" }, "geometry": { "type": "MultiLineString", "coordinates": [ [ [ 13.24887076, 52.55126001 ], [ 13.24910085, 52.55193653 ] ] ] } },
{ "type": "Feature", "properties": { "id": "b_bauwerke.21446", "dnbr__sdatenid": 21446, "bauwerksart": "FBR", "bauwerksname": "Telegrafenwegbrücke (Westl.)", "okstra_id": "8824E942CFCF4594BF60A18B1C953CB6", "bauwerksnummer": "07441-0010", "sib_bauwerksnummer": "-" }, "geometry": { "type": "MultiLineString", "coordinates": [ [ [ 13.22597531, 52.54234474 ], [ 13.22619383, 52.54230414 ] ] ] } },
{ "type": "Feature", "properties": { "id": "b_bauwerke.21490", "dnbr__sdatenid": 21490, "bauwerksart": "BR", "bauwerksname": "Wilhelm-Borgmann-Brücke", "okstra_id": "D8EA613CF5F14ABD939C76784EE893FC", "bauwerksnummer": "07473-0010", "sib_bauwerksnummer": "-" }, "geometry": { "type": "MultiLineString", "coordinates": [ [ [ 13.42665969, 52.45680676 ], [ 13.42754787, 52.456234 ] ] ] } },
{ "type": "Feature", "properties": { "id": "b_bauwerke.26662", "dnbr__sdatenid": 26662, "bauwerksart": "FBR", "bauwerksname": "Gabrielensteg", "okstra_id": "73E18FD275F245DEA8F98D93539F90C8", "bauwerksnummer": "17212-0010", "sib_bauwerksnummer": "-" }, "geometry": { "type": "MultiLineString", "coordinates": [ [ [ 13.27826371, 52.592964 ], [ 13.27854849, 52.59278061 ] ] ] } },
{ "type": "Feature", "properties": { "id": "b_bauwerke.26670", "dnbr__sdatenid": 26670, "bauwerksart": "BR", "bauwerksname": "Grüntaler Straßenbrücke", "okstra_id": "B587D473367D415ABFF2A0EB11B48174", "bauwerksnummer": "17221-0010", "sib_bauwerksnummer": "-" }, "geometry": { "type": "MultiLineString", "coordinates": [ [ [ 13.39701818, 52.55830819 ], [ 13.39765816, 52.55858172 ], [ 13.39797194, 52.55863804 ], [ 13.39892662, 52.55850777 ], [ 13.39902259, 52.5584819 ] ] ] } },
{ "type": "Feature", "properties": { "id": "b_bauwerke.26673", "dnbr__sdatenid": 26673, "bauwerksart": "BR", "bauwerksname": "Bahndammbrücke", "okstra_id": "33F54E38E2624F5999249A49E6A498ED", "bauwerksnummer": "17225-0010", "sib_bauwerksnummer": "-" }, "geometry": { "type": "MultiLineString", "coordinates": [ [ [ 13.28504268, 52.59489604 ], [ 13.28529005, 52.59458672 ] ] ] } },
{ "type": "Feature", "properties": { "id": "b_bauwerke.26725", "dnbr__sdatenid": 26725, "bauwerksart": "FBR", "bauwerksname": "FGB Fürstenbr. Gr./Schloßp", "okstra_id": "B3BF18CAFAC5483EBCF780E938B72E2A", "bauwerksnummer": "17498-0010", "sib_bauwerksnummer": "-" }, "geometry": { "type": "MultiLineString", "coordinates": [ [ [ 13.29461791, 52.52906253 ], [ 13.29469367, 52.52898097 ] ] ] } },
{ "type": "Feature", "properties": { "id": "b_bauwerke.42673", "dnbr__sdatenid": 42673, "bauwerksart": "FTU", "bauwerksname": "FGT Karl-Liebknecht-Str.", "okstra_id": "C54933F89656486DA413E23351A95415", "bauwerksnummer": "49530-0010", "sib_bauwerksnummer": "-" }, "geometry": { "type": "MultiLineString", "coordinates": [ [ [ 13.40835226, 52.52202563 ], [ 13.40872784, 52.52174863 ] ] ] } },
{ "type": "Feature", "properties": { "id": "b_bauwerke.42702", "dnbr__sdatenid": 42702, "bauwerksart": "FTU", "bauwerksname": "FGT Elsenstr.", "okstra_id": "5A8A11F67CD94189B7991B1CDDA81E01", "bauwerksnummer": "49575-0010", "sib_bauwerksnummer": "-" }, "geometry": { "type": "MultiLineString", "coordinates": [ [ [ 13.46046226, 52.49414366 ], [ 13.46059135, 52.49427055 ], [ 13.4611946, 52.49398742 ] ] ] } },
{ "type": "Feature", "properties": { "id": "b_bauwerke.42725", "dnbr__sdatenid": 42725, "bauwerksart": "FTU", "bauwerksname": "FGT Spreetunnel Friedrichshagen", "okstra_id": "5F9FBA3573FD47888BE67694184118BA", "bauwerksnummer": "49614-0010", "sib_bauwerksnummer": "-" }, "geometry": { "type": "MultiLineString", "coordinates": [ [ [ 13.62610198, 52.44484366 ], [ 13.62482837, 52.4442712 ] ] ] } },
{ "type": "Feature", "properties": { "id": "b_bauwerke.42787", "dnbr__sdatenid": 42787, "bauwerksart": "FTU", "bauwerksname": "FGT Roederplatz", "okstra_id": "30D99AC97ED74B02A9F41E4F67839884", "bauwerksnummer": "49677-0010", "sib_bauwerksnummer": "-" }, "geometry": { "type": "MultiLineString", "coordinates": [ [ [ 13.4790511, 52.52710053 ], [ 13.4799393, 52.5271861 ] ] ] } },
{ "type": "Feature", "properties": { "id": "b_bauwerke.42802", "dnbr__sdatenid": 42802, "bauwerksart": "BR", "bauwerksname": "Schönholzer Brücke (Panke)", "okstra_id": "EDA383C3E56C444AA5A84B900B66881A", "bauwerksnummer": "49692-0010", "sib_bauwerksnummer": "-" }, "geometry": { "type": "MultiLineString", "coordinates": [ [ [ 13.39828675, 52.57102299 ], [ 13.39846306, 52.57086876 ] ] ] } },
{ "type": "Feature", "properties": { "id": "b_bauwerke.42831", "dnbr__sdatenid": 42831, "bauwerksart": "TU", "bauwerksname": "Tunnel Bucher Str.", "okstra_id": "5A85E75B0EFE445698F24C7AC2C97F3F", "bauwerksnummer": "49727-0010", "sib_bauwerksnummer": "-" }, "geometry": { "type": "MultiLineString", "coordinates": [ [ [ 13.44665453, 52.61708547 ], [ 13.44786428, 52.61622909 ] ] ] } },
{ "type": "Feature", "properties": { "id": "b_bauwerke.42832", "dnbr__sdatenid": 42832, "bauwerksart": "TU", "bauwerksname": "Tunnel Schönerlinder Str.", "okstra_id": "79E6E363FC22429DA1A34597693A3734", "bauwerksnummer": "49728-0010", "sib_bauwerksnummer": "-" }, "geometry": { "type": "MultiLineString", "coordinates": [ [ [ 13.43274475, 52.6264715 ], [ 13.4333254, 52.62607255 ] ] ] } },
{ "type": "Feature", "properties": { "id": "b_bauwerke.42875", "dnbr__sdatenid": 42875, "bauwerksart": "FTU", "bauwerksname": "FGT Allee der Kosmonauten", "okstra_id": "3F6F07F15B2D4339AAE960F030957965", "bauwerksnummer": "49773-0010", "sib_bauwerksnummer": "-" }, "geometry": { "type": "MultiLineString", "coordinates": [ [ [ 13.54309761, 52.52612927 ], [ 13.54309862, 52.52559098 ] ] ] } },
{ "type": "Feature", "properties": { "id": "b_bauwerke.42921", "dnbr__sdatenid": 42921, "bauwerksart": "TU", "bauwerksname": "Gleimtunnel", "okstra_id": "EE730EA8FF8D4BB897A6342A23B80279", "bauwerksnummer": "05590-0010", "sib_bauwerksnummer": "-" }, "geometry": { "type": "MultiLineString", "coordinates": [ [ [ 13.40133936, 52.54660609 ], [ 13.3992055, 52.54640477 ] ] ] } },
{ "type": "Feature", "properties": { "id": "b_bauwerke.42937", "dnbr__sdatenid": 42937, "bauwerksart": "BR", "bauwerksname": "Bäkebrücke", "okstra_id": "0CB3704FC40D4C19B3A2EAA8D683E707", "bauwerksnummer": "07209-0010", "sib_bauwerksnummer": "-" }, "geometry": { "type": "MultiLineString", "coordinates": [ [ [ 13.31603288, 52.43458073 ], [ 13.31680506, 52.43433562 ] ] ] } },
{ "type": "Feature", "properties": { "id": "b_bauwerke.42945", "dnbr__sdatenid": 42945, "bauwerksart": "BR", "bauwerksname": "Britzer Brücke", "okstra_id": "C092ACB75D5940B9B63F041E59835B8C", "bauwerksnummer": "07223-0010", "sib_bauwerksnummer": "-" }, "geometry": { "type": "MultiLineString", "coordinates": [ [ [ 13.43613874, 52.45834021 ], [ 13.43640149, 52.45779065 ] ] ] } },
{ "type": "Feature", "properties": { "id": "b_bauwerke.42946", "dnbr__sdatenid": 42946, "bauwerksart": "BR", "bauwerksname": "Buschkrugbrücke", "okstra_id": "EB90C4A1DCF44944A0C7247B06C1CFB2", "bauwerksnummer": "07232-0010", "sib_bauwerksnummer": "-" }, "geometry": { "type": "MultiLineString", "coordinates": [ [ [ 13.44722638, 52.45953205 ], [ 13.4474588, 52.45917383 ] ] ] } },
{ "type": "Feature", "properties": { "id": "b_bauwerke.42980", "dnbr__sdatenid": 42980, "bauwerksart": "BR", "bauwerksname": "Knesebeckbrücke", "okstra_id": "30FB8166FF21462D91B66A6D38A57334", "bauwerksnummer": "07326-0010", "sib_bauwerksnummer": "-" }, "geometry": { "type": "MultiLineString", "coordinates": [ [ [ 13.26890258, 52.40439782 ], [ 13.26898081, 52.40403974 ] ] ] } },
{ "type": "Feature", "properties": { "id": "b_bauwerke.42984", "dnbr__sdatenid": 42984, "bauwerksart": "BR", "bauwerksname": "Mussehlbrücke", "okstra_id": "0E894AEB1991406C9663D71B15384407", "bauwerksnummer": "07361-0010", "sib_bauwerksnummer": "-" }, "geometry": { "type": "MultiLineString", "coordinates": [ [ [ 13.41330266, 52.45791222 ], [ 13.41396731, 52.45828187 ] ] ] } },
{ "type": "Feature", "properties": { "id": "b_bauwerke.42985", "dnbr__sdatenid": 42985, "bauwerksart": "BR", "bauwerksname": "Nathanbrücke", "okstra_id": "10019A2D0B0245F98AF2D494384070ED", "bauwerksnummer": "07362-0010", "sib_bauwerksnummer": "-" }, "geometry": { "type": "MultiLineString", "coordinates": [ [ [ 13.14530982, 52.39896137 ], [ 13.1449457, 52.39866872 ] ] ] } },
{ "type": "Feature", "properties": { "id": "b_bauwerke.43019", "dnbr__sdatenid": 43019, "bauwerksart": "BR", "bauwerksname": "Massantebrücke", "okstra_id": "AED34992C4FF47B6A5146B089AAB07C1", "bauwerksnummer": "07347-0010", "sib_bauwerksnummer": "-" }, "geometry": { "type": "MultiLineString", "coordinates": [ [ [ 13.49716272, 52.43312327 ], [ 13.49785246, 52.43361733 ] ] ] } },
{ "type": "Feature", "properties": { "id": "b_bauwerke.43033", "dnbr__sdatenid": 43033, "bauwerksart": "BR", "bauwerksname": "Hermann-Maass-Brücke", "okstra_id": "40D712EF5EDE4C0D857E5471F3FA0E8B", "bauwerksnummer": "07375-0010", "sib_bauwerksnummer": "-" }, "geometry": { "type": "MultiLineString", "coordinates": [ [ [ 13.32948283, 52.53906728 ], [ 13.33025903, 52.53933113 ] ] ] } },
{ "type": "Feature", "properties": { "id": "b_bauwerke.43040", "dnbr__sdatenid": 43040, "bauwerksart": "BR", "bauwerksname": "Prinzregent-Ludwig-Brücke", "okstra_id": "C7775C44D42F4742AD77F8062844D179", "bauwerksnummer": "07382-0010", "sib_bauwerksnummer": "-" }, "geometry": { "type": "MultiLineString", "coordinates": [ [ [ 13.3303503, 52.44525926 ], [ 13.33063659, 52.44493797 ], [ 13.33080784, 52.44467552 ] ] ] } },
{ "type": "Feature", "properties": { "id": "b_bauwerke.43044", "dnbr__sdatenid": 43044, "bauwerksart": "BR", "bauwerksname": "Rungiusbrücke", "okstra_id": "EE9C120F8A804F609AE3482A30928C4E", "bauwerksnummer": "07391-0010", "sib_bauwerksnummer": "-" }, "geometry": { "type": "MultiLineString", "coordinates": [ [ [ 13.44140796, 52.45879609 ], [ 13.44157118, 52.4583333 ] ] ] } },
{ "type": "Feature", "properties": { "id": "b_bauwerke.43052", "dnbr__sdatenid": 43052, "bauwerksart": "BR", "bauwerksname": "Sieversbrücke", "okstra_id": "1E7FB590FE0D4AC4AA980DFAFE709734", "bauwerksnummer": "07419-0010", "sib_bauwerksnummer": "-" }, "geometry": { "type": "MultiLineString", "coordinates": [ [ [ 13.35397148, 52.44242066 ], [ 13.35400558, 52.44333109 ] ] ] } },
{ "type": "Feature", "properties": { "id": "b_bauwerke.43123", "dnbr__sdatenid": 43123, "bauwerksart": "BR", "bauwerksname": "Zugbrücke (Zitadellengraben)", "okstra_id": "C9C5144A83484089A8AD1EAE2A957243", "bauwerksnummer": "17483-0010", "sib_bauwerksnummer": "-" }, "geometry": { "type": "MultiLineString", "coordinates": [ [ [ 13.21242904, 52.54008326 ], [ 13.21272799, 52.53952929 ] ] ] } },
{ "type": "Feature", "properties": { "id": "b_bauwerke.43125", "dnbr__sdatenid": 43125, "bauwerksart": "BPA", "bauwerksname": "Inselbrücke 2 (Schloßp. Charl.)", "okstra_id": "9E1070AA84024756B5FB00AAEAEE3655", "bauwerksnummer": "17495-0010", "sib_bauwerksnummer": "-" }, "geometry": { "type": "MultiLineString", "coordinates": [ [ [ 13.29621456, 52.52381378 ], [ 13.29624873, 52.52364743 ] ] ] } },
{ "type": "Feature", "properties": { "id": "b_bauwerke.43126", "dnbr__sdatenid": 43126, "bauwerksart": "BPA", "bauwerksname": "Hohe Brücke im Schloßp. Charl.", "okstra_id": "6BFD362A03A246F6B5411C5690EE1C77", "bauwerksnummer": "17496-0010", "sib_bauwerksnummer": "-" }, "geometry": { "type": "MultiLineString", "coordinates": [ [ [ 13.29469875, 52.5264107 ], [ 13.29501943, 52.52642621 ] ] ] } },
{ "type": "Feature", "properties": { "id": "b_bauwerke.43127", "dnbr__sdatenid": 43127, "bauwerksart": "BPA", "bauwerksname": "Holzbrücke im Schloßp. Charl.", "okstra_id": "F6721D02D40A43DD898C1EE79ECB8776", "bauwerksnummer": "17497-0010", "sib_bauwerksnummer": "-" }, "geometry": { "type": "MultiLineString", "coordinates": [ [ [ 13.28851337, 52.52715792 ], [ 13.28845127, 52.52707495 ] ] ] } },
{ "type": "Feature", "properties": { "id": "b_bauwerke.43128", "dnbr__sdatenid": 43128, "bauwerksart": "BR", "bauwerksname": "Altglienicker Brücke (Teltowkanal)", "okstra_id": "D2F02AAB4199466A812168245E22ECF9", "bauwerksnummer": "44488-0010", "sib_bauwerksnummer": "-" }, "geometry": { "type": "MultiLineString", "coordinates": [ [ [ 13.54540676, 52.42529462 ], [ 13.54524193, 52.42519297 ], [ 13.54474712, 52.42486731 ], [ 13.54460465, 52.42477805 ] ] ] } },
{ "type": "Feature", "properties": { "id": "b_bauwerke.43131", "dnbr__sdatenid": 43131, "bauwerksart": "BR", "bauwerksname": "Kiefholzbrücke (Britzer Zweigkanal)", "okstra_id": "977ABA73534843F9A5C1476D130C2B85", "bauwerksnummer": "44755-0010", "sib_bauwerksnummer": "-" }, "geometry": { "type": "MultiLineString", "coordinates": [ [ [ 13.49114343, 52.46269967 ], [ 13.49164326, 52.46235156 ] ] ] } },
{ "type": "Feature", "properties": { "id": "b_bauwerke.43142", "dnbr__sdatenid": 43142, "bauwerksart": "FTU", "bauwerksname": "FGT Leipziger Str.", "okstra_id": "D4E8DC0E84014734A203ED3B4A9EE9B9", "bauwerksnummer": "49537-0010", "sib_bauwerksnummer": "-" }, "geometry": { "type": "MultiLineString", "coordinates": [ [ [ 13.39616516, 52.51104342 ], [ 13.39618924, 52.51066333 ] ] ] } },
{ "type": "Feature", "properties": { "id": "b_bauwerke.43144", "dnbr__sdatenid": 43144, "bauwerksart": "FTU", "bauwerksname": "FGT Palast der Republik", "okstra_id": "9E77F75391C54D3882953E1B3ECD0168", "bauwerksnummer": "49549-0010", "sib_bauwerksnummer": "-" }, "geometry": { "type": "MultiLineString", "coordinates": [ [ [ 13.40236596, 52.51900914 ], [ 13.40271974, 52.51867641 ] ] ] } },
{ "type": "Feature", "properties": { "id": "b_bauwerke.43149", "dnbr__sdatenid": 43149, "bauwerksart": "FTU", "bauwerksname": "FGT Greifswalder Str.", "okstra_id": "1DC0480CD7C243BA9C2369678FCF67FB", "bauwerksnummer": "49561-0010", "sib_bauwerksnummer": "-" }, "geometry": { "type": "MultiLineString", "coordinates": [ [ [ 13.43781267, 52.54080417 ], [ 13.43854792, 52.54051148 ] ] ] } },
{ "type": "Feature", "properties": { "id": "b_bauwerke.43155", "dnbr__sdatenid": 43155, "bauwerksart": "BR", "bauwerksname": "Wegedornbrücke", "okstra_id": "9B922E699D564F0D9CDFE36B298867BA", "bauwerksnummer": "49579-0010", "sib_bauwerksnummer": "-" }, "geometry": { "type": "MultiLineString", "coordinates": [ [ [ 13.54797654, 52.40941289 ], [ 13.54858383, 52.40919491 ] ] ] } },
{ "type": "Feature", "properties": { "id": "b_bauwerke.43157", "dnbr__sdatenid": 43157, "bauwerksart": "BR", "bauwerksname": "Brigittensteg (Fußgängerbrücke)", "okstra_id": "9A079295CE9240D48AB3C49CAA8B6AB7", "bauwerksnummer": "49581-0010", "sib_bauwerksnummer": "-" }, "geometry": { "type": "MultiLineString", "coordinates": [ [ [ 13.53257888, 52.40039878 ], [ 13.53161775, 52.40051934 ] ] ] } },
{ "type": "Feature", "properties": { "id": "b_bauwerke.43167", "dnbr__sdatenid": 43167, "bauwerksart": "BR", "bauwerksname": "Marggraffbrücke (Britzer Zweigkanal)", "okstra_id": "6B7E002E13614D7BACC570ED6BD7F606", "bauwerksnummer": "49593-0010", "sib_bauwerksnummer": "-" }, "geometry": { "type": "MultiLineString", "coordinates": [ [ [ 13.49502192, 52.46661054 ], [ 13.49549964, 52.46627676 ] ] ] } },
{ "type": "Feature", "properties": { "id": "b_bauwerke.43168", "dnbr__sdatenid": 43168, "bauwerksart": "BR", "bauwerksname": "Baumschulenbrücke (Britz.Zweigkanal)", "okstra_id": "484EC0F513C0487B96776694220236AB", "bauwerksnummer": "49595-0010", "sib_bauwerksnummer": "-" }, "geometry": { "type": "MultiLineString", "coordinates": [ [ [ 13.47910892, 52.45903895 ], [ 13.47869228, 52.45868885 ] ] ] } },
{ "type": "Feature", "properties": { "id": "b_bauwerke.43196", "dnbr__sdatenid": 43196, "bauwerksart": "BR", "bauwerksname": "Späthstraßenbrücke", "okstra_id": "0AAF6618C6B74B6CB156A3F77DBE10F0", "bauwerksnummer": "07422-0010", "sib_bauwerksnummer": "-" }, "geometry": { "type": "MultiLineString", "coordinates": [ [ [ 13.46263446, 52.45109786 ], [ 13.46227316, 52.45095178 ], [ 13.46213111, 52.45092533 ] ] ] } },
{ "type": "Feature", "properties": { "id": "b_bauwerke.43211", "dnbr__sdatenid": 43211, "bauwerksart": "BR", "bauwerksname": "Sachsendammbrücken", "okstra_id": "13847B0B567B49BDB187DBE287CCF5DC", "bauwerksnummer": "17216-0010", "sib_bauwerksnummer": "-" }, "geometry": { "type": "MultiLineString", "coordinates": [ [ [ 13.36380402, 52.47313605 ], [ 13.36436226, 52.47404674 ] ] ] } },
{ "type": "Feature", "properties": { "id": "b_bauwerke.43224", "dnbr__sdatenid": 43224, "bauwerksart": "FTU", "bauwerksname": "FGT Karl-Liebknecht-Str.", "okstra_id": "D77FA5022FC24A158DEDA58C3B3A47FA", "bauwerksnummer": "49536-0020", "sib_bauwerksnummer": "-" }, "geometry": { "type": "MultiLineString", "coordinates": [ [ [ 13.41178695, 52.52374474 ], [ 13.4120006, 52.52343868 ] ] ] } },
{ "type": "Feature", "properties": { "id": "b_bauwerke.43225", "dnbr__sdatenid": 43225, "bauwerksart": "FTU", "bauwerksname": "FGT Karl-Liebknecht-Str.", "okstra_id": "BB3A939640724F3BBD21B94D3110BE99", "bauwerksnummer": "49536-0030", "sib_bauwerksnummer": "-" }, "geometry": { "type": "MultiLineString", "coordinates": [ [ [ 13.41178695, 52.52374474 ], [ 13.41124666, 52.52365749 ], [ 13.41106242, 52.52367153 ] ] ] } },
{ "type": "Feature", "properties": { "id": "b_bauwerke.43227", "dnbr__sdatenid": 43227, "bauwerksart": "BR", "bauwerksname": "Autobahnbrücke (Spechtstr.)", "okstra_id": "20010B39F2EF4A62864C2F477EB11B8B", "bauwerksnummer": "49592-0010", "sib_bauwerksnummer": "-" }, "geometry": { "type": "MultiLineString", "coordinates": [ [ [ 13.5648883, 52.39054685 ], [ 13.56495853, 52.39085372 ] ] ] } },
{ "type": "Feature", "properties": { "id": "b_bauwerke.43233", "dnbr__sdatenid": 43233, "bauwerksart": "BR", "bauwerksname": "Südliche Freiarmbrücke (Erpe)", "okstra_id": "1B8B8ADAC4F941EDBDE3DB735390C4DB", "bauwerksnummer": "49627-0010", "sib_bauwerksnummer": "-" }, "geometry": { "type": "MultiLineString", "coordinates": [ [ [ 13.59486165, 52.45292128 ], [ 13.59505432, 52.45296267 ] ] ] } },
{ "type": "Feature", "properties": { "id": "b_bauwerke.43244", "dnbr__sdatenid": 43244, "bauwerksart": "BR", "bauwerksname": "Britzer-Allee-Brücke", "okstra_id": "4684F8D905254F89B3950453F1C390AA", "bauwerksnummer": "08282-0010", "sib_bauwerksnummer": "-" }, "geometry": { "type": "MultiLineString", "coordinates": [ [ [ 13.47204332, 52.45931991 ], [ 13.47200319, 52.45874295 ] ] ] } },
{ "type": "Feature", "properties": { "id": "b_bauwerke.43249", "dnbr__sdatenid": 43249, "bauwerksart": "BR", "bauwerksname": "Neue Späthbrücke", "okstra_id": "10D4BD5A47D54172B6BA5418C9F462CA", "bauwerksnummer": "08967-0010", "sib_bauwerksnummer": "-" }, "geometry": { "type": "MultiLineString", "coordinates": [ [ [ 13.4609607, 52.45421122 ], [ 13.45996312, 52.45401769 ] ] ] } },
{ "type": "Feature", "properties": { "id": "b_bauwerke.43257", "dnbr__sdatenid": 43257, "bauwerksart": "BR", "bauwerksname": "Industriebahnbrücke", "okstra_id": "093C7664191F4F4383BE433DD1B747C4", "bauwerksnummer": "09438-0010", "sib_bauwerksnummer": "-" }, "geometry": { "type": "MultiLineString", "coordinates": [ [ [ 13.31569031, 52.57823034 ], [ 13.31599803, 52.57810444 ] ] ] } },
{ "type": "Feature", "properties": { "id": "b_bauwerke.43261", "dnbr__sdatenid": 43261, "bauwerksart": "BR", "bauwerksname": "Grünauer Brücke", "okstra_id": "3767EC95E389419CB81BC728149FFB47", "bauwerksnummer": "16955-0010", "sib_bauwerksnummer": "-" }, "geometry": { "type": "MultiLineString", "coordinates": [ [ [ 13.57290252, 52.42788175 ], [ 13.57260036, 52.42837692 ] ] ] } },
{ "type": "Feature", "properties": { "id": "b_bauwerke.43275", "dnbr__sdatenid": 43275, "bauwerksart": "FBR", "bauwerksname": "Brücke am schwarzen Graben", "okstra_id": "45982E44D298406A8BCECA2632D3F796", "bauwerksnummer": "17394-0030", "sib_bauwerksnummer": "-" }, "geometry": { "type": "MultiLineString", "coordinates": [ [ [ 13.32389601, 52.55149951 ], [ 13.32384583, 52.55129359 ] ] ] } },
{ "type": "Feature", "properties": { "id": "b_bauwerke.43282", "dnbr__sdatenid": 43282, "bauwerksart": "TU", "bauwerksname": "Straßentunnel Alexanderplatz", "okstra_id": "40889C714DD04537B3BEB4E6836F6DBD", "bauwerksnummer": "49527-0010", "sib_bauwerksnummer": "-" }, "geometry": { "type": "MultiLineString", "coordinates": [ [ [ 13.41701855, 52.5225472 ], [ 13.4151564, 52.52068097 ], [ 13.41462013, 52.52037806 ], [ 13.41464075, 52.5203781 ] ] ] } },
{ "type": "Feature", "properties": { "id": "b_bauwerke.43316", "dnbr__sdatenid": 43316, "bauwerksart": "BR", "bauwerksname": "Brücke über die A10 Verb.Buch-Karow", "okstra_id": "04904103D5BB4856ACF9FF18900CFC4C", "bauwerksnummer": "49746-0010", "sib_bauwerksnummer": "-" }, "geometry": { "type": "MultiLineString", "coordinates": [ [ [ 13.44110351, 52.63553956 ], [ 13.44135633, 52.63583202 ] ] ] } },
{ "type": "Feature", "properties": { "id": "b_bauwerke.43318", "dnbr__sdatenid": 43318, "bauwerksart": "BR", "bauwerksname": "Brücke A114 Auf-u.Zufahrt", "okstra_id": "3859EE3F1DB14D4BA231058A1DCCB5AF", "bauwerksnummer": "49749-0010", "sib_bauwerksnummer": "-" }, "geometry": { "type": "MultiLineString", "coordinates": [ [ [ 13.43020383, 52.58212982 ], [ 13.43052464, 52.58247691 ], [ 13.43083864, 52.58277956 ] ] ] } },
{ "type": "Feature", "properties": { "id": "b_bauwerke.43370", "dnbr__sdatenid": 43370, "bauwerksart": "FBR", "bauwerksname": "Hochpromenadenbrücke", "okstra_id": "EF612BC9E6EC4EC8BE91F67CC5F4804E", "bauwerksnummer": "17223-0010", "sib_bauwerksnummer": "-" }, "geometry": { "type": "MultiLineString", "coordinates": [ [ [ 13.33222121, 52.55513582 ], [ 13.33164809, 52.55481472 ] ] ] } },
{ "type": "Feature", "properties": { "id": "b_bauwerke.43375", "dnbr__sdatenid": 43375, "bauwerksart": "FBR", "bauwerksname": "Alfred-Lion-Steg", "okstra_id": "515F6D397E6040A0854403FE6E543A5D", "bauwerksnummer": "-", "sib_bauwerksnummer": "-" }, "geometry": { "type": "MultiLineString", "coordinates": [ [ [ 13.36791069, 52.48127772 ], [ 13.36960151, 52.48107266 ], [ 13.36956274, 52.48106737 ] ] ] } },
{ "type": "Feature", "properties": { "id": "b_bauwerke.43384", "dnbr__sdatenid": 43384, "bauwerksart": "FTU", "bauwerksname": "Tunnel Ernst-Reuter-Platz", "okstra_id": "C7A1658BC90A404688ADF7948B5AD3DF", "bauwerksnummer": "05614-0010", "sib_bauwerksnummer": "-" }, "geometry": { "type": "MultiLineString", "coordinates": [ [ [ 13.3221265, 52.51198694 ], [ 13.32190115, 52.51227779 ] ] ] } },
{ "type": "Feature", "properties": { "id": "b_bauwerke.43386", "dnbr__sdatenid": 43386, "bauwerksart": "TU", "bauwerksname": "Tunnel am Adenauerplatz", "okstra_id": "3D23E7EED15E48D88787A7CF112E3470", "bauwerksnummer": "05591-0010", "sib_bauwerksnummer": "-" }, "geometry": { "type": "MultiLineString", "coordinates": [ [ [ 13.30538773, 52.50237136 ], [ 13.30570563, 52.50199209 ], [ 13.30613223, 52.50144596 ], [ 13.30668021, 52.50081298 ], [ 13.3071103, 52.49998557 ], [ 13.30726825, 52.49891389 ], [ 13.30759484, 52.49814102 ], [ 13.30791444, 52.49711201 ] ] ] } },
{ "type": "Feature", "properties": { "id": "b_bauwerke.43387", "dnbr__sdatenid": 43387, "bauwerksart": "TU", "bauwerksname": "Wilmersdorfer Tunnel", "okstra_id": "E92D8010433B41668B81D53DB80F85CF", "bauwerksnummer": "05592-0010", "sib_bauwerksnummer": "-" }, "geometry": { "type": "MultiLineString", "coordinates": [ [ [ 13.33100178, 52.48753723 ], [ 13.33108447, 52.48595937 ] ] ] } },
{ "type": "Feature", "properties": { "id": "b_bauwerke.43395", "dnbr__sdatenid": 43395, "bauwerksart": "FTU", "bauwerksname": "FGT Zum Adenauerplatz", "okstra_id": "4CD5527BCBE6464287619920C473930D", "bauwerksnummer": "05617-0010", "sib_bauwerksnummer": "-" }, "geometry": { "type": "MultiLineString", "coordinates": [ [ [ 13.30756476, 52.49985918 ], [ 13.30734081, 52.50028275 ] ] ] } },
{ "type": "Feature", "properties": { "id": "b_bauwerke.43403", "dnbr__sdatenid": 43403, "bauwerksart": "BR", "bauwerksname": "Blockbrücke", "okstra_id": "45BA76D0B20E43148D2AFBC6A329946A", "bauwerksnummer": "07217-0010", "sib_bauwerksnummer": "-" }, "geometry": { "type": "MultiLineString", "coordinates": [ [ [ 13.16373102, 52.53330308 ], [ 13.16385592, 52.53330753 ] ] ] } },
{ "type": "Feature", "properties": { "id": "b_bauwerke.43405", "dnbr__sdatenid": 43405, "bauwerksart": "BR", "bauwerksname": "Brücke Nennhauser Damm", "okstra_id": "A907303FB54140EEB0CC080855F17651", "bauwerksnummer": "07227-0010", "sib_bauwerksnummer": "-" }, "geometry": { "type": "MultiLineString", "coordinates": [ [ [ 13.14096288, 52.53127415 ], [ 13.14105077, 52.53144281 ], [ 13.14107806, 52.53149416 ] ] ] } },
{ "type": "Feature", "properties": { "id": "b_bauwerke.43408", "dnbr__sdatenid": 43408, "bauwerksart": "BR", "bauwerksname": "Chausseestraßenbrücke", "okstra_id": "524CBC1F2E2D48FBBF69052C92902DEF", "bauwerksnummer": "07237-0010", "sib_bauwerksnummer": "-" }, "geometry": { "type": "MultiLineString", "coordinates": [ [ [ 13.3717874, 52.53904117 ], [ 13.37132798, 52.53935177 ] ] ] } },
{ "type": "Feature", "properties": { "id": "b_bauwerke.43417", "dnbr__sdatenid": 43417, "bauwerksart": "BR", "bauwerksname": "Grützmachergraben-Brücke", "okstra_id": "954614E886E54E04AAFF003A596AA761", "bauwerksnummer": "07295-0010", "sib_bauwerksnummer": "-" }, "geometry": { "type": "MultiLineString", "coordinates": [ [ [ 13.22971489, 52.53807789 ], [ 13.22989155, 52.53809915 ] ] ] } },
{ "type": "Feature", "properties": { "id": "b_bauwerke.43433", "dnbr__sdatenid": 43433, "bauwerksart": "FBR", "bauwerksname": "Telegrafenwegbrücke (Östl.)", "okstra_id": "9110FE052C1E410CB9FB7876AC0980CD", "bauwerksnummer": "07440-0010", "sib_bauwerksnummer": "-" }, "geometry": { "type": "MultiLineString", "coordinates": [ [ [ 13.23110605, 52.54151082 ], [ 13.23128631, 52.54139457 ] ] ] } },
{ "type": "Feature", "properties": { "id": "b_bauwerke.43434", "dnbr__sdatenid": 43434, "bauwerksart": "BR", "bauwerksname": "Teubertbrücke", "okstra_id": "D701D7E88C724DC4AF6D958E09433D6C", "bauwerksnummer": "07442-0010", "sib_bauwerksnummer": "-" }, "geometry": { "type": "MultiLineString", "coordinates": [ [ [ 13.36549295, 52.4463073 ], [ 13.36641115, 52.44606817 ] ] ] } },
{ "type": "Feature", "properties": { "id": "b_bauwerke.43439", "dnbr__sdatenid": 43439, "bauwerksart": "BR", "bauwerksname": "Wannseebrücke", "okstra_id": "5D126CB3E0E443B7B40F8238B1B5CDF0", "bauwerksnummer": "07466-0010", "sib_bauwerksnummer": "-" }, "geometry": { "type": "MultiLineString", "coordinates": [ [ [ 13.17083971, 52.4208402 ], [ 13.17198855, 52.42076014 ] ] ] } },
{ "type": "Feature", "properties": { "id": "b_bauwerke.43443", "dnbr__sdatenid": 43443, "bauwerksart": "BR", "bauwerksname": "Ludwig-Hoffmann-Brücke", "okstra_id": "4E22F11358CC41D3B99C6EDAC81BB428", "bauwerksnummer": "07484-0010", "sib_bauwerksnummer": "-" }, "geometry": { "type": "MultiLineString", "coordinates": [ [ [ 13.32659611, 52.53709999 ], [ 13.32636248, 52.53769354 ] ] ] } },
{ "type": "Feature", "properties": { "id": "b_bauwerke.43451", "dnbr__sdatenid": 43451, "bauwerksart": "BR", "bauwerksname": "Dammbrücke", "okstra_id": "863F1CA8914C465B95700D77DC987F97", "bauwerksnummer": "09474-0010", "sib_bauwerksnummer": "-" }, "geometry": { "type": "MultiLineString", "coordinates": [ [ [ 13.20687438, 52.54029979 ], [ 13.20689711, 52.54023427 ], [ 13.20705029, 52.54009103 ], [ 13.20715965, 52.53990539 ] ] ] } },
{ "type": "Feature", "properties": { "id": "b_bauwerke.43455", "dnbr__sdatenid": 43455, "bauwerksart": "FTU", "bauwerksname": "FGT Karl-Liebknecht-Str.", "okstra_id": "59B66B44CD114F8E9130B6465AB48EA0", "bauwerksnummer": "49536-0010", "sib_bauwerksnummer": "-" }, "geometry": { "type": "MultiLineString", "coordinates": [ [ [ 13.41178695, 52.52374474 ], [ 13.41186624, 52.52410255 ], [ 13.41267595, 52.52392788 ], [ 13.41300686, 52.52405159 ], [ 13.41312568, 52.52415964 ] ] ] } },
{ "type": "Feature", "properties": { "id": "b_bauwerke.43457", "dnbr__sdatenid": 43457, "bauwerksart": "FTU", "bauwerksname": "FGT Schöneweide", "okstra_id": "B5399175E969403C8B863BDDC2CE173E", "bauwerksnummer": "49572-0010", "sib_bauwerksnummer": "-" }, "geometry": { "type": "MultiLineString", "coordinates": [ [ [ 13.50968875, 52.45612404 ], [ 13.50987145, 52.45601369 ], [ 13.51042944, 52.45640336 ], [ 13.51077396, 52.45629316 ] ] ] } },
{ "type": "Feature", "properties": { "id": "b_bauwerke.43467", "dnbr__sdatenid": 43467, "bauwerksart": "TU", "bauwerksname": "Straßentunnel Alt-Friedrichsfelde", "okstra_id": "943A1402F5244A17974C2E4770894D1F", "bauwerksnummer": "49676-0010", "sib_bauwerksnummer": "-" }, "geometry": { "type": "MultiLineString", "coordinates": [ [ [ 13.51828136, 52.50970966 ], [ 13.51962044, 52.50960393 ] ] ] } },
{ "type": "Feature", "properties": { "id": "b_bauwerke.43498", "dnbr__sdatenid": 43498, "bauwerksart": "BR", "bauwerksname": "Colditzbrücke", "okstra_id": "AA8272E6916F4022B19161FDD32C1F4C", "bauwerksnummer": "07241-0010", "sib_bauwerksnummer": "-" }, "geometry": { "type": "MultiLineString", "coordinates": [ [ [ 13.39422771, 52.45654635 ], [ 13.39467547, 52.45588131 ] ] ] } },
{ "type": "Feature", "properties": { "id": "b_bauwerke.43509", "dnbr__sdatenid": 43509, "bauwerksart": "BR", "bauwerksname": "Oraniendammbrücke", "okstra_id": "3C439B7B040042FC9076833A36070794", "bauwerksnummer": "07369-0010", "sib_bauwerksnummer": "3345001 0" }, "geometry": { "type": "MultiLineString", "coordinates": [ [ [ 13.31614785, 52.61229342 ], [ 13.31627729, 52.61225028 ] ] ] } },
{ "type": "Feature", "properties": { "id": "b_bauwerke.43511", "dnbr__sdatenid": 43511, "bauwerksart": "BR", "bauwerksname": "Freibadbrücke", "okstra_id": "36BA15A93CCC42C0A903ADE2C050C2FA", "bauwerksnummer": "17228-0010", "sib_bauwerksnummer": "3345003 0" }, "geometry": { "type": "MultiLineString", "coordinates": [ [ [ 13.32974776, 52.61893977 ], [ 13.3299261, 52.61897094 ] ] ] } },
{ "type": "Feature", "properties": { "id": "b_bauwerke.43512", "dnbr__sdatenid": 43512, "bauwerksart": "FBR", "bauwerksname": "Fürst-Bismarck-Steg", "okstra_id": "49FF2D8845A94839B1A1068C644EB791", "bauwerksnummer": "08061-0010", "sib_bauwerksnummer": "3345004 0" }, "geometry": { "type": "MultiLineString", "coordinates": [ [ [ 13.31136344, 52.60977414 ], [ 13.31172738, 52.60966367 ], [ 13.31167759, 52.60960783 ] ] ] } },
{ "type": "Feature", "properties": { "id": "b_bauwerke.43514", "dnbr__sdatenid": 43514, "bauwerksart": "BR", "bauwerksname": "Sandhauser Brücke", "okstra_id": "46638BD9843440299DA29B0F2F58114F", "bauwerksnummer": "07393-0010", "sib_bauwerksnummer": "3345006 0" }, "geometry": { "type": "MultiLineString", "coordinates": [ [ [ 13.21018777, 52.6018301 ], [ 13.21032071, 52.6015934 ] ] ] } },
{ "type": "Feature", "properties": { "id": "b_bauwerke.43515", "dnbr__sdatenid": 43515, "bauwerksart": "FBR", "bauwerksname": "St. Joseph-Steg", "okstra_id": "7DB655349D13456393DD13CF039A1929", "bauwerksnummer": "17219-0010", "sib_bauwerksnummer": "3345007 0" }, "geometry": { "type": "MultiLineString", "coordinates": [ [ [ 13.288833, 52.60085115 ], [ 13.28899565, 52.60058475 ] ] ] } },
{ "type": "Feature", "properties": { "id": "b_bauwerke.43516", "dnbr__sdatenid": 43516, "bauwerksart": "FBR", "bauwerksname": "Egidysteg", "okstra_id": "033CDC55745E4D7081AF5092C7FDA959", "bauwerksnummer": "07498-0010", "sib_bauwerksnummer": "3345008 0" }, "geometry": { "type": "MultiLineString", "coordinates": [ [ [ 13.30044603, 52.60585337 ], [ 13.30025298, 52.60614067 ] ] ] } },
{ "type": "Feature", "properties": { "id": "b_bauwerke.43517", "dnbr__sdatenid": 43517, "bauwerksart": "BR", "bauwerksname": "Kurhausstraßenbrücke", "okstra_id": "386E91A0D67541058707FC3370DBF23D", "bauwerksnummer": "07491-0010", "sib_bauwerksnummer": "3345009 0" }, "geometry": { "type": "MultiLineString", "coordinates": [ [ [ 13.31356771, 52.61077388 ], [ 13.31376157, 52.61070789 ] ] ] } },
{ "type": "Feature", "properties": { "id": "b_bauwerke.43518", "dnbr__sdatenid": 43518, "bauwerksart": "BR", "bauwerksname": "Frohnauer Brücke", "okstra_id": "52A48555EAC241DC84C5691AE5942C06", "bauwerksnummer": "07489-0010", "sib_bauwerksnummer": "3345010 0" }, "geometry": { "type": "MultiLineString", "coordinates": [ [ [ 13.28875974, 52.6327847 ], [ 13.28995671, 52.63328814 ] ] ] } },
{ "type": "Feature", "properties": { "id": "b_bauwerke.43519", "dnbr__sdatenid": 43519, "bauwerksart": "FBR", "bauwerksname": "Brücke am Falkentaler Steig", "okstra_id": "67B7379B17844F3DBF37366A4398087E", "bauwerksnummer": "17251-0010", "sib_bauwerksnummer": "3345011 0" }, "geometry": { "type": "MultiLineString", "coordinates": [ [ [ 13.29787758, 52.62583502 ], [ 13.29846617, 52.62611882 ] ] ] } },
{ "type": "Feature", "properties": { "id": "b_bauwerke.43521", "dnbr__sdatenid": 43521, "bauwerksart": "BR", "bauwerksname": "Dianasteg", "okstra_id": "CF5615DE225E4063BCE20F3E6E226AF0", "bauwerksnummer": "20136", "sib_bauwerksnummer": "3345015 0" }, "geometry": { "type": "MultiLineString", "coordinates": [ [ [ 13.31484541, 52.61109805 ], [ 13.31496824, 52.61101449 ], [ 13.31505815, 52.61097748 ], [ 13.31518397, 52.61093796 ], [ 13.3152817, 52.61090954 ] ] ] } },
{ "type": "Feature", "properties": { "id": "b_bauwerke.43522", "dnbr__sdatenid": 43522, "bauwerksart": "BR", "bauwerksname": "Fischgrundbrücke", "okstra_id": "6B2DB74D250D43309C0234C3F0653B54", "bauwerksnummer": "17203-0010", "sib_bauwerksnummer": "3345016 0" }, "geometry": { "type": "MultiLineString", "coordinates": [ [ [ 13.29370077, 52.62921576 ], [ 13.294493, 52.62952442 ] ] ] } },
{ "type": "Feature", "properties": { "id": "b_bauwerke.43523", "dnbr__sdatenid": 43523, "bauwerksart": "BR", "bauwerksname": "Gewölbebrücke Tegeler Fließ", "okstra_id": "DCAC91C2DE5A49DFB3475B089753E3EC", "bauwerksnummer": "3345014", "sib_bauwerksnummer": "3345014 0" }, "geometry": { "type": "MultiLineString", "coordinates": [ [ [ 13.28258536, 52.59847548 ], [ 13.28267111, 52.59837562 ] ] ] } },
{ "type": "Feature", "properties": { "id": "b_bauwerke.43524", "dnbr__sdatenid": 43524, "bauwerksart": "BR", "bauwerksname": "Brücke über den Hermsdorfer Damm", "okstra_id": "007FE800085F44CC9AA9BF67E244BDD5", "bauwerksnummer": "20170", "sib_bauwerksnummer": "3345024 0" }, "geometry": { "type": "MultiLineString", "coordinates": [ [ [ 13.28102952, 52.60031607 ], [ 13.28157838, 52.59976203 ] ] ] } },
{ "type": "Feature", "properties": { "id": "b_bauwerke.43525", "dnbr__sdatenid": 43525, "bauwerksart": "BR", "bauwerksname": "Grüne Brücke (Dambockstr.)", "okstra_id": "E25D155BCAC74BE297F07E28ABEE03E9", "bauwerksnummer": "20193", "sib_bauwerksnummer": "3345045 0" }, "geometry": { "type": "MultiLineString", "coordinates": [ [ [ 13.25261293, 52.61146018 ], [ 13.2524444, 52.61129082 ] ] ] } },
{ "type": "Feature", "properties": { "id": "b_bauwerke.43528", "dnbr__sdatenid": 43528, "bauwerksart": "BR", "bauwerksname": "Kiefheider-Weg-Brücke", "okstra_id": "4C836E7A11724B499CC86015E7C8E319", "bauwerksnummer": "20240", "sib_bauwerksnummer": "3345063A" }, "geometry": { "type": "MultiLineString", "coordinates": [ [ [ 13.24877978, 52.62270435 ], [ 13.24847936, 52.6225489 ] ] ] } },
{ "type": "Feature", "properties": { "id": "b_bauwerke.43532", "dnbr__sdatenid": 43532, "bauwerksart": "BR", "bauwerksname": "Sellheimbrücke", "okstra_id": "4AA2938BDECE438C8F7895CF52875565", "bauwerksnummer": "49680-0010", "sib_bauwerksnummer": "3346003 0" }, "geometry": { "type": "MultiLineString", "coordinates": [ [ [ 13.46915439, 52.59954853 ], [ 13.46929822, 52.59987923 ] ] ] } },
{ "type": "Feature", "properties": { "id": "b_bauwerke.43533", "dnbr__sdatenid": 43533, "bauwerksart": "BR", "bauwerksname": "Blankenburger-Laake-Brücke", "okstra_id": "8FC07CC8C6C74A5F820404FD5C713F92", "bauwerksnummer": "49681-0010", "sib_bauwerksnummer": "3346004 0" }, "geometry": { "type": "MultiLineString", "coordinates": [ [ [ 13.46886673, 52.59886822 ], [ 13.46893563, 52.59899592 ] ] ] } },
{ "type": "Feature", "properties": { "id": "b_bauwerke.43535", "dnbr__sdatenid": 43535, "bauwerksart": "BR", "bauwerksname": "Bahnhofstr-Br.(Buchholz/Panke)", "okstra_id": "D0B4EA044D1A48DDA303D73CD4AED31B", "bauwerksnummer": "49695-0010", "sib_bauwerksnummer": "3346008 0" }, "geometry": { "type": "MultiLineString", "coordinates": [ [ [ 13.43839016, 52.59201121 ], [ 13.43866636, 52.59195054 ] ] ] } },
{ "type": "Feature", "properties": { "id": "b_bauwerke.43536", "dnbr__sdatenid": 43536, "bauwerksart": "BR", "bauwerksname": "Schönerlinder-Weg-Brücke (Panke)", "okstra_id": "A5922BB4AECE4B03B124D7B3796ACFCA", "bauwerksnummer": "49700-0010", "sib_bauwerksnummer": "3346012 0" }, "geometry": { "type": "MultiLineString", "coordinates": [ [ [ 13.47361955, 52.62421084 ], [ 13.47374415, 52.62404924 ] ] ] } },
{ "type": "Feature", "properties": { "id": "b_bauwerke.43541", "dnbr__sdatenid": 43541, "bauwerksart": "BR", "bauwerksname": "Buchholzer Brücke", "okstra_id": "092A9DDFC1F7416DAC9FD8B0F475801C", "bauwerksnummer": "49716-0010", "sib_bauwerksnummer": "3346017 0" }, "geometry": { "type": "MultiLineString", "coordinates": [ [ [ 13.39938787, 52.61661805 ], [ 13.39967229, 52.61643707 ] ] ] } },
{ "type": "Feature", "properties": { "id": "b_bauwerke.43542", "dnbr__sdatenid": 43542, "bauwerksart": "BR", "bauwerksname": "Blumenwegbrücke", "okstra_id": "23E512313EB0424387CD68AD43590B7D", "bauwerksnummer": "49720-0010", "sib_bauwerksnummer": "3346018 0" }, "geometry": { "type": "MultiLineString", "coordinates": [ [ [ 13.39317809, 52.60100011 ], [ 13.3934045, 52.60061054 ] ] ] } },
{ "type": "Feature", "properties": { "id": "b_bauwerke.43543", "dnbr__sdatenid": 43543, "bauwerksart": "BR", "bauwerksname": "Blankenfelder Straßenbrücke", "okstra_id": "06BACED1C9FB44BCB3E2CB62FC3EBFF6", "bauwerksnummer": "49721-0010", "sib_bauwerksnummer": "3346019 0" }, "geometry": { "type": "MultiLineString", "coordinates": [ [ [ 13.40222461, 52.60262793 ], [ 13.40246885, 52.60219883 ] ] ] } },
{ "type": "Feature", "properties": { "id": "b_bauwerke.43544", "dnbr__sdatenid": 43544, "bauwerksart": "BR", "bauwerksname": "Hobrechtsfelder Brücke", "okstra_id": "E308CCA31C574C9F8B929142C32C4BF2", "bauwerksnummer": "49724-0010", "sib_bauwerksnummer": "3346020 0" }, "geometry": { "type": "MultiLineString", "coordinates": [ [ [ 13.46317649, 52.62893279 ], [ 13.46341211, 52.62911554 ] ] ] } },
{ "type": "Feature", "properties": { "id": "b_bauwerke.43545", "dnbr__sdatenid": 43545, "bauwerksart": "BR", "bauwerksname": "Lindenhofbrücke (B 109)", "okstra_id": "63C20D754C714B4587833C77D5FEE743", "bauwerksnummer": "49766-0010", "sib_bauwerksnummer": "3346021 0" }, "geometry": { "type": "MultiLineString", "coordinates": [ [ [ 13.43336867, 52.62664326 ], [ 13.43303661, 52.626259 ] ] ] } },
{ "type": "Feature", "properties": { "id": "b_bauwerke.43546", "dnbr__sdatenid": 43546, "bauwerksart": "BR", "bauwerksname": "Schönerlinder Brücke (A114)", "okstra_id": "1AB0E9977C7D49F3AB6C92858ADF8CAE", "bauwerksnummer": "49764-0010", "sib_bauwerksnummer": "3346022 0" }, "geometry": { "type": "MultiLineString", "coordinates": [ [ [ 13.4310351, 52.62377319 ], [ 13.43071835, 52.62321111 ] ] ] } },
{ "type": "Feature", "properties": { "id": "b_bauwerke.43549", "dnbr__sdatenid": 43549, "bauwerksart": "BR", "bauwerksname": "Schloßparkbrücke I (Panke)", "okstra_id": "1701C0214F36471188047B7F52BEE3A7", "bauwerksnummer": "49735-0010", "sib_bauwerksnummer": "3446217 0" }, "geometry": { "type": "MultiLineString", "coordinates": [ [ [ 13.40759219, 52.57544032 ], [ 13.4077342, 52.5753588 ] ] ] } },
{ "type": "Feature", "properties": { "id": "b_bauwerke.43550", "dnbr__sdatenid": 43550, "bauwerksart": "BR", "bauwerksname": "Schloßparkbrücke II(Panke)", "okstra_id": "B499DBF620974052BC60A76878E3D610", "bauwerksnummer": "49736-0010", "sib_bauwerksnummer": "3446218 0" }, "geometry": { "type": "MultiLineString", "coordinates": [ [ [ 13.40971821, 52.57789697 ], [ 13.40992462, 52.57782871 ] ] ] } },
{ "type": "Feature", "properties": { "id": "b_bauwerke.43552", "dnbr__sdatenid": 43552, "bauwerksart": "BR", "bauwerksname": "Pankebrücke (Panke)", "okstra_id": "8E1917D07E60412F8430D5C5ECF192CF", "bauwerksnummer": "49731-0010", "sib_bauwerksnummer": "-" }, "geometry": { "type": "MultiLineString", "coordinates": [ [ [ 13.44934856, 52.60813506 ], [ 13.44936809, 52.60791409 ] ] ] } },
{ "type": "Feature", "properties": { "id": "b_bauwerke.43553", "dnbr__sdatenid": 43553, "bauwerksart": "BR", "bauwerksname": "Schloßparkbrücke Buch II", "okstra_id": "185035CF7B4E4C1AB06DCA55792543AC", "bauwerksnummer": "19135", "sib_bauwerksnummer": "3346026 0" }, "geometry": { "type": "MultiLineString", "coordinates": [ [ [ 13.4950608, 52.6358274 ], [ 13.49517532, 52.63580599 ] ] ] } },
{ "type": "Feature", "properties": { "id": "b_bauwerke.43555", "dnbr__sdatenid": 43555, "bauwerksart": "BR", "bauwerksname": "Schloßparkbrücke (Buch) VIII", "okstra_id": "2F03D87FBE9E484E8094F094CE937E49", "bauwerksnummer": "19148", "sib_bauwerksnummer": "3346032 0" }, "geometry": { "type": "MultiLineString", "coordinates": [ [ [ 13.49710626, 52.63770478 ], [ 13.49732748, 52.63773867 ] ] ] } },
{ "type": "Feature", "properties": { "id": "b_bauwerke.43556", "dnbr__sdatenid": 43556, "bauwerksart": "BR", "bauwerksname": "Schloßparkbrücke (Buch) IX", "okstra_id": "A4717F065CB341C19705F32913F73A36", "bauwerksnummer": "19149", "sib_bauwerksnummer": "3346033 0" }, "geometry": { "type": "MultiLineString", "coordinates": [ [ [ 13.49809543, 52.63852205 ], [ 13.4981424, 52.63840283 ] ] ] } },
{ "type": "Feature", "properties": { "id": "b_bauwerke.43558", "dnbr__sdatenid": 43558, "bauwerksart": "BR", "bauwerksname": "Schloßparkbrücke (Buch) V", "okstra_id": "AF1202167F474E3F85E82B018BA90CAD", "bauwerksnummer": "19138", "sib_bauwerksnummer": "3346029 0" }, "geometry": { "type": "MultiLineString", "coordinates": [ [ [ 13.49799277, 52.63871495 ], [ 13.49802358, 52.63864484 ] ] ] } },
{ "type": "Feature", "properties": { "id": "b_bauwerke.43559", "dnbr__sdatenid": 43559, "bauwerksart": "BR", "bauwerksname": "Brücke ü.d.Lietzengraben ÜBB1", "okstra_id": "14DFA6936F9342BABE5AEA09E32C4987", "bauwerksnummer": "49744-0010", "sib_bauwerksnummer": "3346035 1" }, "geometry": { "type": "MultiLineString", "coordinates": [ [ [ 13.46143938, 52.63012047 ], [ 13.461761, 52.63006154 ] ] ] } },
{ "type": "Feature", "properties": { "id": "b_bauwerke.43561", "dnbr__sdatenid": 43561, "bauwerksart": "BR", "bauwerksname": "Brücke A114 über die Laake", "okstra_id": "7B9A1CA9441D4BD78B11C7AA7C53C3EF", "bauwerksnummer": "49763-0010", "sib_bauwerksnummer": "3346043 0" }, "geometry": { "type": "MultiLineString", "coordinates": [ [ [ 13.44763014, 52.60207246 ], [ 13.44770805, 52.60224575 ] ] ] } },
{ "type": "Feature", "properties": { "id": "b_bauwerke.43563", "dnbr__sdatenid": 43563, "bauwerksart": "BR", "bauwerksname": "Brücke am Hebammensteig (über A114)", "okstra_id": "BDFE0D7122DA4353862A3CB14D95B9B3", "bauwerksnummer": "49758-0010", "sib_bauwerksnummer": "3346044 0" }, "geometry": { "type": "MultiLineString", "coordinates": [ [ [ 13.44623851, 52.60071971 ], [ 13.4473238, 52.60052756 ] ] ] } },
{ "type": "Feature", "properties": { "id": "b_bauwerke.43564", "dnbr__sdatenid": 43564, "bauwerksart": "BR", "bauwerksname": "Königsteinbrücke", "okstra_id": "FEE4B0F699444DA6900476FDB6590B66", "bauwerksnummer": "49759-0010", "sib_bauwerksnummer": "3346045 0" }, "geometry": { "type": "MultiLineString", "coordinates": [ [ [ 13.44853199, 52.60664784 ], [ 13.44982088, 52.60658775 ] ] ] } },
{ "type": "Feature", "properties": { "id": "b_bauwerke.43565", "dnbr__sdatenid": 43565, "bauwerksart": "BR", "bauwerksname": "Westliche Bucher-Straßenbrücke", "okstra_id": "24DCAC86BA754D56B886133FBD548D79", "bauwerksnummer": "49761-0010", "sib_bauwerksnummer": "3346047A" }, "geometry": { "type": "MultiLineString", "coordinates": [ [ [ 13.44437248, 52.61516608 ], [ 13.44371823, 52.61485864 ] ] ] } },
{ "type": "Feature", "properties": { "id": "b_bauwerke.43567", "dnbr__sdatenid": 43567, "bauwerksart": "BR", "bauwerksname": "Östliche Bucher-Straßenbrücke", "okstra_id": "7740DB2A9F054972BBE1BBCB680E136C", "bauwerksnummer": "49734-0010", "sib_bauwerksnummer": "3346050 0" }, "geometry": { "type": "MultiLineString", "coordinates": [ [ [ 13.44687207, 52.61660053 ], [ 13.44655705, 52.61637 ] ] ] } },
{ "type": "Feature", "properties": { "id": "b_bauwerke.43568", "dnbr__sdatenid": 43568, "bauwerksart": "BR", "bauwerksname": "Finsterwalder Brücke", "okstra_id": "F77FBBBD5F71494DA66E7A1090D44A53", "bauwerksnummer": "07343-0010", "sib_bauwerksnummer": "3346054 0" }, "geometry": { "type": "MultiLineString", "coordinates": [ [ [ 13.34704761, 52.60226316 ], [ 13.34764725, 52.60249623 ] ] ] } },
{ "type": "Feature", "properties": { "id": "b_bauwerke.43573", "dnbr__sdatenid": 43573, "bauwerksart": "BR", "bauwerksname": "Holzbrücke", "okstra_id": "751D8ABFA04C46BD85027937E15B298C", "bauwerksnummer": "17351-0010", "sib_bauwerksnummer": "3446082 0" }, "geometry": { "type": "MultiLineString", "coordinates": [ [ [ 13.36588607, 52.51510829 ], [ 13.36608778, 52.51512401 ] ] ] } },
{ "type": "Feature", "properties": { "id": "b_bauwerke.43575", "dnbr__sdatenid": 43575, "bauwerksart": "FBR", "bauwerksname": "FGB ü.d.Fasaneriegraben", "okstra_id": "869EE1A65FB14B2984B63FEE2460E4E1", "bauwerksnummer": "20201", "sib_bauwerksnummer": "3346062 0" }, "geometry": { "type": "MultiLineString", "coordinates": [ [ [ 13.35918818, 52.60282942 ], [ 13.35920823, 52.60268038 ] ] ] } },
{ "type": "Feature", "properties": { "id": "b_bauwerke.43582", "dnbr__sdatenid": 43582, "bauwerksart": "BR", "bauwerksname": "Pankgrafenbrücke (Panke)", "okstra_id": "16BA5081EE5B49118781D1BA759AEC20", "bauwerksnummer": "49699-0010", "sib_bauwerksnummer": "3346079 0" }, "geometry": { "type": "MultiLineString", "coordinates": [ [ [ 13.45978839, 52.61646781 ], [ 13.46029179, 52.61638572 ] ] ] } },
{ "type": "Feature", "properties": { "id": "b_bauwerke.43584", "dnbr__sdatenid": 43584, "bauwerksart": "BR", "bauwerksname": "Brücke im Zuge der Boenkestraße", "okstra_id": "08D04A8B0BAC42E99874C5FAC29D823D", "bauwerksnummer": "19172", "sib_bauwerksnummer": "3346082 0" }, "geometry": { "type": "MultiLineString", "coordinates": [ [ [ 13.48151314, 52.62711882 ], [ 13.48081454, 52.62640811 ] ] ] } },
{ "type": "Feature", "properties": { "id": "b_bauwerke.43586", "dnbr__sdatenid": 43586, "bauwerksart": "BR", "bauwerksname": "Schloßparkbrücke (Buch) VI", "okstra_id": "F129CBF714C94608897F3F861DB2F66D", "bauwerksnummer": "19139", "sib_bauwerksnummer": "3347002 0" }, "geometry": { "type": "MultiLineString", "coordinates": [ [ [ 13.49959797, 52.63898003 ], [ 13.4996515, 52.63891718 ] ] ] } },
{ "type": "Feature", "properties": { "id": "b_bauwerke.43587", "dnbr__sdatenid": 43587, "bauwerksart": "BR", "bauwerksname": "Schloßparkbrücke (Buch) VII", "okstra_id": "F9B7D9C2D5B44312838B9714459C78CD", "bauwerksnummer": "19140", "sib_bauwerksnummer": "3347003 0" }, "geometry": { "type": "MultiLineString", "coordinates": [ [ [ 13.49995446, 52.63870267 ], [ 13.50005988, 52.6386703 ] ] ] } },
{ "type": "Feature", "properties": { "id": "b_bauwerke.43588", "dnbr__sdatenid": 43588, "bauwerksart": "BR", "bauwerksname": "Schloßparkbrücke (Buch) X", "okstra_id": "4EB8260C38FD46BDA181E4CF4690BFDE", "bauwerksnummer": "19150", "sib_bauwerksnummer": "3347004 0" }, "geometry": { "type": "MultiLineString", "coordinates": [ [ [ 13.49861108, 52.6374347 ], [ 13.49868064, 52.63728938 ] ] ] } },
{ "type": "Feature", "properties": { "id": "b_bauwerke.43589", "dnbr__sdatenid": 43589, "bauwerksart": "BR", "bauwerksname": "Sudauer Brücke", "okstra_id": "6008477F90D344A7AB1DA7FB429F9F39", "bauwerksnummer": "19054", "sib_bauwerksnummer": "3347006 0" }, "geometry": { "type": "MultiLineString", "coordinates": [ [ [ 13.50647019, 52.64219336 ], [ 13.50659741, 52.64206065 ] ] ] } },
{ "type": "Feature", "properties": { "id": "b_bauwerke.43590", "dnbr__sdatenid": 43590, "bauwerksart": "BR", "bauwerksname": "Durchlass \"Am Luchgraben\"", "okstra_id": "8F366C105BEE4AB691C13B7C69C0D376", "bauwerksnummer": "18278", "sib_bauwerksnummer": "3347007 0" }, "geometry": { "type": "MultiLineString", "coordinates": [ [ [ 13.50202494, 52.60062468 ], [ 13.50211984, 52.60047649 ] ] ] } },
{ "type": "Feature", "properties": { "id": "b_bauwerke.43593", "dnbr__sdatenid": 43593, "bauwerksart": "BR", "bauwerksname": "Spektebrücke", "okstra_id": "309EBE0060914405BF91D91B3B8E8540", "bauwerksnummer": "17229-0010", "sib_bauwerksnummer": "3444009 0" }, "geometry": { "type": "MultiLineString", "coordinates": [ [ [ 13.16143222, 52.54574681 ], [ 13.16096304, 52.54536753 ], [ 13.16040649, 52.54502744 ] ] ] } },
{ "type": "Feature", "properties": { "id": "b_bauwerke.43595", "dnbr__sdatenid": 43595, "bauwerksart": "BR", "bauwerksname": "Kontrollpunktsteg", "okstra_id": "588A6191F787423AB5277C89AEFB3226", "bauwerksnummer": "08051", "sib_bauwerksnummer": "3444003 0" }, "geometry": { "type": "MultiLineString", "coordinates": [ [ [ 13.15429679, 52.52184358 ], [ 13.15417068, 52.52166831 ] ] ] } },
{ "type": "Feature", "properties": { "id": "b_bauwerke.43596", "dnbr__sdatenid": 43596, "bauwerksart": "FBR", "bauwerksname": "Stieglakegrabensteg", "okstra_id": "2FCF5FC4D0514607803F4F51232F3BC6", "bauwerksnummer": "17449-0010", "sib_bauwerksnummer": "-" }, "geometry": { "type": "MultiLineString", "coordinates": [ [ [ 13.14980622, 52.53140396 ], [ 13.1500154, 52.5314102 ] ] ] } },
{ "type": "Feature", "properties": { "id": "b_bauwerke.43599", "dnbr__sdatenid": 43599, "bauwerksart": "BR", "bauwerksname": "Bahnhofsbrücke Staaken", "okstra_id": "B0D35DCC5F63424FA0467D41CAACAA8E", "bauwerksnummer": "17485-0010", "sib_bauwerksnummer": "3444010 0" }, "geometry": { "type": "MultiLineString", "coordinates": [ [ [ 13.14218127, 52.53749995 ], [ 13.1422491, 52.53803313 ] ] ] } },
{ "type": "Feature", "properties": { "id": "b_bauwerke.43601", "dnbr__sdatenid": 43601, "bauwerksart": "BR", "bauwerksname": "Spektelakesteg I", "okstra_id": "417E8164EC6E49438B61306F11F00ADD", "bauwerksnummer": "17229-0020", "sib_bauwerksnummer": "3444012 0" }, "geometry": { "type": "MultiLineString", "coordinates": [ [ [ 13.15186324, 52.54635141 ], [ 13.15178131, 52.54615697 ] ] ] } },
{ "type": "Feature", "properties": { "id": "b_bauwerke.43604", "dnbr__sdatenid": 43604, "bauwerksart": "BR", "bauwerksname": "Gotzkowskybrücke", "okstra_id": "659BD7370B8F44E5876403C1B00316FB", "bauwerksnummer": "07290-0010", "sib_bauwerksnummer": "3445002A" }, "geometry": { "type": "MultiLineString", "coordinates": [ [ [ 13.32953045, 52.52275051 ], [ 13.32870415, 52.52240322 ], [ 13.32861511, 52.52235303 ] ] ] } },
{ "type": "Feature", "properties": { "id": "b_bauwerke.43605", "dnbr__sdatenid": 43605, "bauwerksart": "TU", "bauwerksname": "südlicher Tunnel Beusselstr.", "okstra_id": "C920EBCEB8264A979957C0CB648D2A0B", "bauwerksnummer": "05613-0010", "sib_bauwerksnummer": "3445008 0" }, "geometry": { "type": "MultiLineString", "coordinates": [ [ [ 13.32784862, 52.53517283 ], [ 13.32809709, 52.53525973 ], [ 13.32823487, 52.53537061 ] ] ] } },
{ "type": "Feature", "properties": { "id": "b_bauwerke.43606", "dnbr__sdatenid": 43606, "bauwerksart": "TU", "bauwerksname": "nördlicher Tunnel Beusselstr.", "okstra_id": "A7CEB0002BD2466B86FDFCC199F0FF52", "bauwerksnummer": "05613-0020", "sib_bauwerksnummer": "3445007 0" }, "geometry": { "type": "MultiLineString", "coordinates": [ [ [ 13.3264179, 52.53686588 ], [ 13.32672891, 52.53685948 ], [ 13.32708452, 52.53679658 ] ] ] } },
{ "type": "Feature", "properties": { "id": "b_bauwerke.43607", "dnbr__sdatenid": 43607, "bauwerksart": "BR", "bauwerksname": "Kaiserin-Augusta-Brücke", "okstra_id": "C09B26A42E5142D18E0F995A2C98677B", "bauwerksnummer": "07318-0010", "sib_bauwerksnummer": "3445010 0" }, "geometry": { "type": "MultiLineString", "coordinates": [ [ [ 13.31487251, 52.52576898 ], [ 13.31597442, 52.52579338 ] ] ] } },
{ "type": "Feature", "properties": { "id": "b_bauwerke.43608", "dnbr__sdatenid": 43608, "bauwerksart": "BR", "bauwerksname": "Sickingenbrücke", "okstra_id": "F8D4594162254D7D96B6AAFAB9903FF0", "bauwerksnummer": "07415-0010", "sib_bauwerksnummer": "3445011 0" }, "geometry": { "type": "MultiLineString", "coordinates": [ [ [ 13.31424223, 52.53031556 ], [ 13.31318899, 52.53005756 ] ] ] } },
{ "type": "Feature", "properties": { "id": "b_bauwerke.43609", "dnbr__sdatenid": 43609, "bauwerksart": "BR", "bauwerksname": "Spennrathbrücke", "okstra_id": "165C7ECF4F084323955AB2C061845C54", "bauwerksnummer": "07425-0010", "sib_bauwerksnummer": "3445013 0" }, "geometry": { "type": "MultiLineString", "coordinates": [ [ [ 13.32934328, 52.5392235 ], [ 13.33011687, 52.53946856 ] ] ] } },
{ "type": "Feature", "properties": { "id": "b_bauwerke.43613", "dnbr__sdatenid": 43613, "bauwerksart": "BR", "bauwerksname": "Charlottenburger Brücke", "okstra_id": "D89C643BD61F4D02B53B8923807C466D", "bauwerksnummer": "07236-0010", "sib_bauwerksnummer": "3445019 0" }, "geometry": { "type": "MultiLineString", "coordinates": [ [ [ 13.33161512, 52.51325339 ], [ 13.33022873, 52.5131638 ] ] ] } },
{ "type": "Feature", "properties": { "id": "b_bauwerke.43614", "dnbr__sdatenid": 43614, "bauwerksart": "BR", "bauwerksname": "Marchbrücke", "okstra_id": "EB147DD3A9B04303A0160A99C6F0A81D", "bauwerksnummer": "07346-0010", "sib_bauwerksnummer": "3445020A" }, "geometry": { "type": "MultiLineString", "coordinates": [ [ [ 13.32441627, 52.51694602 ], [ 13.32506622, 52.5174986 ] ] ] } },
{ "type": "Feature", "properties": { "id": "b_bauwerke.43615", "dnbr__sdatenid": 43615, "bauwerksart": "BR", "bauwerksname": "Dovebrücke", "okstra_id": "65BCDF46DAE4463FA1FEB97466404922", "bauwerksnummer": "07246-0010", "sib_bauwerksnummer": "3445021A" }, "geometry": { "type": "MultiLineString", "coordinates": [ [ [ 13.3187876, 52.51920562 ], [ 13.31967881, 52.51963929 ] ] ] } },
{ "type": "Feature", "properties": { "id": "b_bauwerke.43619", "dnbr__sdatenid": 43619, "bauwerksart": "FBR", "bauwerksname": "Dresselsteg", "okstra_id": "3D5B5AA9A48A49D79DEE9BCCC244D2CF", "bauwerksnummer": "07247-0010", "sib_bauwerksnummer": "3445030 0" }, "geometry": { "type": "MultiLineString", "coordinates": [ [ [ 13.28367036, 52.50888066 ], [ 13.28473276, 52.50862851 ] ] ] } },
{ "type": "Feature", "properties": { "id": "b_bauwerke.43620", "dnbr__sdatenid": 43620, "bauwerksart": "BR", "bauwerksname": "Ostpreußenbrücke", "okstra_id": "09DA969C626246BEA56DC2D41462CFA5", "bauwerksnummer": "07371-0010", "sib_bauwerksnummer": "3445031 0" }, "geometry": { "type": "MultiLineString", "coordinates": [ [ [ 13.28167014, 52.50640328 ], [ 13.28346527, 52.50645955 ] ] ] } },
{ "type": "Feature", "properties": { "id": "b_bauwerke.43625", "dnbr__sdatenid": 43625, "bauwerksart": "BR", "bauwerksname": "Passenheimer Brücke", "okstra_id": "707D63FF4115453CA414CCF29038C825", "bauwerksnummer": "07376-0010", "sib_bauwerksnummer": "3445036 0" }, "geometry": { "type": "MultiLineString", "coordinates": [ [ [ 13.23138051, 52.50973264 ], [ 13.23145072, 52.50932615 ] ] ] } },
{ "type": "Feature", "properties": { "id": "b_bauwerke.43627", "dnbr__sdatenid": 43627, "bauwerksart": "BR", "bauwerksname": "Rudolf-Wissell-Brücke", "okstra_id": "4D2E5811BBB64F4AAA4D770CDA1E95C8", "bauwerksnummer": "07390-0010", "sib_bauwerksnummer": "3445038 0" }, "geometry": { "type": "MultiLineString", "coordinates": [ [ [ 13.28580971, 52.53177052 ], [ 13.28539229, 52.53147537 ], [ 13.284979, 52.53113898 ], [ 13.28457764, 52.53075381 ], [ 13.28423832, 52.53040347 ], [ 13.28372672, 52.52980533 ], [ 13.2834783, 52.52948662 ], [ 13.28300296, 52.5288128 ], [ 13.28276362, 52.52845445 ], [ 13.28250465, 52.52802086 ], [ 13.28223076, 52.52751975 ], [ 13.28196828, 52.52698362 ], [ 13.28176488, 52.52654013 ], [ 13.28147639, 52.52577111 ], [ 13.28135101, 52.52538535 ], [ 13.28126149, 52.52498023 ], [ 13.28117574, 52.52447879 ], [ 13.28116279, 52.52429657 ] ] ] } },
{ "type": "Feature", "properties": { "id": "b_bauwerke.43628", "dnbr__sdatenid": 43628, "bauwerksart": "BR", "bauwerksname": "Brücke über Ein- u. Ausfahrt zur Avus am ADF", "okstra_id": "8202730FD5CD48D29373B0CFD0264966", "bauwerksnummer": "07044k", "sib_bauwerksnummer": "3445052 0" }, "geometry": { "type": "MultiLineString", "coordinates": [ [ [ 13.27871271, 52.50251133 ], [ 13.27889322, 52.50167123 ] ] ] } },
{ "type": "Feature", "properties": { "id": "b_bauwerke.43629", "dnbr__sdatenid": 43629, "bauwerksart": "BR", "bauwerksname": "Olympische Brücke", "okstra_id": "EEC18877CCA54B02AB1B9DE026C25782", "bauwerksnummer": "07367-0010", "sib_bauwerksnummer": "3445058 0" }, "geometry": { "type": "MultiLineString", "coordinates": [ [ [ 13.25323427, 52.51590112 ], [ 13.25405483, 52.51596981 ] ] ] } },
{ "type": "Feature", "properties": { "id": "b_bauwerke.43633", "dnbr__sdatenid": 43633, "bauwerksart": "BR", "bauwerksname": "Fürstenbrunner Brücke", "okstra_id": "C75A8112F1D5482FAE9B3229B793948C", "bauwerksnummer": "07270-0010", "sib_bauwerksnummer": "3445077 0" }, "geometry": { "type": "MultiLineString", "coordinates": [ [ [ 13.27457423, 52.5278724 ], [ 13.27424032, 52.52798554 ], [ 13.27395515, 52.52808354 ], [ 13.27372633, 52.52813768 ] ] ] } },
{ "type": "Feature", "properties": { "id": "b_bauwerke.43634", "dnbr__sdatenid": 43634, "bauwerksart": "BR", "bauwerksname": "Weltlingerbrücke", "okstra_id": "D80F356C1A084CBEA0D9370FB618EBF4", "bauwerksnummer": "07351-0010", "sib_bauwerksnummer": "3445097 0" }, "geometry": { "type": "MultiLineString", "coordinates": [ [ [ 13.29488881, 52.53963672 ], [ 13.29537572, 52.53962258 ] ] ] } },
{ "type": "Feature", "properties": { "id": "b_bauwerke.43635", "dnbr__sdatenid": 43635, "bauwerksart": "BR", "bauwerksname": "AFT-Überführung Kurt-Schumacher-Damm-Ost", "okstra_id": "80B0935DF88F445CB070721B1B306CF3", "bauwerksnummer": "07102", "sib_bauwerksnummer": "3445090 0" }, "geometry": { "type": "MultiLineString", "coordinates": [ [ [ 13.29821506, 52.54620577 ], [ 13.29849681, 52.54578162 ], [ 13.29857209, 52.54544966 ], [ 13.29861616, 52.54511724 ], [ 13.29844552, 52.54468659 ], [ 13.29807282, 52.54423399 ], [ 13.29801263, 52.54417603 ] ] ] } },
{ "type": "Feature", "properties": { "id": "b_bauwerke.43636", "dnbr__sdatenid": 43636, "bauwerksart": "FTU", "bauwerksname": "FGT Chlbg/K.-Schu.-Damm", "okstra_id": "E2E2C442807D4AE5AC4AB4C605A9B7E1", "bauwerksnummer": "05620-0010", "sib_bauwerksnummer": "-" }, "geometry": { "type": "MultiLineString", "coordinates": [ [ [ 13.29289268, 52.5364267 ], [ 13.29374185, 52.53638955 ] ] ] } },
{ "type": "Feature", "properties": { "id": "b_bauwerke.43637", "dnbr__sdatenid": 43637, "bauwerksart": "FTU", "bauwerksname": "FGT Chlbg/K.-Schu.-Damm", "okstra_id": "B75C8D84ABD44F6BAFE1DC11CA785B75", "bauwerksnummer": "05620-0020", "sib_bauwerksnummer": "3445091 0" }, "geometry": { "type": "MultiLineString", "coordinates": [ [ [ 13.29795874, 52.54621646 ], [ 13.29825003, 52.54629366 ] ] ] } },
{ "type": "Feature", "properties": { "id": "b_bauwerke.43638", "dnbr__sdatenid": 43638, "bauwerksart": "FTU", "bauwerksname": "FGT Chlbg/K.-Schu.-Damm", "okstra_id": "9E11A8A5E38741FBA11378830089E645", "bauwerksnummer": "05620-0030", "sib_bauwerksnummer": "3445093 0" }, "geometry": { "type": "MultiLineString", "coordinates": [ [ [ 13.30064065, 52.5473409 ], [ 13.30047555, 52.54714094 ] ] ] } },
{ "type": "Feature", "properties": { "id": "b_bauwerke.43639", "dnbr__sdatenid": 43639, "bauwerksart": "FTU", "bauwerksname": "FGT Chlbg/K.-Schu.-Damm", "okstra_id": "386C59E7F89345DBBF5B600C16776E0D", "bauwerksnummer": "05620-0040", "sib_bauwerksnummer": "3445094 0" }, "geometry": { "type": "MultiLineString", "coordinates": [ [ [ 13.30041844, 52.54689006 ], [ 13.30049061, 52.54669884 ] ] ] } },
{ "type": "Feature", "properties": { "id": "b_bauwerke.43640", "dnbr__sdatenid": 43640, "bauwerksart": "FTU", "bauwerksname": "FGT Chlbg/K.-Schu.-Damm", "okstra_id": "2F56A940E5D94AD2B70F15CB98C22FE2", "bauwerksnummer": "05620-0050", "sib_bauwerksnummer": "3445095 0" }, "geometry": { "type": "MultiLineString", "coordinates": [ [ [ 13.29864504, 52.54689505 ], [ 13.29863738, 52.54673597 ] ] ] } },
{ "type": "Feature", "properties": { "id": "b_bauwerke.43643", "dnbr__sdatenid": 43643, "bauwerksart": "BR", "bauwerksname": "Brücke zum Parkhaus ICC - Halenseestraße West", "okstra_id": "0A973C01C9C84F9DA99F9413866285FB", "bauwerksnummer": "07121", "sib_bauwerksnummer": "3445103 0" }, "geometry": { "type": "MultiLineString", "coordinates": [ [ [ 13.27896517, 52.50268087 ], [ 13.27982896, 52.50290766 ] ] ] } },
{ "type": "Feature", "properties": { "id": "b_bauwerke.43644", "dnbr__sdatenid": 43644, "bauwerksart": "TU", "bauwerksname": "Tunnel Jaffèstraße", "okstra_id": "3A5394F2F9514FFC8BE31FEF13C3F3DD", "bauwerksnummer": "07155", "sib_bauwerksnummer": "3445112 0" }, "geometry": { "type": "MultiLineString", "coordinates": [ [ [ 13.27430642, 52.5008389 ], [ 13.27535173, 52.500341 ] ] ] } },
{ "type": "Feature", "properties": { "id": "b_bauwerke.43645", "dnbr__sdatenid": 43645, "bauwerksart": "BR", "bauwerksname": "Halenseestraßenbrücke-West", "okstra_id": "83632FBC5635465F8EC7BACF432DA125", "bauwerksnummer": "07296-0010", "sib_bauwerksnummer": "3445170 0" }, "geometry": { "type": "MultiLineString", "coordinates": [ [ [ 13.28002501, 52.49996295 ], [ 13.28053863, 52.49923621 ] ] ] } },
{ "type": "Feature", "properties": { "id": "b_bauwerke.43646", "dnbr__sdatenid": 43646, "bauwerksart": "BR", "bauwerksname": "Halenseestraßenbrücke-Ost", "okstra_id": "0EEF8CE2542B4704BADFCC95F211C00A", "bauwerksnummer": "07296-0020", "sib_bauwerksnummer": "3445171 0" }, "geometry": { "type": "MultiLineString", "coordinates": [ [ [ 13.28103958, 52.50026291 ], [ 13.28099246, 52.50001299 ], [ 13.28109155, 52.49972864 ], [ 13.28124223, 52.49947974 ] ] ] } },
{ "type": "Feature", "properties": { "id": "b_bauwerke.43648", "dnbr__sdatenid": 43648, "bauwerksart": "BR", "bauwerksname": "Brücke Ausfahrt Avus-Stadtring", "okstra_id": "E4FCCF783C48482390901C89437959E3", "bauwerksnummer": "07157", "sib_bauwerksnummer": "3445114 0" }, "geometry": { "type": "MultiLineString", "coordinates": [ [ [ 13.27569966, 52.49953941 ], [ 13.27641197, 52.49958268 ] ] ] } },
{ "type": "Feature", "properties": { "id": "b_bauwerke.43651", "dnbr__sdatenid": 43651, "bauwerksart": "BR", "bauwerksname": "Goerdelerdammbrücke", "okstra_id": "BAFFD6D9DFB94F4E943D90CC9D7D7C47", "bauwerksnummer": "07488-0010", "sib_bauwerksnummer": "3445119 0" }, "geometry": { "type": "MultiLineString", "coordinates": [ [ [ 13.32633257, 52.53792609 ], [ 13.3262109, 52.53847845 ] ] ] } },
{ "type": "Feature", "properties": { "id": "b_bauwerke.43652", "dnbr__sdatenid": 43652, "bauwerksart": "BR", "bauwerksname": "Flatowalleebrücke", "okstra_id": "DC89CDD030284C4E87F3054A95FDE686", "bauwerksnummer": "08241-0010", "sib_bauwerksnummer": "3445126 0" }, "geometry": { "type": "MultiLineString", "coordinates": [ [ [ 13.24061473, 52.5113749 ], [ 13.24090814, 52.51067417 ] ] ] } },
{ "type": "Feature", "properties": { "id": "b_bauwerke.43654", "dnbr__sdatenid": 43654, "bauwerksart": "BR", "bauwerksname": "Zitadellenwegbrücke", "okstra_id": "B85858EC4B914DFAB1770700680FB625", "bauwerksnummer": "07478-0010", "sib_bauwerksnummer": "-" }, "geometry": { "type": "MultiLineString", "coordinates": [ [ [ 13.2258994, 52.53902213 ], [ 13.22605428, 52.53900828 ] ] ] } },
{ "type": "Feature", "properties": { "id": "b_bauwerke.43655", "dnbr__sdatenid": 43655, "bauwerksart": "BR", "bauwerksname": "Juliusturmbrücke", "okstra_id": "AB4DD5E24CAA428ABD246189C87239FB", "bauwerksnummer": "07315-0010", "sib_bauwerksnummer": "3445131A" }, "geometry": { "type": "MultiLineString", "coordinates": [ [ [ 13.20894003, 52.53851516 ], [ 13.21025152, 52.53838043 ] ] ] } },
{ "type": "Feature", "properties": { "id": "b_bauwerke.43656", "dnbr__sdatenid": 43656, "bauwerksart": "BR", "bauwerksname": "Neue Brücke", "okstra_id": "F3ECE64ED35F4B4BAB750EF4B4DC6AEC", "bauwerksnummer": "07363-0010", "sib_bauwerksnummer": "3445134 0" }, "geometry": { "type": "MultiLineString", "coordinates": [ [ [ 13.20577334, 52.53984027 ], [ 13.20573677, 52.53996505 ], [ 13.20582798, 52.54013792 ], [ 13.20590542, 52.54020829 ] ] ] } },
{ "type": "Feature", "properties": { "id": "b_bauwerke.43657", "dnbr__sdatenid": 43657, "bauwerksart": "BR", "bauwerksname": "Karl-Heinrich-Brücke", "okstra_id": "C62D3B4968E549579D21B94658478055", "bauwerksnummer": "07320-0010", "sib_bauwerksnummer": "3445135 0" }, "geometry": { "type": "MultiLineString", "coordinates": [ [ [ 13.20420792, 52.54000717 ], [ 13.20524024, 52.53965137 ] ] ] } },
{ "type": "Feature", "properties": { "id": "b_bauwerke.43658", "dnbr__sdatenid": 43658, "bauwerksart": "BR", "bauwerksname": "Moritzbrücke", "okstra_id": "1FE6A1D4FA774C1C9A2468E8E7671D40", "bauwerksnummer": "07359-0010", "sib_bauwerksnummer": "3445136 0" }, "geometry": { "type": "MultiLineString", "coordinates": [ [ [ 13.20179492, 52.5381977 ], [ 13.20135956, 52.5383607 ] ] ] } },
{ "type": "Feature", "properties": { "id": "b_bauwerke.43659", "dnbr__sdatenid": 43659, "bauwerksart": "BR", "bauwerksname": "Stephanbrücke", "okstra_id": "F817D3A986B341DC9F19121B3BF5E12B", "bauwerksnummer": "07428-0010", "sib_bauwerksnummer": "3445137 0" }, "geometry": { "type": "MultiLineString", "coordinates": [ [ [ 13.20083416, 52.53665395 ], [ 13.20110203, 52.53669086 ] ] ] } },
{ "type": "Feature", "properties": { "id": "b_bauwerke.43660", "dnbr__sdatenid": 43660, "bauwerksart": "BR", "bauwerksname": "Carl-Schurz-Brücke", "okstra_id": "980451761E794BAEA969B2C261B70599", "bauwerksnummer": "07234-0010", "sib_bauwerksnummer": "3445138 0" }, "geometry": { "type": "MultiLineString", "coordinates": [ [ [ 13.2011699, 52.53576728 ], [ 13.20146784, 52.53589506 ] ] ] } },
{ "type": "Feature", "properties": { "id": "b_bauwerke.43661", "dnbr__sdatenid": 43661, "bauwerksart": "BR", "bauwerksname": "Wallbrücke", "okstra_id": "5C350FA6574241EA8C32CC71E1026BA0", "bauwerksnummer": "07463-0010", "sib_bauwerksnummer": "3445139 0" }, "geometry": { "type": "MultiLineString", "coordinates": [ [ [ 13.20226286, 52.53493951 ], [ 13.2025285, 52.53513971 ] ] ] } },
{ "type": "Feature", "properties": { "id": "b_bauwerke.43662", "dnbr__sdatenid": 43662, "bauwerksart": "FBR", "bauwerksname": "Lindensteg am Lindenufer", "okstra_id": "B6C170A8F88F490DA334C524D7AAABE0", "bauwerksnummer": "17458-0010", "sib_bauwerksnummer": "3445140 0" }, "geometry": { "type": "MultiLineString", "coordinates": [ [ [ 13.20315816, 52.53421612 ], [ 13.20338289, 52.5342942 ] ] ] } },
{ "type": "Feature", "properties": { "id": "b_bauwerke.43663", "dnbr__sdatenid": 43663, "bauwerksart": "FBR", "bauwerksname": "Jürgengrabensteg", "okstra_id": "8EDCC3D7A73F4EE597AEE48ACD609105", "bauwerksnummer": "17437-0010", "sib_bauwerksnummer": "3445142 0" }, "geometry": { "type": "MultiLineString", "coordinates": [ [ [ 13.20813405, 52.51993589 ], [ 13.20841923, 52.5199923 ] ] ] } },
{ "type": "Feature", "properties": { "id": "b_bauwerke.43664", "dnbr__sdatenid": 43664, "bauwerksart": "TU", "bauwerksname": "Brücke über Egelpfuhlgraben", "okstra_id": "F9FD158D5036480E9C4A2D3E3FFE97BB", "bauwerksnummer": "08052", "sib_bauwerksnummer": "3445145 0" }, "geometry": { "type": "MultiLineString", "coordinates": [ [ [ 13.16959633, 52.52440086 ], [ 13.16951575, 52.5243215 ] ] ] } },
{ "type": "Feature", "properties": { "id": "b_bauwerke.43665", "dnbr__sdatenid": 43665, "bauwerksart": "FBR", "bauwerksname": "Parkbrücke (Südpark Spandau)", "okstra_id": "C7E8681CDE4C4274B78F6D0659875F8F", "bauwerksnummer": "17459-0010", "sib_bauwerksnummer": "3445148 0" }, "geometry": { "type": "MultiLineString", "coordinates": [ [ [ 13.19157174, 52.51690902 ], [ 13.19179836, 52.51693322 ] ] ] } },
{ "type": "Feature", "properties": { "id": "b_bauwerke.43666", "dnbr__sdatenid": 43666, "bauwerksart": "BR", "bauwerksname": "Daumstraßenbrücke", "okstra_id": "1BE896BEA4F84DDDAF7EC4C28E103C94", "bauwerksnummer": "07244-0010", "sib_bauwerksnummer": "3445149 0" }, "geometry": { "type": "MultiLineString", "coordinates": [ [ [ 13.2302821, 52.54680458 ], [ 13.2306504, 52.54641574 ] ] ] } },
{ "type": "Feature", "properties": { "id": "b_bauwerke.43668", "dnbr__sdatenid": 43668, "bauwerksart": "BR", "bauwerksname": "Borsigdammbrücke", "okstra_id": "64E72376568D481DA15D96C939663229", "bauwerksnummer": "07220-0010", "sib_bauwerksnummer": "3445151 0" }, "geometry": { "type": "MultiLineString", "coordinates": [ [ [ 13.27487828, 52.58136589 ], [ 13.2749163, 52.58177668 ] ] ] } },
{ "type": "Feature", "properties": { "id": "b_bauwerke.43676", "dnbr__sdatenid": 43676, "bauwerksart": "FTU", "bauwerksname": "Tunnel Siegessäule Westl.", "okstra_id": "7A7818AFB9DC4AB5A8F745E0C7DA1C2D", "bauwerksnummer": "05611-0010", "sib_bauwerksnummer": "-" }, "geometry": { "type": "MultiLineString", "coordinates": [ [ [ 13.34825931, 52.51467821 ], [ 13.34833191, 52.51437823 ] ] ] } },
{ "type": "Feature", "properties": { "id": "b_bauwerke.43678", "dnbr__sdatenid": 43678, "bauwerksart": "FTU", "bauwerksname": "Tunnel Siegessäule Westl.", "okstra_id": "13AC7F2ECE9E4430AE47795F183EFC71", "bauwerksnummer": "05611-0020", "sib_bauwerksnummer": "-" }, "geometry": { "type": "MultiLineString", "coordinates": [ [ [ 13.34833191, 52.51437823 ], [ 13.3484136, 52.51403783 ] ] ] } },
{ "type": "Feature", "properties": { "id": "b_bauwerke.43680", "dnbr__sdatenid": 43680, "bauwerksart": "FTU", "bauwerksname": "Tunnel Siegessäule ostw.", "okstra_id": "03831A1ED3544EE9AD9BA71DF6E09194", "bauwerksnummer": "05604-0020", "sib_bauwerksnummer": "-" }, "geometry": { "type": "MultiLineString", "coordinates": [ [ [ 13.35179215, 52.51459838 ], [ 13.35185428, 52.51431994 ] ] ] } },
{ "type": "Feature", "properties": { "id": "b_bauwerke.43681", "dnbr__sdatenid": 43681, "bauwerksart": "FTU", "bauwerksname": "Tunnel Siegessäule ostw.", "okstra_id": "DECAAEDB54C6447D9691F949756FB5A8", "bauwerksnummer": "05604-0010", "sib_bauwerksnummer": "-" }, "geometry": { "type": "MultiLineString", "coordinates": [ [ [ 13.35174004, 52.51492358 ], [ 13.35179215, 52.51459838 ] ] ] } },
{ "type": "Feature", "properties": { "id": "b_bauwerke.43687", "dnbr__sdatenid": 43687, "bauwerksart": "BR", "bauwerksname": "Brücke über die Schönerlinder Str., ÜBB 2", "okstra_id": "643924E3F7164983AAEA96851D8A8F63", "bauwerksnummer": "19158 2", "sib_bauwerksnummer": "3346034 2" }, "geometry": { "type": "MultiLineString", "coordinates": [ [ [ 13.440925, 52.63577223 ], [ 13.44144597, 52.63555443 ] ] ] } },
{ "type": "Feature", "properties": { "id": "b_bauwerke.43689", "dnbr__sdatenid": 43689, "bauwerksart": "BR", "bauwerksname": "Westliche Lübarser Brücke", "okstra_id": "B8AC1E0DEFC047138E24B3176442B69A", "bauwerksnummer": "20073", "sib_bauwerksnummer": "3346057 0" }, "geometry": { "type": "MultiLineString", "coordinates": [ [ [ 13.3504957, 52.62281497 ], [ 13.35059938, 52.62268725 ] ] ] } },
{ "type": "Feature", "properties": { "id": "b_bauwerke.43547", "dnbr__sdatenid": 43547, "bauwerksart": "FBR", "bauwerksname": "Füßgängerbrücke für die Robert Havemann Schule", "okstra_id": "CA675EA10936404F80E64E0F0B30ADF6", "bauwerksnummer": "19085", "sib_bauwerksnummer": "3346023 0" }, "geometry": { "type": "MultiLineString", "coordinates": [ [ [ 13.48538968, 52.62724401 ], [ 13.48558527, 52.62718149 ] ] ] } },
{ "type": "Feature", "properties": { "id": "b_bauwerke.43690", "dnbr__sdatenid": 43690, "bauwerksart": "FBR", "bauwerksname": "Winterhuder Steg", "okstra_id": "96EFA40F93F94ADB9F80B2833BA10C91", "bauwerksnummer": "09239-0010", "sib_bauwerksnummer": "3444015B" }, "geometry": { "type": "MultiLineString", "coordinates": [ [ [ 13.14986527, 52.53700179 ], [ 13.14990748, 52.53732368 ], [ 13.14988004, 52.53740805 ] ] ] } },
{ "type": "Feature", "properties": { "id": "b_bauwerke.43693", "dnbr__sdatenid": 43693, "bauwerksart": "BR", "bauwerksname": "Knobelsdorffbrücke(west. Teil)", "okstra_id": "F3F2362CC8A14BE1B135706CBD47CB2F", "bauwerksnummer": "07327-0010", "sib_bauwerksnummer": "3445028A" }, "geometry": { "type": "MultiLineString", "coordinates": [ [ [ 13.28535863, 52.51288407 ], [ 13.285618, 52.51289621 ] ] ] } },
{ "type": "Feature", "properties": { "id": "b_bauwerke.43694", "dnbr__sdatenid": 43694, "bauwerksart": "BR", "bauwerksname": "Knobelsdorffbrücke (östl. Teil)", "okstra_id": "AF6841703CC8418EBA2F9190971B6B12", "bauwerksnummer": "07022", "sib_bauwerksnummer": "3445028C" }, "geometry": { "type": "MultiLineString", "coordinates": [ [ [ 13.28562343, 52.51289651 ], [ 13.28642075, 52.51294903 ] ] ] } },
{ "type": "Feature", "properties": { "id": "b_bauwerke.43695", "dnbr__sdatenid": 43695, "bauwerksart": "BR", "bauwerksname": "Knobelsdorffbrücke (Mittelteil über Bahnanlagen)", "okstra_id": "688725DA2846492F869AF3B41C40CB9C", "bauwerksnummer": "07022", "sib_bauwerksnummer": "3445028B" }, "geometry": { "type": "MultiLineString", "coordinates": [ [ [ 13.28642162, 52.5129491 ], [ 13.28680963, 52.51297289 ] ] ] } },
{ "type": "Feature", "properties": { "id": "b_bauwerke.43697", "dnbr__sdatenid": 43697, "bauwerksart": "BR", "bauwerksname": "Rampenbrücke Ausfahrt Siemensdamm", "okstra_id": "DEE63AC3A126431EA12CE5292CA39DE3", "bauwerksnummer": "07086", "sib_bauwerksnummer": "3445080 0" }, "geometry": { "type": "MultiLineString", "coordinates": [ [ [ 13.28801562, 52.53426115 ], [ 13.28828609, 52.53426117 ], [ 13.28852662, 52.53423112 ], [ 13.28881277, 52.53416685 ], [ 13.28904905, 52.53407463 ], [ 13.28920791, 52.533971 ], [ 13.28934575, 52.53387285 ], [ 13.28946093, 52.53368793 ], [ 13.2895258, 52.53351006 ], [ 13.28952536, 52.5335009 ] ] ] } },
{ "type": "Feature", "properties": { "id": "b_bauwerke.43698", "dnbr__sdatenid": 43698, "bauwerksart": "BR", "bauwerksname": "östl. Brücke ü.d.Siemensdamm", "okstra_id": "026AF173180946A291EAB99F32875CD0", "bauwerksnummer": "07089", "sib_bauwerksnummer": "3445083 0" }, "geometry": { "type": "MultiLineString", "coordinates": [ [ [ 13.29264626, 52.53482364 ], [ 13.29194601, 52.5338505 ] ] ] } },
{ "type": "Feature", "properties": { "id": "b_bauwerke.43700", "dnbr__sdatenid": 43700, "bauwerksart": "BR", "bauwerksname": "Brücke Ausfahrt BAB Siemensstadt, Übb2 (Nord)", "okstra_id": "32696212D4BB48F889CCE312069F8069", "bauwerksnummer": "07091", "sib_bauwerksnummer": "3445085 2" }, "geometry": { "type": "MultiLineString", "coordinates": [ [ [ 13.28859225, 52.53308437 ], [ 13.28900094, 52.53320039 ], [ 13.28944929, 52.53334005 ], [ 13.28992762, 52.53346016 ] ] ] } },
{ "type": "Feature", "properties": { "id": "b_bauwerke.43702", "dnbr__sdatenid": 43702, "bauwerksart": "BR", "bauwerksname": "General-Ganeval-Brücke(ÜBB1) Ost", "okstra_id": "08B0F894D2A740DF91F170C680B65F33", "bauwerksnummer": "17268-0010", "sib_bauwerksnummer": "3445088A1" }, "geometry": { "type": "MultiLineString", "coordinates": [ [ [ 13.29683466, 52.54815958 ], [ 13.29615469, 52.54906683 ] ] ] } },
{ "type": "Feature", "properties": { "id": "b_bauwerke.43703", "dnbr__sdatenid": 43703, "bauwerksart": "BR", "bauwerksname": "General-Ganeval-Brücke(ÜBB2) West", "okstra_id": "A4582D733C9F469FA335035FC7C42986", "bauwerksnummer": "07101", "sib_bauwerksnummer": "3445088A2" }, "geometry": { "type": "MultiLineString", "coordinates": [ [ [ 13.29597303, 52.54904234 ], [ 13.29663184, 52.54815894 ] ] ] } },
{ "type": "Feature", "properties": { "id": "b_bauwerke.43704", "dnbr__sdatenid": 43704, "bauwerksart": "BR", "bauwerksname": "Hinckeldeybrücke ÜBB Ost", "okstra_id": "33FFB221BC7240FE88AADC08DE8024DF", "bauwerksnummer": "07305-0010", "sib_bauwerksnummer": "3445092 1" }, "geometry": { "type": "MultiLineString", "coordinates": [ [ [ 13.30137731, 52.54888309 ], [ 13.30058179, 52.54789947 ] ] ] } },
{ "type": "Feature", "properties": { "id": "b_bauwerke.43705", "dnbr__sdatenid": 43705, "bauwerksart": "BR", "bauwerksname": "Rohrdammbrücke (ÜBB1) Ost", "okstra_id": "8644198D005C46B3AF4563F98053AA0D", "bauwerksnummer": "07387-0010", "sib_bauwerksnummer": "3445146A1" }, "geometry": { "type": "MultiLineString", "coordinates": [ [ [ 13.26819248, 52.52949112 ], [ 13.26895507, 52.52885088 ] ] ] } },
{ "type": "Feature", "properties": { "id": "b_bauwerke.43706", "dnbr__sdatenid": 43706, "bauwerksart": "BR", "bauwerksname": "Rohrdammbrücke (ÜBB2) West", "okstra_id": "02D41BD3C10242FAB49933CB01E8B168", "bauwerksnummer": "08058", "sib_bauwerksnummer": "3445146A2" }, "geometry": { "type": "MultiLineString", "coordinates": [ [ [ 13.26807439, 52.52947542 ], [ 13.26878604, 52.52883342 ] ] ] } },
{ "type": "Feature", "properties": { "id": "b_bauwerke.43708", "dnbr__sdatenid": 43708, "bauwerksart": "FBR", "bauwerksname": "Bollesteg", "okstra_id": "39DC983CE1EC47049671EA0A2AC6D458", "bauwerksnummer": "07460-0010", "sib_bauwerksnummer": "3445154 0" }, "geometry": { "type": "MultiLineString", "coordinates": [ [ [ 13.29673299, 52.59518092 ], [ 13.29679052, 52.59500982 ] ] ] } },
{ "type": "Feature", "properties": { "id": "b_bauwerke.43711", "dnbr__sdatenid": 43711, "bauwerksart": "BR", "bauwerksname": "Halenseestraßenbrücke,Fahrrichtung Nord", "okstra_id": "873C78A15C334B209AEC6DB1464B731E", "bauwerksnummer": "09042a", "sib_bauwerksnummer": "3445168 0" }, "geometry": { "type": "MultiLineString", "coordinates": [ [ [ 13.28040637, 52.5001485 ], [ 13.28100997, 52.49937722 ] ] ] } },
{ "type": "Feature", "properties": { "id": "b_bauwerke.43712", "dnbr__sdatenid": 43712, "bauwerksart": "BR", "bauwerksname": "Halenseestraßenbrücke,Farhrichtung Süd", "okstra_id": "FA2A53B56CDA4A09B1CD1EB322B48C74", "bauwerksnummer": "09042b", "sib_bauwerksnummer": "3445169 0" }, "geometry": { "type": "MultiLineString", "coordinates": [ [ [ 13.28025573, 52.50003391 ], [ 13.2807886, 52.49931395 ] ] ] } },
{ "type": "Feature", "properties": { "id": "b_bauwerke.43714", "dnbr__sdatenid": 43714, "bauwerksart": "BR", "bauwerksname": "Jafféstraßenbrücke", "okstra_id": "BDB0FADF94E44436838FAD8CFCE1A853", "bauwerksnummer": "07100", "sib_bauwerksnummer": "3445182 0" }, "geometry": { "type": "MultiLineString", "coordinates": [ [ [ 13.26864104, 52.49975639 ], [ 13.26917439, 52.49954851 ] ] ] } },
{ "type": "Feature", "properties": { "id": "b_bauwerke.43715", "dnbr__sdatenid": 43715, "bauwerksart": "BR", "bauwerksname": "Heerstraßenbrücke", "okstra_id": "9CB55BD03F064000B0F65D8ABBB91331", "bauwerksnummer": "07301-0010", "sib_bauwerksnummer": "3445186 0" }, "geometry": { "type": "MultiLineString", "coordinates": [ [ [ 13.25760265, 52.50847665 ], [ 13.25896714, 52.5085592 ] ] ] } },
{ "type": "Feature", "properties": { "id": "b_bauwerke.43716", "dnbr__sdatenid": 43716, "bauwerksart": "BR", "bauwerksname": "Stößenseebrücke", "okstra_id": "C904834C24D249FAB8A6344CCE546E5D", "bauwerksnummer": "07430-0010", "sib_bauwerksnummer": "3445202A" }, "geometry": { "type": "MultiLineString", "coordinates": [ [ [ 13.21463559, 52.50943187 ], [ 13.21533504, 52.50929231 ] ] ] } },
{ "type": "Feature", "properties": { "id": "b_bauwerke.43719", "dnbr__sdatenid": 43719, "bauwerksart": "BR", "bauwerksname": "Wiesendammbrücke", "okstra_id": "142065BD614C416E96AE17898720C9BD", "bauwerksnummer": "07480-0010", "sib_bauwerksnummer": "3445206 0" }, "geometry": { "type": "MultiLineString", "coordinates": [ [ [ 13.24710719, 52.52613592 ], [ 13.24705747, 52.5267774 ] ] ] } },
{ "type": "Feature", "properties": { "id": "b_bauwerke.43721", "dnbr__sdatenid": 43721, "bauwerksart": "BR", "bauwerksname": "Dischingerbrücke Nord", "okstra_id": "EE47CDC5EEA64034805FE1A31DA5EF69", "bauwerksnummer": "07245-0010", "sib_bauwerksnummer": "3445208 1" }, "geometry": { "type": "MultiLineString", "coordinates": [ [ [ 13.20166381, 52.5317916 ], [ 13.20057341, 52.53229548 ] ] ] } },
{ "type": "Feature", "properties": { "id": "b_bauwerke.43722", "dnbr__sdatenid": 43722, "bauwerksart": "BR", "bauwerksname": "Dischingerbrücke Süd", "okstra_id": "E3282143ED4A49CDB153701BC42C2456", "bauwerksnummer": "08057a", "sib_bauwerksnummer": "3445208 2" }, "geometry": { "type": "MultiLineString", "coordinates": [ [ [ 13.20045531, 52.53217441 ], [ 13.20156699, 52.53166697 ] ] ] } },
{ "type": "Feature", "properties": { "id": "b_bauwerke.43724", "dnbr__sdatenid": 43724, "bauwerksart": "BR", "bauwerksname": "Tiefwerderbrücke", "okstra_id": "E15C7CE802C0470B934794064EEF5D04", "bauwerksnummer": "07447-0010", "sib_bauwerksnummer": "3445210 0" }, "geometry": { "type": "MultiLineString", "coordinates": [ [ [ 13.21039198, 52.52366537 ], [ 13.2104861, 52.52352731 ] ] ] } },
{ "type": "Feature", "properties": { "id": "b_bauwerke.43725", "dnbr__sdatenid": 43725, "bauwerksart": "FBR", "bauwerksname": "Saatwinkler Steg", "okstra_id": "B653C4725F064BFC9366AB78F8E3DF8E", "bauwerksnummer": "05973-0010", "sib_bauwerksnummer": "3445212 0" }, "geometry": { "type": "MultiLineString", "coordinates": [ [ [ 13.23695078, 52.55714988 ], [ 13.23765071, 52.55770126 ] ] ] } },
{ "type": "Feature", "properties": { "id": "b_bauwerke.43726", "dnbr__sdatenid": 43726, "bauwerksart": "BR", "bauwerksname": "Spandauer-See-Brücke", "okstra_id": "63237EC48D1B4DE685EBA683641C02BE", "bauwerksnummer": "08423-0010", "sib_bauwerksnummer": "3445213 0" }, "geometry": { "type": "MultiLineString", "coordinates": [ [ [ 13.21977464, 52.55619623 ], [ 13.22411837, 52.55538609 ] ] ] } },
{ "type": "Feature", "properties": { "id": "b_bauwerke.43727", "dnbr__sdatenid": 43727, "bauwerksart": "BR", "bauwerksname": "Straßenbrücke II ü.d.Pulvermühlengraben", "okstra_id": "7CB6363A724544DCB5794000B3278F68", "bauwerksnummer": "08107", "sib_bauwerksnummer": "3445214 0" }, "geometry": { "type": "MultiLineString", "coordinates": [ [ [ 13.22564949, 52.54362679 ], [ 13.22601953, 52.54356081 ] ] ] } },
{ "type": "Feature", "properties": { "id": "b_bauwerke.43728", "dnbr__sdatenid": 43728, "bauwerksart": "BR", "bauwerksname": "Straßenbrücke III ü.d.Pulvermühlengraben", "okstra_id": "B430B2BA4F84472CA265BB12FCDA390E", "bauwerksnummer": "08108", "sib_bauwerksnummer": "3445215 0" }, "geometry": { "type": "MultiLineString", "coordinates": [ [ [ 13.22551663, 52.54453359 ], [ 13.22594857, 52.54445326 ] ] ] } },
{ "type": "Feature", "properties": { "id": "b_bauwerke.43730", "dnbr__sdatenid": 43730, "bauwerksart": "FBR", "bauwerksname": "FGB Pulvermühle VII", "okstra_id": "691A6587E4AC418FAE9F63D3CD8CFFEE", "bauwerksnummer": "08113", "sib_bauwerksnummer": "3445221 0" }, "geometry": { "type": "MultiLineString", "coordinates": [ [ [ 13.22467022, 52.54663936 ], [ 13.22458487, 52.54643349 ] ] ] } },
{ "type": "Feature", "properties": { "id": "b_bauwerke.43733", "dnbr__sdatenid": 43733, "bauwerksart": "BR", "bauwerksname": "Wasserstadtbrücke", "okstra_id": "6533682C0DBF441D8F9AD462E8CA0FCC", "bauwerksnummer": "08794-0010", "sib_bauwerksnummer": "3445218 0" }, "geometry": { "type": "MultiLineString", "coordinates": [ [ [ 13.22205247, 52.55981022 ], [ 13.22509855, 52.55936406 ] ] ] } },
{ "type": "Feature", "properties": { "id": "b_bauwerke.43734", "dnbr__sdatenid": 43734, "bauwerksart": "BR", "bauwerksname": "Westl. Rampenbauwerk zur Wasserstadtbrücke", "okstra_id": "C4C728E513C74E9087B6077146FE4528", "bauwerksnummer": "08111b", "sib_bauwerksnummer": "3445219 0" }, "geometry": { "type": "MultiLineString", "coordinates": [ [ [ 13.22198818, 52.55981739 ], [ 13.2211304, 52.55996048 ] ] ] } },
{ "type": "Feature", "properties": { "id": "b_bauwerke.43737", "dnbr__sdatenid": 43737, "bauwerksart": "FBR", "bauwerksname": "FGB ü.d. Egelpfuhlgraben", "okstra_id": "D679D978731C471CA1E54F5D3821B8E9", "bauwerksnummer": "08054", "sib_bauwerksnummer": "3445227 0" }, "geometry": { "type": "MultiLineString", "coordinates": [ [ [ 13.1723282, 52.52375071 ], [ 13.17243709, 52.5237109 ] ] ] } },
{ "type": "Feature", "properties": { "id": "b_bauwerke.43740", "dnbr__sdatenid": 43740, "bauwerksart": "BR", "bauwerksname": "Tegeler Hafenbrücke", "okstra_id": "F4CC755D26F34082B706A88117268D5D", "bauwerksnummer": "07438-0020", "sib_bauwerksnummer": "3445229B" }, "geometry": { "type": "MultiLineString", "coordinates": [ [ [ 13.27110588, 52.58990973 ], [ 13.27198142, 52.5894783 ] ] ] } },
{ "type": "Feature", "properties": { "id": "b_bauwerke.43743", "dnbr__sdatenid": 43743, "bauwerksart": "BR", "bauwerksname": "Karolinenbrücke", "okstra_id": "D65484039AE64784AD96B5928BCF592C", "bauwerksnummer": "07261-0010", "sib_bauwerksnummer": "3445231 0" }, "geometry": { "type": "MultiLineString", "coordinates": [ [ [ 13.28141475, 52.59290042 ], [ 13.28147025, 52.59278645 ] ] ] } },
{ "type": "Feature", "properties": { "id": "b_bauwerke.43745", "dnbr__sdatenid": 43745, "bauwerksart": "BR", "bauwerksname": "Buddestrassenbrücke", "okstra_id": "49BC37388A434894BF1437ADA9E8AF98", "bauwerksnummer": "07497-0010", "sib_bauwerksnummer": "3445233 0" }, "geometry": { "type": "MultiLineString", "coordinates": [ [ [ 13.28480772, 52.59379631 ], [ 13.28491062, 52.59365822 ] ] ] } },
{ "type": "Feature", "properties": { "id": "b_bauwerke.43746", "dnbr__sdatenid": 43746, "bauwerksart": "FBR", "bauwerksname": "Rathaussteg", "okstra_id": "38C6FA3ABD2C417681BA85E7BA906EAC", "bauwerksnummer": "07434-0010", "sib_bauwerksnummer": "3445235 0" }, "geometry": { "type": "MultiLineString", "coordinates": [ [ [ 13.32976972, 52.58769614 ], [ 13.32976599, 52.58769415 ], [ 13.32983347, 52.58753436 ], [ 13.32983512, 52.5875355 ] ] ] } },
{ "type": "Feature", "properties": { "id": "b_bauwerke.43747", "dnbr__sdatenid": 43747, "bauwerksart": "FBR", "bauwerksname": "Anstaltsbrücke", "okstra_id": "324B38EDCD954BDE991D877591A5438C", "bauwerksnummer": "07485-0010", "sib_bauwerksnummer": "3445236 0" }, "geometry": { "type": "MultiLineString", "coordinates": [ [ [ 13.32812441, 52.58775442 ], [ 13.32808518, 52.58759884 ] ] ] } },
{ "type": "Feature", "properties": { "id": "b_bauwerke.43748", "dnbr__sdatenid": 43748, "bauwerksart": "BR", "bauwerksname": "Eichbornbrücke", "okstra_id": "994E117D340548C7AC199A25ADC81F3D", "bauwerksnummer": "07250-0010", "sib_bauwerksnummer": "3445237 0" }, "geometry": { "type": "MultiLineString", "coordinates": [ [ [ 13.32415882, 52.58775923 ], [ 13.3243302, 52.58792486 ] ] ] } },
{ "type": "Feature", "properties": { "id": "b_bauwerke.43750", "dnbr__sdatenid": 43750, "bauwerksart": "BR", "bauwerksname": "Gorkistraßenbrücke", "okstra_id": "8D3B2B30984D45FE9A7674A5C49EC888", "bauwerksnummer": "07288-0010", "sib_bauwerksnummer": "3445239 0" }, "geometry": { "type": "MultiLineString", "coordinates": [ [ [ 13.30618255, 52.59204139 ], [ 13.3066722, 52.59208874 ] ] ] } },
{ "type": "Feature", "properties": { "id": "b_bauwerke.43751", "dnbr__sdatenid": 43751, "bauwerksart": "FBR", "bauwerksname": "Tile-Brügge-Steg", "okstra_id": "9AC4AE7B71E6406CACFAB78B622FA63E", "bauwerksnummer": "07449-0010", "sib_bauwerksnummer": "3445240 0" }, "geometry": { "type": "MultiLineString", "coordinates": [ [ [ 13.30258314, 52.59384872 ], [ 13.30274983, 52.5940186 ] ] ] } },
{ "type": "Feature", "properties": { "id": "b_bauwerke.43752", "dnbr__sdatenid": 43752, "bauwerksart": "FBR", "bauwerksname": "Rohrbrunnersteg", "okstra_id": "D92C303B58EE4068ACE85057977B2849", "bauwerksnummer": "07458-0010", "sib_bauwerksnummer": "3445241 0" }, "geometry": { "type": "MultiLineString", "coordinates": [ [ [ 13.30010732, 52.59455843 ], [ 13.30011088, 52.59456193 ], [ 13.30023464, 52.59467718 ] ] ] } },
{ "type": "Feature", "properties": { "id": "b_bauwerke.43753", "dnbr__sdatenid": 43753, "bauwerksart": "FBR", "bauwerksname": "Brunnensteg", "okstra_id": "D03B76FE5B99420982EDFFC52CF3CCCD", "bauwerksnummer": "07459-0010", "sib_bauwerksnummer": "3445242 0" }, "geometry": { "type": "MultiLineString", "coordinates": [ [ [ 13.29847102, 52.59514883 ], [ 13.29847289, 52.59514782 ], [ 13.29847881, 52.59534375 ] ] ] } },
{ "type": "Feature", "properties": { "id": "b_bauwerke.43754", "dnbr__sdatenid": 43754, "bauwerksart": "BR", "bauwerksname": "Wilhelm-Blume-Allee-Brücke", "okstra_id": "F44A23514BAE429FBA374B316C51F13F", "bauwerksnummer": "07461-0010", "sib_bauwerksnummer": "3445243 0" }, "geometry": { "type": "MultiLineString", "coordinates": [ [ [ 13.29007259, 52.59417353 ], [ 13.2902207, 52.59429617 ] ] ] } },
{ "type": "Feature", "properties": { "id": "b_bauwerke.43755", "dnbr__sdatenid": 43755, "bauwerksart": "BR", "bauwerksname": "Ziekow-Brücke", "okstra_id": "1FF323C6941746E590705417F8FA0947", "bauwerksnummer": "07471-0010", "sib_bauwerksnummer": "3445244 0" }, "geometry": { "type": "MultiLineString", "coordinates": [ [ [ 13.29161673, 52.59453662 ], [ 13.29160754, 52.59438652 ] ] ] } },
{ "type": "Feature", "properties": { "id": "b_bauwerke.43756", "dnbr__sdatenid": 43756, "bauwerksart": "TU", "bauwerksname": "Steinbergbrücke", "okstra_id": "CBA726A04CE144FEA346D230BFE92191", "bauwerksnummer": "20066", "sib_bauwerksnummer": "3445246 0" }, "geometry": { "type": "MultiLineString", "coordinates": [ [ [ 13.31060043, 52.59675921 ], [ 13.31063476, 52.59648764 ] ] ] } },
{ "type": "Feature", "properties": { "id": "b_bauwerke.43761", "dnbr__sdatenid": 43761, "bauwerksart": "FBR", "bauwerksname": "Möllentorsteg", "okstra_id": "1B1E20D79493499CACF5D5B35F4EAB69", "bauwerksnummer": "07354-0010", "sib_bauwerksnummer": "3445263 0" }, "geometry": { "type": "MultiLineString", "coordinates": [ [ [ 13.20692634, 52.54024405 ], [ 13.20711351, 52.54005539 ] ] ] } },
{ "type": "Feature", "properties": { "id": "b_bauwerke.43763", "dnbr__sdatenid": 43763, "bauwerksart": "BR", "bauwerksname": "Fließbrücke", "okstra_id": "405731C373B24C5AAE4D7BDBA4D79123", "bauwerksnummer": "07475-0010", "sib_bauwerksnummer": "3445269 0" }, "geometry": { "type": "MultiLineString", "coordinates": [ [ [ 13.28015286, 52.59442535 ], [ 13.28035331, 52.59426957 ] ] ] } },
{ "type": "Feature", "properties": { "id": "b_bauwerke.43765", "dnbr__sdatenid": 43765, "bauwerksart": "BR", "bauwerksname": "Rendsburger Brücke", "okstra_id": "F19D1AF4F1FE45CAAC7198057A785262", "bauwerksnummer": "17201-0010", "sib_bauwerksnummer": "3445272 0" }, "geometry": { "type": "MultiLineString", "coordinates": [ [ [ 13.29495083, 52.58079628 ], [ 13.29584134, 52.58053329 ] ] ] } },
{ "type": "Feature", "properties": { "id": "b_bauwerke.43767", "dnbr__sdatenid": 43767, "bauwerksart": "TU", "bauwerksname": "Rohrbrücke an der Ernststraße", "okstra_id": "18998B4CC418409EB95315021327902B", "bauwerksnummer": "20144a", "sib_bauwerksnummer": "3445274B" }, "geometry": { "type": "MultiLineString", "coordinates": [ [ [ 13.29367245, 52.5832496 ], [ 13.29478067, 52.58161833 ] ] ] } },
{ "type": "Feature", "properties": { "id": "b_bauwerke.43768", "dnbr__sdatenid": 43768, "bauwerksart": "TU", "bauwerksname": "Tunnel Tegel", "okstra_id": "CC2189E478664DC6A198144BEC7785BD", "bauwerksnummer": "20150", "sib_bauwerksnummer": "3445276F" }, "geometry": { "type": "MultiLineString", "coordinates": [ [ [ 13.28684036, 52.59309358 ], [ 13.29135107, 52.58642705 ] ] ] } },
{ "type": "Feature", "properties": { "id": "b_bauwerke.43769", "dnbr__sdatenid": 43769, "bauwerksart": "BR", "bauwerksname": "Brücke über den Nordgraben", "okstra_id": "7C2C0DD87ECF4D7BBA0635DE7BA953B0", "bauwerksnummer": "07411-0010", "sib_bauwerksnummer": "3446248 0" }, "geometry": { "type": "MultiLineString", "coordinates": [ [ [ 13.34599086, 52.58971227 ], [ 13.34588267, 52.58993594 ] ] ] } },
{ "type": "Feature", "properties": { "id": "b_bauwerke.43770", "dnbr__sdatenid": 43770, "bauwerksart": "BR", "bauwerksname": "Brücke über den Nordgraben", "okstra_id": "1864A704CC154EBCB4879A03D19EE882", "bauwerksnummer": "20153", "sib_bauwerksnummer": "3445281A" }, "geometry": { "type": "MultiLineString", "coordinates": [ [ [ 13.28630392, 52.59399246 ], [ 13.28641221, 52.59382037 ] ] ] } },
{ "type": "Feature", "properties": { "id": "b_bauwerke.43771", "dnbr__sdatenid": 43771, "bauwerksart": "BR", "bauwerksname": "Brücke Waidmannsluster Damm ÜBB1", "okstra_id": "00E9B6D09DE64485A170F42753531CEB", "bauwerksnummer": "09003-0010", "sib_bauwerksnummer": "3445282 1" }, "geometry": { "type": "MultiLineString", "coordinates": [ [ [ 13.28565368, 52.59517844 ], [ 13.28588851, 52.59477233 ] ] ] } },
{ "type": "Feature", "properties": { "id": "b_bauwerke.43772", "dnbr__sdatenid": 43772, "bauwerksart": "BR", "bauwerksname": "Brücke Waidmannsluster Damm ÜBB2", "okstra_id": "B8779AD5B980489597AF508A38EB16F3", "bauwerksnummer": "20154", "sib_bauwerksnummer": "3445282 2" }, "geometry": { "type": "MultiLineString", "coordinates": [ [ [ 13.28551005, 52.59515495 ], [ 13.28574488, 52.59474884 ] ] ] } },
{ "type": "Feature", "properties": { "id": "b_bauwerke.43773", "dnbr__sdatenid": 43773, "bauwerksart": "BR", "bauwerksname": "Freybrücke", "okstra_id": "7458A588F7A94065827EA242B54B62CF", "bauwerksnummer": "07266-0010", "sib_bauwerksnummer": "3445288A" }, "geometry": { "type": "MultiLineString", "coordinates": [ [ [ 13.20266441, 52.5118484 ], [ 13.20352772, 52.51167804 ] ] ] } },
{ "type": "Feature", "properties": { "id": "b_bauwerke.43775", "dnbr__sdatenid": 43775, "bauwerksart": "BR", "bauwerksname": "Teltower Brücke", "okstra_id": "C1629A43BDD641D1B0083836B95D708E", "bauwerksnummer": "08882-0010", "sib_bauwerksnummer": "3445294 0" }, "geometry": { "type": "MultiLineString", "coordinates": [ [ [ 13.21584311, 52.52728367 ], [ 13.21586034, 52.52715479 ] ] ] } },
{ "type": "Feature", "properties": { "id": "b_bauwerke.43779", "dnbr__sdatenid": 43779, "bauwerksart": "BR", "bauwerksname": "Spandauer-Damm-Brücke über BAB", "okstra_id": "6F95E7E7F0B1480A9A95212AB2A09FB0", "bauwerksnummer": "07424-0010", "sib_bauwerksnummer": "3445570 0" }, "geometry": { "type": "MultiLineString", "coordinates": [ [ [ 13.28369638, 52.51863348 ], [ 13.28434222, 52.51867378 ] ] ] } },
{ "type": "Feature", "properties": { "id": "b_bauwerke.43780", "dnbr__sdatenid": 43780, "bauwerksart": "BR", "bauwerksname": "Pankebrücke A114 ÜBB1", "okstra_id": "53D40794A9584D0782A52E9550594638", "bauwerksnummer": "19207", "sib_bauwerksnummer": "3446046 1" }, "geometry": { "type": "MultiLineString", "coordinates": [ [ [ 13.44813611, 52.61149098 ], [ 13.44850663, 52.61090646 ] ] ] } },
{ "type": "Feature", "properties": { "id": "b_bauwerke.43781", "dnbr__sdatenid": 43781, "bauwerksart": "BR", "bauwerksname": "Pankebrücke A114 ÜBB2", "okstra_id": "00221D8F776D4659AF032CD3FA0CD38A", "bauwerksnummer": "19207", "sib_bauwerksnummer": "3346046 2" }, "geometry": { "type": "MultiLineString", "coordinates": [ [ [ 13.44795763, 52.61147626 ], [ 13.44832816, 52.61089174 ] ] ] } },
{ "type": "Feature", "properties": { "id": "b_bauwerke.43782", "dnbr__sdatenid": 43782, "bauwerksart": "BR", "bauwerksname": "Außenringbrücke A 114 ÜBB1", "okstra_id": "F0D05CFC4C07419982A7BBCB457122AC", "bauwerksnummer": "49762-0010", "sib_bauwerksnummer": "3346051 1" }, "geometry": { "type": "MultiLineString", "coordinates": [ [ [ 13.42745317, 52.63112747 ], [ 13.42750434, 52.63042318 ] ] ] } },
{ "type": "Feature", "properties": { "id": "b_bauwerke.43783", "dnbr__sdatenid": 43783, "bauwerksart": "BR", "bauwerksname": "Außenringbrücke A 114 ÜBB2", "okstra_id": "919CCEF08EE04AECB521AD26BB5BA48F", "bauwerksnummer": "19212", "sib_bauwerksnummer": "3346051 2" }, "geometry": { "type": "MultiLineString", "coordinates": [ [ [ 13.42729184, 52.63115625 ], [ 13.42734302, 52.63045196 ] ] ] } },
{ "type": "Feature", "properties": { "id": "b_bauwerke.43784", "dnbr__sdatenid": 43784, "bauwerksart": "BR", "bauwerksname": "Kaiserdammbrücke (Nordfahrbahn)", "okstra_id": "06A2DBE1E6B24BE79D717848EC72365D", "bauwerksnummer": "07317-0010", "sib_bauwerksnummer": "3445029 1" }, "geometry": { "type": "MultiLineString", "coordinates": [ [ [ 13.28582517, 52.51032909 ], [ 13.28459823, 52.51025686 ] ] ] } },
{ "type": "Feature", "properties": { "id": "b_bauwerke.43785", "dnbr__sdatenid": 43785, "bauwerksart": "BR", "bauwerksname": "Kaiserdammbrücke (Südfahrbahn)", "okstra_id": "E3B94F9F595C453FA5B982FDF92ACBE4", "bauwerksnummer": "07023", "sib_bauwerksnummer": "3445029 3" }, "geometry": { "type": "MultiLineString", "coordinates": [ [ [ 13.28576568, 52.51015457 ], [ 13.28453875, 52.51008233 ] ] ] } },
{ "type": "Feature", "properties": { "id": "b_bauwerke.43786", "dnbr__sdatenid": 43786, "bauwerksart": "BR", "bauwerksname": "Brücke über Ausfahrt zur Avus ÜBB1", "okstra_id": "1E498BEF4B2E438B89673AC48D3C0056", "bauwerksnummer": "07044a", "sib_bauwerksnummer": "3445048 1" }, "geometry": { "type": "MultiLineString", "coordinates": [ [ [ 13.28008543, 52.50177579 ], [ 13.27997052, 52.50150265 ] ] ] } },
{ "type": "Feature", "properties": { "id": "b_bauwerke.43787", "dnbr__sdatenid": 43787, "bauwerksart": "BR", "bauwerksname": "Brücke über Ausfahrt zur Avus ÜBB2", "okstra_id": "CCB69A297CA146D2BEDD38D56A32E66B", "bauwerksnummer": "07044a", "sib_bauwerksnummer": "3445048 2" }, "geometry": { "type": "MultiLineString", "coordinates": [ [ [ 13.28022816, 52.50160901 ], [ 13.28011325, 52.50133587 ] ] ] } },
{ "type": "Feature", "properties": { "id": "b_bauwerke.43793", "dnbr__sdatenid": 43793, "bauwerksart": "BR", "bauwerksname": "Messedammbrücke II", "okstra_id": "E4869133F232464F8C85B0B97609060D", "bauwerksnummer": "07077", "sib_bauwerksnummer": "3445076 0" }, "geometry": { "type": "MultiLineString", "coordinates": [ [ [ 13.28176935, 52.50802553 ], [ 13.28144565, 52.50768441 ] ] ] } },
{ "type": "Feature", "properties": { "id": "b_bauwerke.43794", "dnbr__sdatenid": 43794, "bauwerksart": "BR", "bauwerksname": "Westl. Rampenbrücke Kurt-Schumacher Damm", "okstra_id": "7E96163C91C3489EBBB179AD6E92F882", "bauwerksnummer": "07088a", "sib_bauwerksnummer": "3445082 1" }, "geometry": { "type": "MultiLineString", "coordinates": [ [ [ 13.29320754, 52.53618617 ], [ 13.29278608, 52.53543551 ] ] ] } },
{ "type": "Feature", "properties": { "id": "b_bauwerke.43795", "dnbr__sdatenid": 43795, "bauwerksart": "BR", "bauwerksname": "östl. Rampenbrücke Kurt-Schumacher Damm", "okstra_id": "6CF09B1CE72D423DAF673ECA6165B94C", "bauwerksnummer": "07088b", "sib_bauwerksnummer": "3445082 2" }, "geometry": { "type": "MultiLineString", "coordinates": [ [ [ 13.29334128, 52.53611034 ], [ 13.29292675, 52.53534934 ] ] ] } },
{ "type": "Feature", "properties": { "id": "b_bauwerke.43796", "dnbr__sdatenid": 43796, "bauwerksart": "BR", "bauwerksname": "Brücke über den Tegeler Weg ÜBB1", "okstra_id": "986F3CB7C48143A3BDCD6DB27D0D4FD1", "bauwerksnummer": "07150", "sib_bauwerksnummer": "3445105A1" }, "geometry": { "type": "MultiLineString", "coordinates": [ [ [ 13.29069192, 52.53352626 ], [ 13.29475488, 52.53377756 ] ] ] } },
{ "type": "Feature", "properties": { "id": "b_bauwerke.43800", "dnbr__sdatenid": 43800, "bauwerksart": "BR", "bauwerksname": "Brücke über den Tegeler Weg (Rampenbrücke)", "okstra_id": "4AFADC8F934744A387DCAA4D965723B8", "bauwerksnummer": "07150", "sib_bauwerksnummer": "3445105C" }, "geometry": { "type": "MultiLineString", "coordinates": [ [ [ 13.29580316, 52.53388676 ], [ 13.29617631, 52.53395407 ], [ 13.29642544, 52.53407124 ], [ 13.29657583, 52.53422931 ], [ 13.29657247, 52.53441468 ], [ 13.29646301, 52.53456011 ], [ 13.29623871, 52.5346777 ], [ 13.29594203, 52.53473835 ], [ 13.29576385, 52.53474523 ], [ 13.2954597, 52.53472385 ], [ 13.29519049, 52.53467331 ], [ 13.2951387, 52.53466152 ] ] ] } },
{ "type": "Feature", "properties": { "id": "b_bauwerke.43801", "dnbr__sdatenid": 43801, "bauwerksart": "BR", "bauwerksname": "Brücke ü.d.Lietzengraben ÜBB2", "okstra_id": "6BA889F8971D4E9BB01AC3D9DB8CB176", "bauwerksnummer": "19159", "sib_bauwerksnummer": "3446035 2" }, "geometry": { "type": "MultiLineString", "coordinates": [ [ [ 13.46142817, 52.62999425 ], [ 13.46174979, 52.62993531 ] ] ] } },
{ "type": "Feature", "properties": { "id": "b_bauwerke.43804", "dnbr__sdatenid": 43804, "bauwerksart": "BR", "bauwerksname": "Hinckeldeybrücke ÜBB West", "okstra_id": "9839799A5E2E47C588A934654C2ABF4F", "bauwerksnummer": "07105", "sib_bauwerksnummer": "3445092 2" }, "geometry": { "type": "MultiLineString", "coordinates": [ [ [ 13.30116206, 52.54889903 ], [ 13.30036655, 52.54791541 ] ] ] } },
{ "type": "Feature", "properties": { "id": "b_bauwerke.43810", "dnbr__sdatenid": 43810, "bauwerksart": "BR", "bauwerksname": "Beusselbrücke (Westteil)", "okstra_id": "4BC53416A19E4071B45B5707DC22088F", "bauwerksnummer": "07215-0010", "sib_bauwerksnummer": "3445164 1" }, "geometry": { "type": "MultiLineString", "coordinates": [ [ [ 13.32822696, 52.53473093 ], [ 13.32828359, 52.53376681 ] ] ] } },
{ "type": "Feature", "properties": { "id": "b_bauwerke.43811", "dnbr__sdatenid": 43811, "bauwerksart": "BR", "bauwerksname": "Beusselbrücke (Ostteil)", "okstra_id": "6804E43CA7014EB1A83B036AE93CC16B", "bauwerksnummer": "02002d", "sib_bauwerksnummer": "3445164 2" }, "geometry": { "type": "MultiLineString", "coordinates": [ [ [ 13.32843751, 52.5347339 ], [ 13.32849414, 52.53376978 ] ] ] } },
{ "type": "Feature", "properties": { "id": "b_bauwerke.43812", "dnbr__sdatenid": 43812, "bauwerksart": "BR", "bauwerksname": "Brücke ü.d.Flohrstraße,FR HH", "okstra_id": "92F8F220C9F34F1BB86BD8B40EAC8BAE", "bauwerksnummer": "20108", "sib_bauwerksnummer": "3445255 1" }, "geometry": { "type": "MultiLineString", "coordinates": [ [ [ 13.29849042, 52.573922 ], [ 13.29893723, 52.5736263 ] ] ] } },
{ "type": "Feature", "properties": { "id": "b_bauwerke.43813", "dnbr__sdatenid": 43813, "bauwerksart": "BR", "bauwerksname": "Brücke ü.d.Flohrstraße,FR BB", "okstra_id": "CD71B586855842F1AE4CC91BF00E5DBF", "bauwerksnummer": "20108", "sib_bauwerksnummer": "3445255 2" }, "geometry": { "type": "MultiLineString", "coordinates": [ [ [ 13.29843661, 52.57389981 ], [ 13.29888343, 52.57360412 ] ] ] } },
{ "type": "Feature", "properties": { "id": "b_bauwerke.43814", "dnbr__sdatenid": 43814, "bauwerksart": "BR", "bauwerksname": "Eiswerderbrücke (östl.)", "okstra_id": "B44E94C6C0B748D997125242EDDB41F5", "bauwerksnummer": "17224-0010", "sib_bauwerksnummer": "3445295 0" }, "geometry": { "type": "MultiLineString", "coordinates": [ [ [ 13.22254557, 52.54880884 ], [ 13.2231159, 52.54879153 ] ] ] } },
{ "type": "Feature", "properties": { "id": "b_bauwerke.43817", "dnbr__sdatenid": 43817, "bauwerksart": "BR", "bauwerksname": "Brücke am Neuen Tor (Panke)", "okstra_id": "8065D015E81844639713BE796EC6ACBD", "bauwerksnummer": "49523-0010", "sib_bauwerksnummer": "3446002 0" }, "geometry": { "type": "MultiLineString", "coordinates": [ [ [ 13.37900025, 52.52935679 ], [ 13.37945788, 52.52951231 ] ] ] } },
{ "type": "Feature", "properties": { "id": "b_bauwerke.43818", "dnbr__sdatenid": 43818, "bauwerksart": "BR", "bauwerksname": "Hannoversche Straßenbrücke", "okstra_id": "900F16841CBC4383919FF1B1368E54C0", "bauwerksnummer": "49524-0010", "sib_bauwerksnummer": "3446003 0" }, "geometry": { "type": "MultiLineString", "coordinates": [ [ [ 13.3808371, 52.52812399 ], [ 13.38109085, 52.52806502 ] ] ] } },
{ "type": "Feature", "properties": { "id": "b_bauwerke.43819", "dnbr__sdatenid": 43819, "bauwerksart": "BR", "bauwerksname": "Philippstraßenbrücke", "okstra_id": "30790EA4298C4123A47A8AEAC264E38F", "bauwerksnummer": "49525-0010", "sib_bauwerksnummer": "3446004 0" }, "geometry": { "type": "MultiLineString", "coordinates": [ [ [ 13.38168984, 52.52712242 ], [ 13.38170723, 52.52691451 ] ] ] } },
{ "type": "Feature", "properties": { "id": "b_bauwerke.43821", "dnbr__sdatenid": 43821, "bauwerksart": "BR", "bauwerksname": "Hugo-Preuß-Brücke", "okstra_id": "7F2BA1E76F124979A7A8A753ECE78FAF", "bauwerksnummer": "09134-0010", "sib_bauwerksnummer": "3446008 0" }, "geometry": { "type": "MultiLineString", "coordinates": [ [ [ 13.37170304, 52.52354408 ], [ 13.37263853, 52.52355597 ] ] ] } },
{ "type": "Feature", "properties": { "id": "b_bauwerke.43822", "dnbr__sdatenid": 43822, "bauwerksart": "BR", "bauwerksname": "Kronprinzenbrücke", "okstra_id": "8D3ED53F15B0413A960FD9E8DA20478E", "bauwerksnummer": "17006-0010", "sib_bauwerksnummer": "3446010 0" }, "geometry": { "type": "MultiLineString", "coordinates": [ [ [ 13.37532914, 52.52169069 ], [ 13.37645853, 52.52205793 ] ] ] } },
{ "type": "Feature", "properties": { "id": "b_bauwerke.43823", "dnbr__sdatenid": 43823, "bauwerksart": "BR", "bauwerksname": "Weidendammer Brücke (Spree)", "okstra_id": "2A5B46C1ABDD4E7A8A7AD42A3B907BF3", "bauwerksnummer": "49531-0010", "sib_bauwerksnummer": "3446013 0" }, "geometry": { "type": "MultiLineString", "coordinates": [ [ [ 13.38786655, 52.52252807 ], [ 13.38806079, 52.52175382 ] ] ] } },
{ "type": "Feature", "properties": { "id": "b_bauwerke.43824", "dnbr__sdatenid": 43824, "bauwerksart": "BR", "bauwerksname": "Friedrichsbrücke (Spree)", "okstra_id": "5C9C4AB966C54B61BEFC343980595D93", "bauwerksnummer": "17000-0010", "sib_bauwerksnummer": "3446015 0" }, "geometry": { "type": "MultiLineString", "coordinates": [ [ [ 13.39998221, 52.52037258 ], [ 13.40083184, 52.52074355 ] ] ] } },
{ "type": "Feature", "properties": { "id": "b_bauwerke.43826", "dnbr__sdatenid": 43826, "bauwerksart": "BR", "bauwerksname": "Mühlendammbrücke, Südost", "okstra_id": "2D9545F1010C4AAC9F2D36AED2C66D67", "bauwerksnummer": "17008-0010", "sib_bauwerksnummer": "3446018 1" }, "geometry": { "type": "MultiLineString", "coordinates": [ [ [ 13.4074723, 52.51536977 ], [ 13.40669927, 52.51471411 ] ] ] } },
{ "type": "Feature", "properties": { "id": "b_bauwerke.43827", "dnbr__sdatenid": 43827, "bauwerksart": "BR", "bauwerksname": "Mühlendammbrücke, Nordwest", "okstra_id": "A02CE5C5DB154EECAA89001C3ED540A0", "bauwerksnummer": "01025", "sib_bauwerksnummer": "3446018 2" }, "geometry": { "type": "MultiLineString", "coordinates": [ [ [ 13.40722306, 52.5154687 ], [ 13.40645003, 52.51481305 ] ] ] } },
{ "type": "Feature", "properties": { "id": "b_bauwerke.43828", "dnbr__sdatenid": 43828, "bauwerksart": "BR", "bauwerksname": "Südl. Monbijoubrücke", "okstra_id": "880D44FF3ACE40B5B0417B1190B3DF1A", "bauwerksnummer": "44674-0010", "sib_bauwerksnummer": "3446021 0" }, "geometry": { "type": "MultiLineString", "coordinates": [ [ [ 13.39340576, 52.52176444 ], [ 13.393805, 52.52195944 ] ] ] } },
{ "type": "Feature", "properties": { "id": "b_bauwerke.43830", "dnbr__sdatenid": 43830, "bauwerksart": "BR", "bauwerksname": "Schloßbrücke", "okstra_id": "394AF0DB7F3443949CF71B3DC78679AD", "bauwerksnummer": "44790-0010", "sib_bauwerksnummer": "3446024 0" }, "geometry": { "type": "MultiLineString", "coordinates": [ [ [ 13.39805632, 52.51760191 ], [ 13.39929921, 52.51768608 ] ] ] } },
{ "type": "Feature", "properties": { "id": "b_bauwerke.43831", "dnbr__sdatenid": 43831, "bauwerksart": "BR", "bauwerksname": "Schleusenbrücke (Spreekanal)", "okstra_id": "9654ADB2FFD04600B59C9DF8FA99B6B7", "bauwerksnummer": "17011-0010", "sib_bauwerksnummer": "3446025 0" }, "geometry": { "type": "MultiLineString", "coordinates": [ [ [ 13.399906, 52.51587883 ], [ 13.39956237, 52.51578412 ] ] ] } },
{ "type": "Feature", "properties": { "id": "b_bauwerke.43832", "dnbr__sdatenid": 43832, "bauwerksart": "BR", "bauwerksname": "Jungfernbrücke (Spreekanal)", "okstra_id": "D098DEBE7DC742C3BF567EC12A5ABF4B", "bauwerksnummer": "17005-0010", "sib_bauwerksnummer": "3446026 0" }, "geometry": { "type": "MultiLineString", "coordinates": [ [ [ 13.40123029, 52.51368353 ], [ 13.40164487, 52.51384158 ] ] ] } },
{ "type": "Feature", "properties": { "id": "b_bauwerke.43834", "dnbr__sdatenid": 43834, "bauwerksart": "BR", "bauwerksname": "Neue Gertraudenbrücke (Südost)", "okstra_id": "A84FA49E1C3B4147B6C7CFEF572C8CD5", "bauwerksnummer": "49544-0010", "sib_bauwerksnummer": "3446028A1" }, "geometry": { "type": "MultiLineString", "coordinates": [ [ [ 13.40294621, 52.51199178 ], [ 13.4033258, 52.51225221 ] ] ] } },
{ "type": "Feature", "properties": { "id": "b_bauwerke.43835", "dnbr__sdatenid": 43835, "bauwerksart": "BR", "bauwerksname": "Neue Gertraudenbrücke (Nordwest)", "okstra_id": "D17007DA36274C08BDF5F433EBD5094A", "bauwerksnummer": "01038a", "sib_bauwerksnummer": "3446028A2" }, "geometry": { "type": "MultiLineString", "coordinates": [ [ [ 13.40277925, 52.51207992 ], [ 13.40315884, 52.51234035 ] ] ] } },
{ "type": "Feature", "properties": { "id": "b_bauwerke.43837", "dnbr__sdatenid": 43837, "bauwerksart": "BR", "bauwerksname": "Roßstraßenbrücke", "okstra_id": "EEBC07C91F43493B8E09AA153C6C94DF", "bauwerksnummer": "17010-0010", "sib_bauwerksnummer": "3446030 0" }, "geometry": { "type": "MultiLineString", "coordinates": [ [ [ 13.40809912, 52.51244454 ], [ 13.40836205, 52.51229495 ] ] ] } },
{ "type": "Feature", "properties": { "id": "b_bauwerke.43838", "dnbr__sdatenid": 43838, "bauwerksart": "BR", "bauwerksname": "Inselbrücke (Spreekanal)", "okstra_id": "CA7718DF3A33440CB9D7F415B1ADC0E3", "bauwerksnummer": "17003-0010", "sib_bauwerksnummer": "3446031 0" }, "geometry": { "type": "MultiLineString", "coordinates": [ [ [ 13.41104105, 52.51326231 ], [ 13.41044458, 52.51354431 ] ] ] } },
{ "type": "Feature", "properties": { "id": "b_bauwerke.43841", "dnbr__sdatenid": 43841, "bauwerksart": "BR", "bauwerksname": "Sandkrugbrücke", "okstra_id": "E7BA7DA6CF464B8AA7D4D756AE49FCBF", "bauwerksnummer": "07392-0010", "sib_bauwerksnummer": "3446035 0" }, "geometry": { "type": "MultiLineString", "coordinates": [ [ [ 13.37424668, 52.52794727 ], [ 13.37359221, 52.52775136 ] ] ] } },
{ "type": "Feature", "properties": { "id": "b_bauwerke.43842", "dnbr__sdatenid": 43842, "bauwerksart": "BR", "bauwerksname": "Roedernbrücke", "okstra_id": "AB2A11EA719C4A1EAA49995AD9947B1E", "bauwerksnummer": "07292-0010", "sib_bauwerksnummer": "3446036 0" }, "geometry": { "type": "MultiLineString", "coordinates": [ [ [ 13.33955233, 52.58845692 ], [ 13.33974832, 52.58818517 ] ] ] } },
{ "type": "Feature", "properties": { "id": "b_bauwerke.43846", "dnbr__sdatenid": 43846, "bauwerksart": "BR", "bauwerksname": "Moabiter Brücke", "okstra_id": "F711CB7EEDD64C00B96BCD80C9BBE775", "bauwerksnummer": "07352-0010", "sib_bauwerksnummer": "3446053 0" }, "geometry": { "type": "MultiLineString", "coordinates": [ [ [ 13.34803257, 52.52126068 ], [ 13.34852535, 52.5220191 ] ] ] } },
{ "type": "Feature", "properties": { "id": "b_bauwerke.43848", "dnbr__sdatenid": 43848, "bauwerksart": "BR", "bauwerksname": "Lutherbrücke", "okstra_id": "D7158F26170B40BCAB38A55F4060DE9F", "bauwerksnummer": "07342-0010", "sib_bauwerksnummer": "3446055 0" }, "geometry": { "type": "MultiLineString", "coordinates": [ [ [ 13.35466572, 52.51720539 ], [ 13.35470911, 52.5173349 ], [ 13.3548077, 52.51759304 ], [ 13.35492191, 52.51794468 ] ] ] } },
{ "type": "Feature", "properties": { "id": "b_bauwerke.43849", "dnbr__sdatenid": 43849, "bauwerksart": "BR", "bauwerksname": "Corneliusbrücke", "okstra_id": "1134C170E15A4D338B65D904441922AC", "bauwerksnummer": "07240-0010", "sib_bauwerksnummer": "3446056 0" }, "geometry": { "type": "MultiLineString", "coordinates": [ [ [ 13.34775912, 52.50711479 ], [ 13.34839029, 52.50745237 ] ] ] } },
{ "type": "Feature", "properties": { "id": "b_bauwerke.43852", "dnbr__sdatenid": 43852, "bauwerksart": "BR", "bauwerksname": "Bendlerbrücke", "okstra_id": "694D8F5DB18C4B499D0A67E4EF94EE80", "bauwerksnummer": "07214-0010", "sib_bauwerksnummer": "3446059 0" }, "geometry": { "type": "MultiLineString", "coordinates": [ [ [ 13.36260628, 52.50587806 ], [ 13.36240423, 52.50543367 ] ] ] } },
{ "type": "Feature", "properties": { "id": "b_bauwerke.43854", "dnbr__sdatenid": 43854, "bauwerksart": "BR", "bauwerksname": "westl. Brücke ü.d.Siemensdamm", "okstra_id": "901BE7D25ED34633A48D55DF6CAB39B6", "bauwerksnummer": "07090", "sib_bauwerksnummer": "3445084 0" }, "geometry": { "type": "MultiLineString", "coordinates": [ [ [ 13.29228306, 52.53474964 ], [ 13.29209586, 52.53454711 ], [ 13.29187729, 52.53434889 ], [ 13.29148975, 52.53408161 ], [ 13.29124502, 52.53395437 ], [ 13.29086197, 52.5337728 ], [ 13.29018482, 52.53352989 ] ] ] } },
{ "type": "Feature", "properties": { "id": "b_bauwerke.43855", "dnbr__sdatenid": 43855, "bauwerksart": "BR", "bauwerksname": "Lessingbrücke (Bogen)", "okstra_id": "A301EF7AF35B41FDA6E84202D250D91D", "bauwerksnummer": "07335-0010", "sib_bauwerksnummer": "3446052A" }, "geometry": { "type": "MultiLineString", "coordinates": [ [ [ 13.34189848, 52.52241041 ], [ 13.34194532, 52.52261103 ] ] ] } },
{ "type": "Feature", "properties": { "id": "b_bauwerke.43856", "dnbr__sdatenid": 43856, "bauwerksart": "BR", "bauwerksname": "Lessingbrücke (Stahlbogen)", "okstra_id": "B56818FE55244D23B3ED97571E53F8AA", "bauwerksnummer": "02010", "sib_bauwerksnummer": "3446052B" }, "geometry": { "type": "MultiLineString", "coordinates": [ [ [ 13.34206878, 52.52308328 ], [ 13.34194853, 52.52262332 ] ] ] } },
{ "type": "Feature", "properties": { "id": "b_bauwerke.43857", "dnbr__sdatenid": 43857, "bauwerksart": "FBR", "bauwerksname": "FGS unter der Lessingbrücke", "okstra_id": "3F0F913254334AB7B0FA1F80945F6076", "bauwerksnummer": "02010c", "sib_bauwerksnummer": "3446052E" }, "geometry": { "type": "MultiLineString", "coordinates": [ [ [ 13.34121441, 52.52296971 ], [ 13.34240164, 52.52312905 ] ] ] } },
{ "type": "Feature", "properties": { "id": "b_bauwerke.43859", "dnbr__sdatenid": 43859, "bauwerksart": "BR", "bauwerksname": "Nordhafenbrücke", "okstra_id": "7C11D95C911540E496287EB3B8C5043E", "bauwerksnummer": "07350-0010", "sib_bauwerksnummer": "3446067 0" }, "geometry": { "type": "MultiLineString", "coordinates": [ [ [ 13.3635056, 52.53594399 ], [ 13.36524072, 52.53696456 ] ] ] } },
{ "type": "Feature", "properties": { "id": "b_bauwerke.43860", "dnbr__sdatenid": 43860, "bauwerksart": "FBR", "bauwerksname": "Torfstraßensteg", "okstra_id": "FF5895F4A9894FBC8D3C83DCF8C0661B", "bauwerksnummer": "07389-0010", "sib_bauwerksnummer": "3446069 0" }, "geometry": { "type": "MultiLineString", "coordinates": [ [ [ 13.35237465, 52.53943827 ], [ 13.35258553, 52.53891123 ] ] ] } },
{ "type": "Feature", "properties": { "id": "b_bauwerke.43861", "dnbr__sdatenid": 43861, "bauwerksart": "BR", "bauwerksname": "Seestraßenbrücke nördlich", "okstra_id": "5F7D23368DFD466AB15F40189103C24B", "bauwerksnummer": "07412-0010", "sib_bauwerksnummer": "3446071 0" }, "geometry": { "type": "MultiLineString", "coordinates": [ [ [ 13.33322613, 52.54072265 ], [ 13.3342135, 52.54123136 ] ] ] } },
{ "type": "Feature", "properties": { "id": "b_bauwerke.43862", "dnbr__sdatenid": 43862, "bauwerksart": "BR", "bauwerksname": "Föhrer Brücke ÜBB ost", "okstra_id": "84167C81EB62441892030B39DAEC43C2", "bauwerksnummer": "07263-0010", "sib_bauwerksnummer": "3446072 1" }, "geometry": { "type": "MultiLineString", "coordinates": [ [ [ 13.3445422, 52.53833408 ], [ 13.34510605, 52.53912444 ] ] ] } },
{ "type": "Feature", "properties": { "id": "b_bauwerke.43863", "dnbr__sdatenid": 43863, "bauwerksart": "BR", "bauwerksname": "Föhrer Brücke ÜBB west", "okstra_id": "5B09B0FAAF7947D597178E822169314E", "bauwerksnummer": "02092", "sib_bauwerksnummer": "3446072 2" }, "geometry": { "type": "MultiLineString", "coordinates": [ [ [ 13.34436982, 52.53835308 ], [ 13.34493367, 52.53914344 ] ] ] } },
{ "type": "Feature", "properties": { "id": "b_bauwerke.43864", "dnbr__sdatenid": 43864, "bauwerksart": "BR", "bauwerksname": "Fennbrücke", "okstra_id": "A6DEBF4F9B604DE3B59B3F00DA70C63F", "bauwerksnummer": "07259-0010", "sib_bauwerksnummer": "-" }, "geometry": { "type": "MultiLineString", "coordinates": [ [ [ 13.36037373, 52.53731568 ], [ 13.36069299, 52.53745272 ] ] ] } },
{ "type": "Feature", "properties": { "id": "b_bauwerke.43865", "dnbr__sdatenid": 43865, "bauwerksart": "BR", "bauwerksname": "Fennbrücke", "okstra_id": "D82DA877D1A646B8B755EF201EABB5B4", "bauwerksnummer": "07259-0020", "sib_bauwerksnummer": "3446073 0" }, "geometry": { "type": "MultiLineString", "coordinates": [ [ [ 13.36069299, 52.53745272 ], [ 13.36131894, 52.53776685 ] ] ] } },
{ "type": "Feature", "properties": { "id": "b_bauwerke.43867", "dnbr__sdatenid": 43867, "bauwerksart": "BR", "bauwerksname": "Nordwegbrücke", "okstra_id": "C5FCA5CC64EB4E6BBD8099106C33D5DE", "bauwerksnummer": "17269-0010", "sib_bauwerksnummer": "3446080 0" }, "geometry": { "type": "MultiLineString", "coordinates": [ [ [ 13.36375879, 52.5161592 ], [ 13.36390886, 52.51619009 ] ] ] } },
{ "type": "Feature", "properties": { "id": "b_bauwerke.43868", "dnbr__sdatenid": 43868, "bauwerksart": "BR", "bauwerksname": "Bellevuealleebrücke", "okstra_id": "E88B99634A5749C0AE067077AAC01E56", "bauwerksnummer": "17220-0010", "sib_bauwerksnummer": "3446083 0" }, "geometry": { "type": "MultiLineString", "coordinates": [ [ [ 13.36562653, 52.51316122 ], [ 13.36592316, 52.51306661 ] ] ] } },
{ "type": "Feature", "properties": { "id": "b_bauwerke.43869", "dnbr__sdatenid": 43869, "bauwerksart": "FBR", "bauwerksname": "Brücke vor der Luiseninsel", "okstra_id": "B87A7C3F9F5C4D608F1CC73FBBBE800D", "bauwerksnummer": "02111", "sib_bauwerksnummer": "3446084 0" }, "geometry": { "type": "MultiLineString", "coordinates": [ [ [ 13.36527437, 52.51176822 ], [ 13.36547061, 52.51169989 ] ] ] } },
{ "type": "Feature", "properties": { "id": "b_bauwerke.43870", "dnbr__sdatenid": 43870, "bauwerksart": "BR", "bauwerksname": "Luisenbrücke", "okstra_id": "C350CFBECAE24C9ABC1D092150863772", "bauwerksnummer": "17289-0020", "sib_bauwerksnummer": "3446085 0" }, "geometry": { "type": "MultiLineString", "coordinates": [ [ [ 13.36487878, 52.51108546 ], [ 13.36498609, 52.51112074 ] ] ] } },
{ "type": "Feature", "properties": { "id": "b_bauwerke.43871", "dnbr__sdatenid": 43871, "bauwerksart": "BR", "bauwerksname": "Luisenbrücke", "okstra_id": "16FAB26DA8A2450DAC6B1F1518C16868", "bauwerksnummer": "17289-0030", "sib_bauwerksnummer": "3446086 0" }, "geometry": { "type": "MultiLineString", "coordinates": [ [ [ 13.36393894, 52.51060978 ], [ 13.3640651, 52.51069544 ] ] ] } },
{ "type": "Feature", "properties": { "id": "b_bauwerke.43874", "dnbr__sdatenid": 43874, "bauwerksart": "BR", "bauwerksname": "Queralleebrücke", "okstra_id": "5C409219B66048648CAB4A9DCDF8D02A", "bauwerksnummer": "17300-0010", "sib_bauwerksnummer": "3446090 0" }, "geometry": { "type": "MultiLineString", "coordinates": [ [ [ 13.36337594, 52.51116391 ], [ 13.3633265, 52.51105596 ] ] ] } },
{ "type": "Feature", "properties": { "id": "b_bauwerke.43875", "dnbr__sdatenid": 43875, "bauwerksart": "FBR", "bauwerksname": "Stufenbrücke (Rousseau-Insel)", "okstra_id": "CDF4FAF1DE1B4A34B26CF958514071C7", "bauwerksnummer": "17309-0010", "sib_bauwerksnummer": "3446091 0" }, "geometry": { "type": "MultiLineString", "coordinates": [ [ [ 13.36025375, 52.51247601 ], [ 13.36022202, 52.51236361 ] ] ] } },
{ "type": "Feature", "properties": { "id": "b_bauwerke.43876", "dnbr__sdatenid": 43876, "bauwerksart": "FBR", "bauwerksname": "Reiterbrücke (Rousseau-Insel)", "okstra_id": "0D0A6E084A824D63B947852E8C0A9379", "bauwerksnummer": "17316-0010", "sib_bauwerksnummer": "3446092 0" }, "geometry": { "type": "MultiLineString", "coordinates": [ [ [ 13.35658649, 52.51297563 ], [ 13.35673786, 52.51303259 ] ] ] } },
{ "type": "Feature", "properties": { "id": "b_bauwerke.43877", "dnbr__sdatenid": 43877, "bauwerksart": "FBR", "bauwerksname": "Gelbe Brücke (Rousseau-Insel)", "okstra_id": "DD7E16441D244D0791A0686986FBCE2D", "bauwerksnummer": "17319-0010", "sib_bauwerksnummer": "3446093 0" }, "geometry": { "type": "MultiLineString", "coordinates": [ [ [ 13.35470861, 52.51390415 ], [ 13.35484215, 52.51398623 ] ] ] } },
{ "type": "Feature", "properties": { "id": "b_bauwerke.43878", "dnbr__sdatenid": 43878, "bauwerksart": "BR", "bauwerksname": "Großer-Weg-Brücke", "okstra_id": "0B77658FA283447CBF181D06D7CC1FB9", "bauwerksnummer": "17434-0010", "sib_bauwerksnummer": "3446095 0" }, "geometry": { "type": "MultiLineString", "coordinates": [ [ [ 13.35704729, 52.51180931 ], [ 13.35718117, 52.51183478 ] ] ] } },
{ "type": "Feature", "properties": { "id": "b_bauwerke.43879", "dnbr__sdatenid": 43879, "bauwerksart": "BR", "bauwerksname": "Große-Sternallee-Brücke", "okstra_id": "42B9A8A86DFE4B06B17B13D5B2F37033", "bauwerksnummer": "17341-0010", "sib_bauwerksnummer": "3446096 0" }, "geometry": { "type": "MultiLineString", "coordinates": [ [ [ 13.35699314, 52.5115942 ], [ 13.35689267, 52.5116452 ] ] ] } },
{ "type": "Feature", "properties": { "id": "b_bauwerke.43880", "dnbr__sdatenid": 43880, "bauwerksart": "BR", "bauwerksname": "Adlerbrücke", "okstra_id": "B6B1C2A04FB345F79313E7905C8CF9F7", "bauwerksnummer": "17343-0010", "sib_bauwerksnummer": "3446098 0" }, "geometry": { "type": "MultiLineString", "coordinates": [ [ [ 13.35404472, 52.51029974 ], [ 13.35415402, 52.51024877 ] ] ] } },
{ "type": "Feature", "properties": { "id": "b_bauwerke.43881", "dnbr__sdatenid": 43881, "bauwerksart": "BR", "bauwerksname": "Rosenbrücke", "okstra_id": "AE5D4EA45B364C40AB9D0A6824CCB8A5", "bauwerksnummer": "17344-0010", "sib_bauwerksnummer": "3446099 0" }, "geometry": { "type": "MultiLineString", "coordinates": [ [ [ 13.35234005, 52.50990533 ], [ 13.35245597, 52.50997659 ] ] ] } },
{ "type": "Feature", "properties": { "id": "b_bauwerke.43882", "dnbr__sdatenid": 43882, "bauwerksart": "BR", "bauwerksname": "Löwenbrücke", "okstra_id": "8572A372092946DEBF7F9BD8CBE01A77", "bauwerksnummer": "07338-0010", "sib_bauwerksnummer": "3446102 0" }, "geometry": { "type": "MultiLineString", "coordinates": [ [ [ 13.34547614, 52.51246094 ], [ 13.34580298, 52.51237012 ] ] ] } },
{ "type": "Feature", "properties": { "id": "b_bauwerke.43883", "dnbr__sdatenid": 43883, "bauwerksart": "BR", "bauwerksname": "Holzbrücke", "okstra_id": "C90CD5353F104BB5AFA7CBD1B697547D", "bauwerksnummer": "17351-0020", "sib_bauwerksnummer": "3446103 0" }, "geometry": { "type": "MultiLineString", "coordinates": [ [ [ 13.34442966, 52.51348832 ], [ 13.34454563, 52.5135497 ] ] ] } },
{ "type": "Feature", "properties": { "id": "b_bauwerke.43887", "dnbr__sdatenid": 43887, "bauwerksart": "FBR", "bauwerksname": "FGB im Volkspark Rehberge", "okstra_id": "A1C4DEFC15F245E2ADB36D715A57C82E", "bauwerksnummer": "03000", "sib_bauwerksnummer": "3446108 0" }, "geometry": { "type": "MultiLineString", "coordinates": [ [ [ 13.33575024, 52.55085551 ], [ 13.33572781, 52.55071134 ] ] ] } },
{ "type": "Feature", "properties": { "id": "b_bauwerke.43889", "dnbr__sdatenid": 43889, "bauwerksart": "BR", "bauwerksname": "Schulzendorfer Brücke mit Wildschutzrost", "okstra_id": "EAA97FAA55164F2D8A6F09E26714F303", "bauwerksnummer": "20220", "sib_bauwerksnummer": "3345054A" }, "geometry": { "type": "MultiLineString", "coordinates": [ [ [ 13.24744175, 52.61456268 ], [ 13.24806791, 52.61456999 ] ] ] } },
{ "type": "Feature", "properties": { "id": "b_bauwerke.43894", "dnbr__sdatenid": 43894, "bauwerksart": "BR", "bauwerksname": "Soldiner Brücke", "okstra_id": "6A29911CA22048DB814D9CE4D69301D4", "bauwerksnummer": "07420-0010", "sib_bauwerksnummer": "3446117 0" }, "geometry": { "type": "MultiLineString", "coordinates": [ [ [ 13.38305397, 52.5595837 ], [ 13.38356608, 52.55943079 ] ] ] } },
{ "type": "Feature", "properties": { "id": "b_bauwerke.43896", "dnbr__sdatenid": 43896, "bauwerksart": "BR", "bauwerksname": "Wiesenbrücke", "okstra_id": "4C91E554E0A84A0399353C5A4B0A7C96", "bauwerksnummer": "07470-0010", "sib_bauwerksnummer": "3446119 0" }, "geometry": { "type": "MultiLineString", "coordinates": [ [ [ 13.37955967, 52.5441876 ], [ 13.37861761, 52.54474011 ] ] ] } },
{ "type": "Feature", "properties": { "id": "b_bauwerke.43898", "dnbr__sdatenid": 43898, "bauwerksart": "BR", "bauwerksname": "Hugo-Heimann-Brücke", "okstra_id": "F84A61FCA29345B4B7587513A4C9A2E2", "bauwerksnummer": "07319-0010", "sib_bauwerksnummer": "3446121 0" }, "geometry": { "type": "MultiLineString", "coordinates": [ [ [ 13.38765148, 52.5672531 ], [ 13.38798646, 52.56718301 ] ] ] } },
{ "type": "Feature", "properties": { "id": "b_bauwerke.43899", "dnbr__sdatenid": 43899, "bauwerksart": "BR", "bauwerksname": "Gerichtstraßenbrücke", "okstra_id": "19CB8E13511F4797BEE6E3A910197556", "bauwerksnummer": "07278-0010", "sib_bauwerksnummer": "3446122 0" }, "geometry": { "type": "MultiLineString", "coordinates": [ [ [ 13.37422846, 52.54361562 ], [ 13.37376929, 52.54374675 ] ] ] } },
{ "type": "Feature", "properties": { "id": "b_bauwerke.43904", "dnbr__sdatenid": 43904, "bauwerksart": "BR", "bauwerksname": "Möckernbrücke", "okstra_id": "073F67BBEA2345CE831C5E39C43764CC", "bauwerksnummer": "07353-0010", "sib_bauwerksnummer": "3446127 0" }, "geometry": { "type": "MultiLineString", "coordinates": [ [ [ 13.38022917, 52.49873476 ], [ 13.38043238, 52.49927007 ] ] ] } },
{ "type": "Feature", "properties": { "id": "b_bauwerke.43905", "dnbr__sdatenid": 43905, "bauwerksart": "BR", "bauwerksname": "Großbeerenbrücke", "okstra_id": "4EB707A9F87E4744BAA917BE3DE1CE06", "bauwerksnummer": "07294-0010", "sib_bauwerksnummer": "3446128 0" }, "geometry": { "type": "MultiLineString", "coordinates": [ [ [ 13.38517736, 52.49848082 ], [ 13.3853394, 52.49896626 ] ] ] } },
{ "type": "Feature", "properties": { "id": "b_bauwerke.43906", "dnbr__sdatenid": 43906, "bauwerksart": "BR", "bauwerksname": "Badstraßenbrücke", "okstra_id": "F6A48B3D554B4A1D9F35266C0D1DE2C6", "bauwerksnummer": "07208-0010", "sib_bauwerksnummer": "3446131A" }, "geometry": { "type": "MultiLineString", "coordinates": [ [ [ 13.38718919, 52.54910214 ], [ 13.38798267, 52.54864231 ], [ 13.38809224, 52.54854137 ], [ 13.38814553, 52.54845104 ], [ 13.38815995, 52.54841347 ] ] ] } },
{ "type": "Feature", "properties": { "id": "b_bauwerke.43907", "dnbr__sdatenid": 43907, "bauwerksart": "BR", "bauwerksname": "südl. Verlängerung der Badstraßenbrücke", "okstra_id": "7D08B8FC614C47B1A1AA2D2AD94E21F3", "bauwerksnummer": "03023a", "sib_bauwerksnummer": "3446131B" }, "geometry": { "type": "MultiLineString", "coordinates": [ [ [ 13.38816949, 52.54839458 ], [ 13.38829378, 52.54822962 ] ] ] } },
{ "type": "Feature", "properties": { "id": "b_bauwerke.43909", "dnbr__sdatenid": 43909, "bauwerksart": "BR", "bauwerksname": "Pankebecken-Brücke", "okstra_id": "E449BE88B93B43139E6DF874AFAA3953", "bauwerksnummer": "03030", "sib_bauwerksnummer": "3446134 0" }, "geometry": { "type": "MultiLineString", "coordinates": [ [ [ 13.38646785, 52.56371524 ], [ 13.38638572, 52.56367036 ] ] ] } },
{ "type": "Feature", "properties": { "id": "b_bauwerke.43910", "dnbr__sdatenid": 43910, "bauwerksart": "BR", "bauwerksname": "Pankstraßenbrücke", "okstra_id": "9D6C5E021A644CF18D0DDD817589EEFE", "bauwerksnummer": "07373-0010", "sib_bauwerksnummer": "3446135 0" }, "geometry": { "type": "MultiLineString", "coordinates": [ [ [ 13.37247709, 52.54672126 ], [ 13.37210556, 52.54649112 ] ] ] } },
{ "type": "Feature", "properties": { "id": "b_bauwerke.43912", "dnbr__sdatenid": 43912, "bauwerksart": "FBR", "bauwerksname": "Kieler Brücke", "okstra_id": "4CFD07FC855D4B4DA79F16D0F13F8874", "bauwerksnummer": "09012-0010", "sib_bauwerksnummer": "3446138 0" }, "geometry": { "type": "MultiLineString", "coordinates": [ [ [ 13.36578168, 52.53575574 ], [ 13.3664403, 52.53595509 ] ] ] } },
{ "type": "Feature", "properties": { "id": "b_bauwerke.43913", "dnbr__sdatenid": 43913, "bauwerksart": "FBR", "bauwerksname": "Humboldtsteg", "okstra_id": "C7DC818F7EAF4E68B443DD9AA03FBD49", "bauwerksnummer": "17214-0010", "sib_bauwerksnummer": "3446139 0" }, "geometry": { "type": "MultiLineString", "coordinates": [ [ [ 13.38305656, 52.54806849 ], [ 13.38349152, 52.54760808 ] ] ] } },
{ "type": "Feature", "properties": { "id": "b_bauwerke.43914", "dnbr__sdatenid": 43914, "bauwerksart": "BR", "bauwerksname": "Hochstraßenbrücke", "okstra_id": "6887B890DEFB432F9A53C15976DA2EB9", "bauwerksnummer": "07221-0010", "sib_bauwerksnummer": "3446140 0" }, "geometry": { "type": "MultiLineString", "coordinates": [ [ [ 13.38349461, 52.54857157 ], [ 13.38294709, 52.54815119 ] ] ] } },
{ "type": "Feature", "properties": { "id": "b_bauwerke.43918", "dnbr__sdatenid": 43918, "bauwerksart": "BR", "bauwerksname": "Moltkebrücke", "okstra_id": "54D7F5A896F44C9A95CEBF817675A7FF", "bauwerksnummer": "07356-0010", "sib_bauwerksnummer": "3446148A" }, "geometry": { "type": "MultiLineString", "coordinates": [ [ [ 13.36842716, 52.5220609 ], [ 13.36929403, 52.52158266 ] ] ] } },
{ "type": "Feature", "properties": { "id": "b_bauwerke.43919", "dnbr__sdatenid": 43919, "bauwerksart": "BR", "bauwerksname": "Moltkebrücke, Einhüftiger Rahmen", "okstra_id": "827EF986204E43C78924BB7C5E599E6F", "bauwerksnummer": "02015", "sib_bauwerksnummer": "3446148C" }, "geometry": { "type": "MultiLineString", "coordinates": [ [ [ 13.36824123, 52.52217351 ], [ 13.36842017, 52.52206514 ] ] ] } },
{ "type": "Feature", "properties": { "id": "b_bauwerke.43920", "dnbr__sdatenid": 43920, "bauwerksart": "BR", "bauwerksname": "Alt-Moabiter-Brücke östl.", "okstra_id": "00F8CD579550456EB0E27E8FAEDF0FC2", "bauwerksnummer": "07496-0010", "sib_bauwerksnummer": "3446150A" }, "geometry": { "type": "MultiLineString", "coordinates": [ [ [ 13.36630219, 52.52254065 ], [ 13.36701704, 52.52246262 ] ] ] } },
{ "type": "Feature", "properties": { "id": "b_bauwerke.43921", "dnbr__sdatenid": 43921, "bauwerksart": "BR", "bauwerksname": "Alt-Moabiter-Brücke, mittlerer Gewölbeteil", "okstra_id": "A60B4D738C704366A67EEFD0A9D09EB0", "bauwerksnummer": "02016c", "sib_bauwerksnummer": "3446150B" }, "geometry": { "type": "MultiLineString", "coordinates": [ [ [ 13.36570119, 52.52260991 ], [ 13.36628875, 52.52254059 ] ] ] } },
{ "type": "Feature", "properties": { "id": "b_bauwerke.43922", "dnbr__sdatenid": 43922, "bauwerksart": "BR", "bauwerksname": "Alt-Moabiter-Brücke, westl.", "okstra_id": "935CB0D9B15441D18294437C9B5EC05A", "bauwerksnummer": "02016b", "sib_bauwerksnummer": "3446150C" }, "geometry": { "type": "MultiLineString", "coordinates": [ [ [ 13.36511357, 52.5226803 ], [ 13.36570113, 52.52261097 ] ] ] } },
{ "type": "Feature", "properties": { "id": "b_bauwerke.43923", "dnbr__sdatenid": 43923, "bauwerksart": "BR", "bauwerksname": "Lichtensteinbrücke (Zoobrücke)", "okstra_id": "67D8F3E157FF4D2685F9E3B141001D17", "bauwerksnummer": "09015-0010", "sib_bauwerksnummer": "3446152 2" }, "geometry": { "type": "MultiLineString", "coordinates": [ [ [ 13.34352038, 52.50919324 ], [ 13.34299265, 52.50880376 ] ] ] } },
{ "type": "Feature", "properties": { "id": "b_bauwerke.43924", "dnbr__sdatenid": 43924, "bauwerksart": "BR", "bauwerksname": "Hiroshima-Steg", "okstra_id": "79EE4B7180614DFBA27B5AB3D13A31C6", "bauwerksnummer": "09001-0010", "sib_bauwerksnummer": "3446153 0" }, "geometry": { "type": "MultiLineString", "coordinates": [ [ [ 13.35755263, 52.50686636 ], [ 13.35732882, 52.50645538 ] ] ] } },
{ "type": "Feature", "properties": { "id": "b_bauwerke.43925", "dnbr__sdatenid": 43925, "bauwerksart": "BR", "bauwerksname": "Perleberger Brücke", "okstra_id": "9BF034EDC7AB424EAE8B8F56FCC6D13D", "bauwerksnummer": "07378-0010", "sib_bauwerksnummer": "3446154 0" }, "geometry": { "type": "MultiLineString", "coordinates": [ [ [ 13.35788459, 52.53617874 ], [ 13.35922163, 52.5368002 ] ] ] } },
{ "type": "Feature", "properties": { "id": "b_bauwerke.43929", "dnbr__sdatenid": 43929, "bauwerksart": "BR", "bauwerksname": "Bösebrücke", "okstra_id": "6CDEAA312EEF47B79AE776D4A1CA46FB", "bauwerksnummer": "44679-0010", "sib_bauwerksnummer": "3446164 0" }, "geometry": { "type": "MultiLineString", "coordinates": [ [ [ 13.39713116, 52.55475836 ], [ 13.39914595, 52.55461989 ] ] ] } },
{ "type": "Feature", "properties": { "id": "b_bauwerke.43930", "dnbr__sdatenid": 43930, "bauwerksart": "BR", "bauwerksname": "George-C.-Marshall-Brücke", "okstra_id": "283B7B3CE5E04CBF8201E291808491FD", "bauwerksnummer": "08418-0010", "sib_bauwerksnummer": "3446165 0" }, "geometry": { "type": "MultiLineString", "coordinates": [ [ [ 13.371614, 52.50478163 ], [ 13.37203039, 52.50510425 ] ] ] } },
{ "type": "Feature", "properties": { "id": "b_bauwerke.43931", "dnbr__sdatenid": 43931, "bauwerksart": "BR", "bauwerksname": "Schönfließer Brücke", "okstra_id": "B6D1309805C24DC0A3D383DEF6F76F7C", "bauwerksnummer": "49552-0010", "sib_bauwerksnummer": "3446170 0" }, "geometry": { "type": "MultiLineString", "coordinates": [ [ [ 13.40823028, 52.54996017 ], [ 13.40813593, 52.54936419 ], [ 13.40786322, 52.54936099 ] ] ] } },
{ "type": "Feature", "properties": { "id": "b_bauwerke.43932", "dnbr__sdatenid": 43932, "bauwerksart": "BR", "bauwerksname": "Greifenhagener Brücke", "okstra_id": "3866E3B1706F498891F41A153B033EBD", "bauwerksnummer": "49554-0010", "sib_bauwerksnummer": "3446172 0" }, "geometry": { "type": "MultiLineString", "coordinates": [ [ [ 13.41627671, 52.54868693 ], [ 13.41661683, 52.54908384 ] ] ] } },
{ "type": "Feature", "properties": { "id": "b_bauwerke.43933", "dnbr__sdatenid": 43933, "bauwerksart": "BR", "bauwerksname": "Pappelalleebrücke", "okstra_id": "948B2E3C87A44852B55171EA9BC258C5", "bauwerksnummer": "49555-0010", "sib_bauwerksnummer": "3446173 0" }, "geometry": { "type": "MultiLineString", "coordinates": [ [ [ 13.41951281, 52.54768253 ], [ 13.41986501, 52.54802194 ] ] ] } },
{ "type": "Feature", "properties": { "id": "b_bauwerke.43936", "dnbr__sdatenid": 43936, "bauwerksart": "BR", "bauwerksname": "Kniprodestraßenbrücke,ÜBB Nordwest", "okstra_id": "E900CB23F20B4DFEBDCAF618EABEE246", "bauwerksnummer": "08538-0010", "sib_bauwerksnummer": "3446176 1" }, "geometry": { "type": "MultiLineString", "coordinates": [ [ [ 13.4480861, 52.53639915 ], [ 13.44735991, 52.53594423 ] ] ] } },
{ "type": "Feature", "properties": { "id": "b_bauwerke.43937", "dnbr__sdatenid": 43937, "bauwerksart": "BR", "bauwerksname": "Kniprodestraßenbrücke,ÜBB Südost", "okstra_id": "0C01334909114EACB17EC200B002F617", "bauwerksnummer": "04009", "sib_bauwerksnummer": "3446176 2" }, "geometry": { "type": "MultiLineString", "coordinates": [ [ [ 13.44828891, 52.53629 ], [ 13.44756273, 52.53583509 ] ] ] } },
{ "type": "Feature", "properties": { "id": "b_bauwerke.43938", "dnbr__sdatenid": 43938, "bauwerksart": "BPA", "bauwerksname": "FGB Ernst-Thälmann-Park", "okstra_id": "ADFFA78E9C6C4BB687C73B785C2FABCB", "bauwerksnummer": "49564-0010", "sib_bauwerksnummer": "3446179 0" }, "geometry": { "type": "MultiLineString", "coordinates": [ [ [ 13.43449805, 52.53872745 ], [ 13.43467493, 52.53872235 ] ] ] } },
{ "type": "Feature", "properties": { "id": "b_bauwerke.43939", "dnbr__sdatenid": 43939, "bauwerksart": "BR", "bauwerksname": "Landsberger-Allee-Brücke (Gehbahn)", "okstra_id": "1F4E1E76047A41DC981FAE286E98927E", "bauwerksnummer": "49559-0010", "sib_bauwerksnummer": "3446180A1" }, "geometry": { "type": "MultiLineString", "coordinates": [ [ [ 13.45607048, 52.52857406 ], [ 13.45500247, 52.5283409 ] ] ] } },
{ "type": "Feature", "properties": { "id": "b_bauwerke.43940", "dnbr__sdatenid": 43940, "bauwerksart": "BR", "bauwerksname": "Landsberger-Allee-Brücke (ÜBB Nord)", "okstra_id": "4F93336A4E49443CAC3B590748A465CD", "bauwerksnummer": "04032b", "sib_bauwerksnummer": "3446180A2" }, "geometry": { "type": "MultiLineString", "coordinates": [ [ [ 13.45597598, 52.52869938 ], [ 13.45490797, 52.52846622 ] ] ] } },
{ "type": "Feature", "properties": { "id": "b_bauwerke.43941", "dnbr__sdatenid": 43941, "bauwerksart": "BR", "bauwerksname": "Landsberger-Allee-Brücke (ÜBB Süd)", "okstra_id": "3F92D9141AA943A69906664BE3388122", "bauwerksnummer": "04032d", "sib_bauwerksnummer": "3446180A4" }, "geometry": { "type": "MultiLineString", "coordinates": [ [ [ 13.45616771, 52.52844877 ], [ 13.4550997, 52.52821561 ] ] ] } },
{ "type": "Feature", "properties": { "id": "b_bauwerke.43943", "dnbr__sdatenid": 43943, "bauwerksart": "FBR", "bauwerksname": "Schwedter Steg", "okstra_id": "CD38DF61BC7C46A0B95AC2B8D81215C2", "bauwerksnummer": "08601-0010", "sib_bauwerksnummer": "3446184 0" }, "geometry": { "type": "MultiLineString", "coordinates": [ [ [ 13.40035233, 52.54904946 ], [ 13.39960417, 52.55103788 ] ] ] } },
{ "type": "Feature", "properties": { "id": "b_bauwerke.43944", "dnbr__sdatenid": 43944, "bauwerksart": "BR", "bauwerksname": "Thaerstraßenbrücke", "okstra_id": "21F8B915A43D40979FB85810F459FFC8", "bauwerksnummer": "49560-0010", "sib_bauwerksnummer": "3446188 0" }, "geometry": { "type": "MultiLineString", "coordinates": [ [ [ 13.45899052, 52.5260253 ], [ 13.45832309, 52.52563739 ] ] ] } },
{ "type": "Feature", "properties": { "id": "b_bauwerke.43953", "dnbr__sdatenid": 43953, "bauwerksart": "BR", "bauwerksname": "Michaelbrücke (Spree)", "okstra_id": "51FB5E154CAF4E61B8CB7EA4B3A9A689", "bauwerksnummer": "44749-0010", "sib_bauwerksnummer": "3446197 0" }, "geometry": { "type": "MultiLineString", "coordinates": [ [ [ 13.42287008, 52.51210525 ], [ 13.42316889, 52.51245696 ], [ 13.42347808, 52.51280707 ] ] ] } },
{ "type": "Feature", "properties": { "id": "b_bauwerke.43954", "dnbr__sdatenid": 43954, "bauwerksart": "BR", "bauwerksname": "Modersohnbrücke", "okstra_id": "5997C24A18E54E5EAF29D09893BC7B0D", "bauwerksnummer": "44750-0010", "sib_bauwerksnummer": "3446202B" }, "geometry": { "type": "MultiLineString", "coordinates": [ [ [ 13.45793683, 52.50466254 ], [ 13.45822174, 52.50525786 ] ] ] } },
{ "type": "Feature", "properties": { "id": "b_bauwerke.43955", "dnbr__sdatenid": 43955, "bauwerksart": "BR", "bauwerksname": "Darßer Brücke", "okstra_id": "DC6BF4710F944883AA4F369705C8B7AC", "bauwerksnummer": "49515-0010", "sib_bauwerksnummer": "3446206 0" }, "geometry": { "type": "MultiLineString", "coordinates": [ [ [ 13.47386183, 52.56734138 ], [ 13.47511715, 52.56723218 ] ] ] } },
{ "type": "Feature", "properties": { "id": "b_bauwerke.43960", "dnbr__sdatenid": 43960, "bauwerksart": "BR", "bauwerksname": "Friedrich-Engels-Brücke I", "okstra_id": "353674E68CB6497E8C5FB96A1FC47A2B", "bauwerksnummer": "49690-0010", "sib_bauwerksnummer": "3446213 0" }, "geometry": { "type": "MultiLineString", "coordinates": [ [ [ 13.3867359, 52.5900217 ], [ 13.38693564, 52.58990073 ] ] ] } },
{ "type": "Feature", "properties": { "id": "b_bauwerke.43962", "dnbr__sdatenid": 43962, "bauwerksart": "BR", "bauwerksname": "Friedrich-Engels-Brücke II", "okstra_id": "887D1302944B47858CAE646D8CD4AFE5", "bauwerksnummer": "49718-0010", "sib_bauwerksnummer": "3446229 0" }, "geometry": { "type": "MultiLineString", "coordinates": [ [ [ 13.37932337, 52.59571013 ], [ 13.37970314, 52.59546794 ] ] ] } },
{ "type": "Feature", "properties": { "id": "b_bauwerke.43551", "dnbr__sdatenid": 43551, "bauwerksart": "BR", "bauwerksname": "Schloßparkbrücke III (Panke)", "okstra_id": "B393771AF9DC468A8221E6EA6A80ADC3", "bauwerksnummer": "49737-0010", "sib_bauwerksnummer": "3446219 0" }, "geometry": { "type": "MultiLineString", "coordinates": [ [ [ 13.4146121, 52.57947546 ], [ 13.41464325, 52.57939971 ] ] ] } },
{ "type": "Feature", "properties": { "id": "b_bauwerke.43965", "dnbr__sdatenid": 43965, "bauwerksart": "BR", "bauwerksname": "Schloßparkbrücke Buch I", "okstra_id": "978D232D7F7A43E9BE5A6C5B5B205ED4", "bauwerksnummer": "19134", "sib_bauwerksnummer": "3346025 0" }, "geometry": { "type": "MultiLineString", "coordinates": [ [ [ 13.49756924, 52.63733822 ], [ 13.49767674, 52.63713615 ] ] ] } },
{ "type": "Feature", "properties": { "id": "b_bauwerke.43966", "dnbr__sdatenid": 43966, "bauwerksart": "BR", "bauwerksname": "Schloßparkbrücke Buch III", "okstra_id": "30142B9B0E8B4EE1BFD20E7396DB22A1", "bauwerksnummer": "19136", "sib_bauwerksnummer": "3346027 0" }, "geometry": { "type": "MultiLineString", "coordinates": [ [ [ 13.49553759, 52.63684495 ], [ 13.49565472, 52.63682941 ] ] ] } },
{ "type": "Feature", "properties": { "id": "b_bauwerke.43967", "dnbr__sdatenid": 43967, "bauwerksart": "BR", "bauwerksname": "Löffelbrücke (Panke)", "okstra_id": "35FE9F8E30B14C11A0190C19F32F646F", "bauwerksnummer": "49694-0010", "sib_bauwerksnummer": "3446220 0" }, "geometry": { "type": "MultiLineString", "coordinates": [ [ [ 13.42863894, 52.58263544 ], [ 13.42866313, 52.58250607 ] ] ] } },
{ "type": "Feature", "properties": { "id": "b_bauwerke.43969", "dnbr__sdatenid": 43969, "bauwerksart": "BR", "bauwerksname": "Heinersdorfer Brücke ÜBB1", "okstra_id": "5363BED77DFE41E6934E42B4D2FA3CE1", "bauwerksnummer": "49742-0010", "sib_bauwerksnummer": "3446222A1" }, "geometry": { "type": "MultiLineString", "coordinates": [ [ [ 13.42939441, 52.57858513 ], [ 13.42978782, 52.576231 ] ] ] } },
{ "type": "Feature", "properties": { "id": "b_bauwerke.43970", "dnbr__sdatenid": 43970, "bauwerksart": "BR", "bauwerksname": "Heinersdorfer Brücke ÜBB1", "okstra_id": "11B58896268041EA9B0C839F3F798A66", "bauwerksnummer": "19031", "sib_bauwerksnummer": "3446222A2" }, "geometry": { "type": "MultiLineString", "coordinates": [ [ [ 13.42918548, 52.57853098 ], [ 13.42957889, 52.57617685 ] ] ] } },
{ "type": "Feature", "properties": { "id": "b_bauwerke.43972", "dnbr__sdatenid": 43972, "bauwerksart": "FTU", "bauwerksname": "FGT Heinersdorf (S-Bhf.)", "okstra_id": "B1CB7921F1E44B19A525751BE0090F1D", "bauwerksnummer": "49765-0010", "sib_bauwerksnummer": "3446227 0" }, "geometry": { "type": "MultiLineString", "coordinates": [ [ [ 13.42928658, 52.57564101 ], [ 13.42982799, 52.57562843 ] ] ] } },
{ "type": "Feature", "properties": { "id": "b_bauwerke.43975", "dnbr__sdatenid": 43975, "bauwerksart": "BR", "bauwerksname": "Schönhauser Straßenbrücke II", "okstra_id": "C3ED058EF7FE4A3E83458EC844C11C2C", "bauwerksnummer": "49722-0010", "sib_bauwerksnummer": "3446231 0" }, "geometry": { "type": "MultiLineString", "coordinates": [ [ [ 13.42617241, 52.59565469 ], [ 13.42591978, 52.59525251 ] ] ] } },
{ "type": "Feature", "properties": { "id": "b_bauwerke.43974", "dnbr__sdatenid": 43974, "bauwerksart": "BR", "bauwerksname": "Schönhauser Straßenbrücke I", "okstra_id": "5E58698CE9A8420399969BBE8EB16118", "bauwerksnummer": "49719-0010", "sib_bauwerksnummer": "3446230 0" }, "geometry": { "type": "MultiLineString", "coordinates": [ [ [ 13.38463816, 52.59772802 ], [ 13.38495773, 52.59759212 ] ] ] } },
{ "type": "Feature", "properties": { "id": "b_bauwerke.43976", "dnbr__sdatenid": 43976, "bauwerksart": "BR", "bauwerksname": "Pasewalker Straßenbrücke", "okstra_id": "EB31FE7C3C7648F69E6B03D4BAF6E9C7", "bauwerksnummer": "49723-0010", "sib_bauwerksnummer": "3446232 0" }, "geometry": { "type": "MultiLineString", "coordinates": [ [ [ 13.43189418, 52.59339875 ], [ 13.4317401, 52.59295009 ] ] ] } },
{ "type": "Feature", "properties": { "id": "b_bauwerke.43977", "dnbr__sdatenid": 43977, "bauwerksart": "BR", "bauwerksname": "Blankenburger-Weg-Brücke", "okstra_id": "CDBD1F46E42A435CA6DF3B9F8E548809", "bauwerksnummer": "49725-0010", "sib_bauwerksnummer": "3446233 0" }, "geometry": { "type": "MultiLineString", "coordinates": [ [ [ 13.43488267, 52.59165872 ], [ 13.43455711, 52.59153059 ] ] ] } },
{ "type": "Feature", "properties": { "id": "b_bauwerke.43979", "dnbr__sdatenid": 43979, "bauwerksart": "BR", "bauwerksname": "Westlicher Parksteg (Panke)", "okstra_id": "08BEE79639D148A48EAA1B5B75B8BB6C", "bauwerksnummer": "49738-0010", "sib_bauwerksnummer": "3446235 0" }, "geometry": { "type": "MultiLineString", "coordinates": [ [ [ 13.3918091, 52.57015394 ], [ 13.39205335, 52.56998727 ] ] ] } },
{ "type": "Feature", "properties": { "id": "b_bauwerke.43980", "dnbr__sdatenid": 43980, "bauwerksart": "BR", "bauwerksname": "Hochwegbrücke (Bürgerpark)", "okstra_id": "7C3323A408FA43D3AD38E039444BF8D6", "bauwerksnummer": "49739-0010", "sib_bauwerksnummer": "3446236 0" }, "geometry": { "type": "MultiLineString", "coordinates": [ [ [ 13.39391477, 52.56884785 ], [ 13.39412771, 52.56874132 ] ] ] } },
{ "type": "Feature", "properties": { "id": "b_bauwerke.43981", "dnbr__sdatenid": 43981, "bauwerksart": "BR", "bauwerksname": "Östlicher Parksteg (Panke)", "okstra_id": "66D7888A1CC148BFB38E7F4BB6B94AD0", "bauwerksnummer": "49740-0010", "sib_bauwerksnummer": "3446237 0" }, "geometry": { "type": "MultiLineString", "coordinates": [ [ [ 13.39588729, 52.57069573 ], [ 13.39590489, 52.57043246 ] ] ] } },
{ "type": "Feature", "properties": { "id": "b_bauwerke.43982", "dnbr__sdatenid": 43982, "bauwerksart": "BR", "bauwerksname": "Malchower-Weg-Brücke (Laake)", "okstra_id": "E549E77DA0E04A74972CEEF431B0CCF0", "bauwerksnummer": "49682-0010", "sib_bauwerksnummer": "-" }, "geometry": { "type": "MultiLineString", "coordinates": [ [ [ 13.48163764, 52.59965192 ], [ 13.48171048, 52.59949295 ] ] ] } },
{ "type": "Feature", "properties": { "id": "b_bauwerke.43983", "dnbr__sdatenid": 43983, "bauwerksart": "BR", "bauwerksname": "Brücke A 114 üb. Malchower Weg", "okstra_id": "8CFC34691C784812A989371A1BBF4749", "bauwerksnummer": "49750-0010", "sib_bauwerksnummer": "3446241 0" }, "geometry": { "type": "MultiLineString", "coordinates": [ [ [ 13.43609068, 52.58754553 ], [ 13.43590081, 52.58737246 ] ] ] } },
{ "type": "Feature", "properties": { "id": "b_bauwerke.43984", "dnbr__sdatenid": 43984, "bauwerksart": "BR", "bauwerksname": "Brücke A 114 über Bahnhofstr.", "okstra_id": "3E6B78A7F2964640911427D8462B05F5", "bauwerksnummer": "49757-0010", "sib_bauwerksnummer": "3446242 0" }, "geometry": { "type": "MultiLineString", "coordinates": [ [ [ 13.44032157, 52.59141898 ], [ 13.44060649, 52.59167687 ] ] ] } },
{ "type": "Feature", "properties": { "id": "b_bauwerke.43985", "dnbr__sdatenid": 43985, "bauwerksart": "BR", "bauwerksname": "Kastanienalleebrücke (Zingergraben)", "okstra_id": "C3B6B334781D4D0094FAB6E18E5C0CD4", "bauwerksnummer": "49689-0010", "sib_bauwerksnummer": "3446247 0" }, "geometry": { "type": "MultiLineString", "coordinates": [ [ [ 13.38817981, 52.591336 ], [ 13.38837016, 52.59133638 ] ] ] } },
{ "type": "Feature", "properties": { "id": "b_bauwerke.43986", "dnbr__sdatenid": 43986, "bauwerksart": "BR", "bauwerksname": "Oranienburger Brücke", "okstra_id": "49206821541D4CF8B29231B63E8D82AC", "bauwerksnummer": "07414-0010", "sib_bauwerksnummer": "3446249 0" }, "geometry": { "type": "MultiLineString", "coordinates": [ [ [ 13.33459604, 52.58786147 ], [ 13.33465745, 52.58756426 ] ] ] } },
{ "type": "Feature", "properties": { "id": "b_bauwerke.43991", "dnbr__sdatenid": 43991, "bauwerksart": "BR", "bauwerksname": "Seebrücke (Fennpfuhl)", "okstra_id": "372E0FEF22A943D49952FEF8CFAC2C4E", "bauwerksnummer": "49678-0010", "sib_bauwerksnummer": "3446259 0" }, "geometry": { "type": "MultiLineString", "coordinates": [ [ [ 13.47554816, 52.52985321 ], [ 13.47497242, 52.52973026 ] ] ] } },
{ "type": "Feature", "properties": { "id": "b_bauwerke.43995", "dnbr__sdatenid": 43995, "bauwerksart": "BR", "bauwerksname": "Sellerbrücke", "okstra_id": "2364769509A04E409E6848A8CD918B3A", "bauwerksnummer": "17218-0010", "sib_bauwerksnummer": "3446287 0" }, "geometry": { "type": "MultiLineString", "coordinates": [ [ [ 13.36618453, 52.53642605 ], [ 13.36610873, 52.53653373 ] ] ] } },
{ "type": "Feature", "properties": { "id": "b_bauwerke.43998", "dnbr__sdatenid": 43998, "bauwerksart": "BR", "bauwerksname": "Grottkauer Brücke", "okstra_id": "31C98948F2DB4C82839BB6CB7A338830", "bauwerksnummer": "49754-0010", "sib_bauwerksnummer": "3447027 0" }, "geometry": { "type": "MultiLineString", "coordinates": [ [ [ 13.59061516, 52.52944975 ], [ 13.59152415, 52.52928469 ] ] ] } },
{ "type": "Feature", "properties": { "id": "b_bauwerke.43999", "dnbr__sdatenid": 43999, "bauwerksart": "FBR", "bauwerksname": "FGB Kastanienallee", "okstra_id": "9FF35E2A8318466F8746DC333B80994C", "bauwerksnummer": "49755-0010", "sib_bauwerksnummer": "3447028 0" }, "geometry": { "type": "MultiLineString", "coordinates": [ [ [ 13.60136159, 52.53556582 ], [ 13.60146322, 52.53502013 ] ] ] } },
{ "type": "Feature", "properties": { "id": "b_bauwerke.44004", "dnbr__sdatenid": 44004, "bauwerksart": "BR", "bauwerksname": "Nördl. Monbijoubrücke", "okstra_id": "172BF615EB634BE2A6D0F936384AFE3F", "bauwerksnummer": "09971-0010", "sib_bauwerksnummer": "3446513 0" }, "geometry": { "type": "MultiLineString", "coordinates": [ [ [ 13.39421328, 52.52257123 ], [ 13.39393701, 52.52210264 ] ] ] } },
{ "type": "Feature", "properties": { "id": "b_bauwerke.44005", "dnbr__sdatenid": 44005, "bauwerksart": "BR", "bauwerksname": "Hummelwegbrücke", "okstra_id": "CE32403763AC4C43875998B49BC183EF", "bauwerksnummer": "49686-0010", "sib_bauwerksnummer": "3446514 0" }, "geometry": { "type": "MultiLineString", "coordinates": [ [ [ 13.44445142, 52.58858692 ], [ 13.444518, 52.58854209 ] ] ] } },
{ "type": "Feature", "properties": { "id": "b_bauwerke.44007", "dnbr__sdatenid": 44007, "bauwerksart": "FTU", "bauwerksname": "FGT Landsberger Allee", "okstra_id": "8792A26882904C959D851CADD8A03193", "bauwerksnummer": "49770-0010", "sib_bauwerksnummer": "3447003 0" }, "geometry": { "type": "MultiLineString", "coordinates": [ [ [ 13.53377771, 52.53906034 ], [ 13.53407071, 52.53849621 ] ] ] } },
{ "type": "Feature", "properties": { "id": "b_bauwerke.44008", "dnbr__sdatenid": 44008, "bauwerksart": "BR", "bauwerksname": "Marzahner Brücke (BW 10), ÜBB Nord", "okstra_id": "946E22178458491B88F0A61D484255D4", "bauwerksnummer": "21020", "sib_bauwerksnummer": "3447005 1" }, "geometry": { "type": "MultiLineString", "coordinates": [ [ [ 13.53187215, 52.53848996 ], [ 13.53305763, 52.53874016 ] ] ] } },
{ "type": "Feature", "properties": { "id": "b_bauwerke.44009", "dnbr__sdatenid": 44009, "bauwerksart": "BR", "bauwerksname": "Marzahner Brücke (BW 10), ÜBB Süd", "okstra_id": "09F4F6BE34254AFBB8FF089DBB69DE60", "bauwerksnummer": "21020", "sib_bauwerksnummer": "3447005 2" }, "geometry": { "type": "MultiLineString", "coordinates": [ [ [ 13.53194615, 52.53837669 ], [ 13.53313163, 52.53862689 ] ] ] } },
{ "type": "Feature", "properties": { "id": "b_bauwerke.44010", "dnbr__sdatenid": 44010, "bauwerksart": "BR", "bauwerksname": "Marzahner Brücke (BW 12)", "okstra_id": "0B80EC0B6CA942D280B6921234244C83", "bauwerksnummer": "49774-0010", "sib_bauwerksnummer": "3447006 0" }, "geometry": { "type": "MultiLineString", "coordinates": [ [ [ 13.53687074, 52.53914181 ], [ 13.53782129, 52.5392477 ] ] ] } },
{ "type": "Feature", "properties": { "id": "b_bauwerke.44011", "dnbr__sdatenid": 44011, "bauwerksart": "BR", "bauwerksname": "Marzahner Brücke (BW 13)", "okstra_id": "DC38D1E0D8064F2BA7E07ACE53A598A1", "bauwerksnummer": "21023", "sib_bauwerksnummer": "3447007 0" }, "geometry": { "type": "MultiLineString", "coordinates": [ [ [ 13.53750132, 52.5398283 ], [ 13.53843072, 52.53998956 ] ] ] } },
{ "type": "Feature", "properties": { "id": "b_bauwerke.44012", "dnbr__sdatenid": 44012, "bauwerksart": "BR", "bauwerksname": "Marzahner Brücke (BW 16)", "okstra_id": "861EF0122C824D609FEE91782E88B5EF", "bauwerksnummer": "21026", "sib_bauwerksnummer": "3447009 0" }, "geometry": { "type": "MultiLineString", "coordinates": [ [ [ 13.53936782, 52.54001549 ], [ 13.54029723, 52.54017674 ] ] ] } },
{ "type": "Feature", "properties": { "id": "b_bauwerke.44013", "dnbr__sdatenid": 44013, "bauwerksart": "BR", "bauwerksname": "Marzahner Brücke (BW 15)", "okstra_id": "C15D5E22C7F640D29C2DB916DC849EEB", "bauwerksnummer": "21025", "sib_bauwerksnummer": "3447008 0" }, "geometry": { "type": "MultiLineString", "coordinates": [ [ [ 13.53880935, 52.53936911 ], [ 13.53984687, 52.53956981 ] ] ] } },
{ "type": "Feature", "properties": { "id": "b_bauwerke.44014", "dnbr__sdatenid": 44014, "bauwerksart": "BR", "bauwerksname": "Märkische-Allee-Brücke, ÜBB 1", "okstra_id": "673B18652B7E4B3AA38317F3B36B8268", "bauwerksnummer": "49776-0010", "sib_bauwerksnummer": "3447011 1" }, "geometry": { "type": "MultiLineString", "coordinates": [ [ [ 13.54392992, 52.51004937 ], [ 13.54380707, 52.50951976 ] ] ] } },
{ "type": "Feature", "properties": { "id": "b_bauwerke.44015", "dnbr__sdatenid": 44015, "bauwerksart": "BR", "bauwerksname": "Märkische-Allee-Brücke, ÜBB 2", "okstra_id": "5514DA25116548EBA63C468250D21D8A", "bauwerksnummer": "21030", "sib_bauwerksnummer": "3447011 2" }, "geometry": { "type": "MultiLineString", "coordinates": [ [ [ 13.54377396, 52.51004983 ], [ 13.54365111, 52.50952021 ] ] ] } },
{ "type": "Feature", "properties": { "id": "b_bauwerke.44018", "dnbr__sdatenid": 44018, "bauwerksart": "BR", "bauwerksname": "Br. Allee d. Kosmonauten,BW 6a", "okstra_id": "58F52E10242947AFBFDE5F410EFC5FCF", "bauwerksnummer": "21043", "sib_bauwerksnummer": "3447013 1" }, "geometry": { "type": "MultiLineString", "coordinates": [ [ [ 13.53656262, 52.52561425 ], [ 13.53738086, 52.52563864 ] ] ] } },
{ "type": "Feature", "properties": { "id": "b_bauwerke.44019", "dnbr__sdatenid": 44019, "bauwerksart": "BR", "bauwerksname": "Br. Allee d. Kosmonauten,BW 6c", "okstra_id": "0708DD025EFF4CC39DC3B656423C20BC", "bauwerksnummer": "21045", "sib_bauwerksnummer": "3447013 2" }, "geometry": { "type": "MultiLineString", "coordinates": [ [ [ 13.53654835, 52.52580914 ], [ 13.53736659, 52.52583353 ] ] ] } },
{ "type": "Feature", "properties": { "id": "b_bauwerke.44020", "dnbr__sdatenid": 44020, "bauwerksart": "BR", "bauwerksname": "Br. Allee d. Kosmonauten,BW 7c", "okstra_id": "9CEA8DC469E74162BCDECB43321EE60C", "bauwerksnummer": "21046", "sib_bauwerksnummer": "3447014D1" }, "geometry": { "type": "MultiLineString", "coordinates": [ [ [ 13.52367836, 52.52579428 ], [ 13.52772871, 52.52559048 ] ] ] } },
{ "type": "Feature", "properties": { "id": "b_bauwerke.44021", "dnbr__sdatenid": 44021, "bauwerksart": "BR", "bauwerksname": "Br. Allee d. Kosmonauten,BW 7a", "okstra_id": "75BBA46393454906847E62CE8089C7A5", "bauwerksnummer": "21048", "sib_bauwerksnummer": "3447014D3" }, "geometry": { "type": "MultiLineString", "coordinates": [ [ [ 13.5236467, 52.52565087 ], [ 13.52769703, 52.52544707 ] ] ] } },
{ "type": "Feature", "properties": { "id": "b_bauwerke.44022", "dnbr__sdatenid": 44022, "bauwerksart": "BR", "bauwerksname": "Südliche Blumberger-Damm-Brücke, ÜBB Ost", "okstra_id": "CAC621B9B6F1451DB5B65903BF284D88", "bauwerksnummer": "49789-0010", "sib_bauwerksnummer": "3447015A1" }, "geometry": { "type": "MultiLineString", "coordinates": [ [ [ 13.56267749, 52.51308998 ], [ 13.56259848, 52.51271699 ] ] ] } },
{ "type": "Feature", "properties": { "id": "b_bauwerke.44023", "dnbr__sdatenid": 44023, "bauwerksart": "BR", "bauwerksname": "Südliche Blumberger-Damm-Brücke, ÜBB West", "okstra_id": "CBD1EBDCA0274E0D89423A679235B51A", "bauwerksnummer": "21054", "sib_bauwerksnummer": "3447015A2" }, "geometry": { "type": "MultiLineString", "coordinates": [ [ [ 13.56250544, 52.51309425 ], [ 13.56242644, 52.51272126 ] ] ] } },
{ "type": "Feature", "properties": { "id": "b_bauwerke.44025", "dnbr__sdatenid": 44025, "bauwerksart": "BR", "bauwerksname": "Südliche Rhinstraßenbrücke, ÜBB Ost", "okstra_id": "F9A63651B0CD43BB8D83C26A0BCAF824", "bauwerksnummer": "49791-0010", "sib_bauwerksnummer": "3447018 1" }, "geometry": { "type": "MultiLineString", "coordinates": [ [ [ 13.51921193, 52.51452242 ], [ 13.51920875, 52.51389294 ] ] ] } },
{ "type": "Feature", "properties": { "id": "b_bauwerke.44026", "dnbr__sdatenid": 44026, "bauwerksart": "BR", "bauwerksname": "Südliche Rhinstraßenbrücke, ÜBB West", "okstra_id": "1B357B793F9644F8A11E56F392F61996", "bauwerksnummer": "21079", "sib_bauwerksnummer": "3447018 3" }, "geometry": { "type": "MultiLineString", "coordinates": [ [ [ 13.51888115, 52.51452315 ], [ 13.51887797, 52.51389367 ] ] ] } },
{ "type": "Feature", "properties": { "id": "b_bauwerke.44027", "dnbr__sdatenid": 44027, "bauwerksart": "BR", "bauwerksname": "Südliche Rhinstraßenbrücke, Leitungsbrücke", "okstra_id": "AC65DD0978B54E319E5363A02F9DC98D", "bauwerksnummer": "21079", "sib_bauwerksnummer": "3447018 2" }, "geometry": { "type": "MultiLineString", "coordinates": [ [ [ 13.51905247, 52.51452407 ], [ 13.51904929, 52.51389459 ] ] ] } },
{ "type": "Feature", "properties": { "id": "b_bauwerke.44031", "dnbr__sdatenid": 44031, "bauwerksart": "BR", "bauwerksname": "Stendaler Brücke, ÜBB West", "okstra_id": "18D46EB7234A410B8567FA420532D63E", "bauwerksnummer": "49756-0010", "sib_bauwerksnummer": "3447029 0" }, "geometry": { "type": "MultiLineString", "coordinates": [ [ [ 13.60517972, 52.53592006 ], [ 13.60484841, 52.53639088 ] ] ] } },
{ "type": "Feature", "properties": { "id": "b_bauwerke.44033", "dnbr__sdatenid": 44033, "bauwerksart": "BR", "bauwerksname": "Louis-Lewin-Brücke", "okstra_id": "20A8E9D184E44A078E9B0F5F50AD1D02", "bauwerksnummer": "49500-0010", "sib_bauwerksnummer": "3447030 0" }, "geometry": { "type": "MultiLineString", "coordinates": [ [ [ 13.61998423, 52.53889753 ], [ 13.61982793, 52.53936572 ] ] ] } },
{ "type": "Feature", "properties": { "id": "b_bauwerke.44036", "dnbr__sdatenid": 44036, "bauwerksart": "BR", "bauwerksname": "Frankfurter Brücke (Wuhle)", "okstra_id": "8CA938BF4981494AA8EB386ABB862673", "bauwerksnummer": "49769-0010", "sib_bauwerksnummer": "3447034 0" }, "geometry": { "type": "MultiLineString", "coordinates": [ [ [ 13.57884531, 52.5051652 ], [ 13.57838692, 52.50518429 ] ] ] } },
{ "type": "Feature", "properties": { "id": "b_bauwerke.44039", "dnbr__sdatenid": 44039, "bauwerksart": "BR", "bauwerksname": "Cecilienbrücke", "okstra_id": "1585AFCF0B3B4A9EA90952A52FBC94A6", "bauwerksnummer": "49771-0010", "sib_bauwerksnummer": "3447038 0" }, "geometry": { "type": "MultiLineString", "coordinates": [ [ [ 13.5789516, 52.52567097 ], [ 13.57938643, 52.52555034 ] ] ] } },
{ "type": "Feature", "properties": { "id": "b_bauwerke.44041", "dnbr__sdatenid": 44041, "bauwerksart": "BR", "bauwerksname": "Östliche Hellersdorfer Brücke", "okstra_id": "ECF470909A7843FEAE1475517AFE78AE", "bauwerksnummer": "49794-0010", "sib_bauwerksnummer": "3447040 1" }, "geometry": { "type": "MultiLineString", "coordinates": [ [ [ 13.58151806, 52.53980606 ], [ 13.58196424, 52.53979758 ] ] ] } },
{ "type": "Feature", "properties": { "id": "b_bauwerke.44042", "dnbr__sdatenid": 44042, "bauwerksart": "BR", "bauwerksname": "Hellersdorfer Brücke (Wuhle)", "okstra_id": "AF2C614808E34486A3DF55BF6AAB4F87", "bauwerksnummer": "49795-0010", "sib_bauwerksnummer": "3447041 1" }, "geometry": { "type": "MultiLineString", "coordinates": [ [ [ 13.58101941, 52.53979169 ], [ 13.58127109, 52.53980015 ] ] ] } },
{ "type": "Feature", "properties": { "id": "b_bauwerke.44045", "dnbr__sdatenid": 44045, "bauwerksart": "BR", "bauwerksname": "Schnellmontagebrücke", "okstra_id": "FA99FF9E9ADA4DDC9E30FB81ED2B23F6", "bauwerksnummer": "49797-0010", "sib_bauwerksnummer": "3447045 0" }, "geometry": { "type": "MultiLineString", "coordinates": [ [ [ 13.54781916, 52.56551153 ], [ 13.54817482, 52.56536709 ] ] ] } },
{ "type": "Feature", "properties": { "id": "b_bauwerke.44046", "dnbr__sdatenid": 44046, "bauwerksart": "BR", "bauwerksname": "Wuhletalbrücke,ÜBB1 RF Stadteinwärts", "okstra_id": "ADBC31334EBC40D6B5070DC0E7FF23E0", "bauwerksnummer": "49798-0010", "sib_bauwerksnummer": "3447046 1" }, "geometry": { "type": "MultiLineString", "coordinates": [ [ [ 13.55870412, 52.56293742 ], [ 13.55830251, 52.56244725 ] ] ] } },
{ "type": "Feature", "properties": { "id": "b_bauwerke.44047", "dnbr__sdatenid": 44047, "bauwerksart": "BR", "bauwerksname": "Wuhletalbrücke,ÜBB2 RF Stadtauswärts", "okstra_id": "6CF6F9BCCB3841CBA2D263CDDD9FEE7E", "bauwerksnummer": "21092", "sib_bauwerksnummer": "3447046 2" }, "geometry": { "type": "MultiLineString", "coordinates": [ [ [ 13.5588424, 52.56288677 ], [ 13.55844079, 52.5623966 ] ] ] } },
{ "type": "Feature", "properties": { "id": "b_bauwerke.44048", "dnbr__sdatenid": 44048, "bauwerksart": "BR", "bauwerksname": "Köthener Brücke", "okstra_id": "6D7CDADB13B8425F99BD4FA35CEE6F78", "bauwerksnummer": "49752-0010", "sib_bauwerksnummer": "3447047 0" }, "geometry": { "type": "MultiLineString", "coordinates": [ [ [ 13.55437373, 52.56432722 ], [ 13.55475648, 52.56476989 ] ] ] } },
{ "type": "Feature", "properties": { "id": "b_bauwerke.44049", "dnbr__sdatenid": 44049, "bauwerksart": "BR", "bauwerksname": "Ableiterbrücke", "okstra_id": "717B9BFDEDDB40539A1D6DBB8F9A963E", "bauwerksnummer": "49796-0010", "sib_bauwerksnummer": "3447048 0" }, "geometry": { "type": "MultiLineString", "coordinates": [ [ [ 13.55964481, 52.56390621 ], [ 13.55987032, 52.56416644 ] ] ] } },
{ "type": "Feature", "properties": { "id": "b_bauwerke.44051", "dnbr__sdatenid": 44051, "bauwerksart": "BR", "bauwerksname": "Gehrenseebrücke", "okstra_id": "4CA908A56677496291CE623721CA1127", "bauwerksnummer": "49703-0010", "sib_bauwerksnummer": "3447051A" }, "geometry": { "type": "MultiLineString", "coordinates": [ [ [ 13.52451427, 52.55517821 ], [ 13.52533028, 52.55552759 ] ] ] } },
{ "type": "Feature", "properties": { "id": "b_bauwerke.44052", "dnbr__sdatenid": 44052, "bauwerksart": "BR", "bauwerksname": "Skandinavische Brücke, ÜBB Süd", "okstra_id": "B9FC698E083D41B0A624D25C01109B16", "bauwerksnummer": "49667-0010", "sib_bauwerksnummer": "3447052A1" }, "geometry": { "type": "MultiLineString", "coordinates": [ [ [ 13.5006684, 52.51103399 ], [ 13.50134181, 52.51094176 ] ] ] } },
{ "type": "Feature", "properties": { "id": "b_bauwerke.44053", "dnbr__sdatenid": 44053, "bauwerksart": "BR", "bauwerksname": "Skandinavische Brücke, ÜBB Nord", "okstra_id": "BC731B87A473420AB3CCFE09E0FCA300", "bauwerksnummer": "17005", "sib_bauwerksnummer": "3447052A2" }, "geometry": { "type": "MultiLineString", "coordinates": [ [ [ 13.5008105, 52.51121183 ], [ 13.50148392, 52.5111196 ] ] ] } },
{ "type": "Feature", "properties": { "id": "b_bauwerke.44054", "dnbr__sdatenid": 44054, "bauwerksart": "BR", "bauwerksname": "Robert-Uhrig-Brücke", "okstra_id": "3A81D1EFDC3C411B857E917A2ABD7673", "bauwerksnummer": "49668-0010", "sib_bauwerksnummer": "3447053 0" }, "geometry": { "type": "MultiLineString", "coordinates": [ [ [ 13.51223584, 52.50948562 ], [ 13.51243002, 52.51072147 ] ] ] } },
{ "type": "Feature", "properties": { "id": "b_bauwerke.44055", "dnbr__sdatenid": 44055, "bauwerksart": "BR", "bauwerksname": "Gensinger Brücke", "okstra_id": "19FB2B8DFF394B09864FB8D9202FF018", "bauwerksnummer": "49669-0010", "sib_bauwerksnummer": "3447054A" }, "geometry": { "type": "MultiLineString", "coordinates": [ [ [ 13.5325075, 52.51050711 ], [ 13.53243591, 52.509857 ] ] ] } },
{ "type": "Feature", "properties": { "id": "b_bauwerke.44057", "dnbr__sdatenid": 44057, "bauwerksart": "BR", "bauwerksname": "Nordringbrücke", "okstra_id": "C3C84D29523A4E6AA74D20D4E12CADDA", "bauwerksnummer": "49823-0010", "sib_bauwerksnummer": "3447064 0" }, "geometry": { "type": "MultiLineString", "coordinates": [ [ [ 13.54603565, 52.56338683 ], [ 13.54679769, 52.56314463 ] ] ] } },
{ "type": "Feature", "properties": { "id": "b_bauwerke.44058", "dnbr__sdatenid": 44058, "bauwerksart": "BR", "bauwerksname": "Nördliche Grenzgrabenbrücke", "okstra_id": "0E858DA4D7AB4D529EB79F87EDBEC46D", "bauwerksnummer": "49672-0010", "sib_bauwerksnummer": "3447065 0" }, "geometry": { "type": "MultiLineString", "coordinates": [ [ [ 13.51676217, 52.52601174 ], [ 13.51723207, 52.526058 ] ] ] } },
{ "type": "Feature", "properties": { "id": "b_bauwerke.44059", "dnbr__sdatenid": 44059, "bauwerksart": "BR", "bauwerksname": "Boxberger Brücke", "okstra_id": "51FDA5D667224C43B69E60BB6929F311", "bauwerksnummer": "08616-0010", "sib_bauwerksnummer": "3447072 0" }, "geometry": { "type": "MultiLineString", "coordinates": [ [ [ 13.53714313, 52.54943339 ], [ 13.5372224, 52.54977507 ] ] ] } },
{ "type": "Feature", "properties": { "id": "b_bauwerke.44060", "dnbr__sdatenid": 44060, "bauwerksart": "BR", "bauwerksname": "Märkische-Allee-Brücke (BW2) ÜBB1", "okstra_id": "AED46AEC7D434441BA94AD32472E12B2", "bauwerksnummer": "49776-0020", "sib_bauwerksnummer": "3447073A1" }, "geometry": { "type": "MultiLineString", "coordinates": [ [ [ 13.54444281, 52.51317501 ], [ 13.54436566, 52.51279582 ] ] ] } },
{ "type": "Feature", "properties": { "id": "b_bauwerke.44061", "dnbr__sdatenid": 44061, "bauwerksart": "BR", "bauwerksname": "Märkische-Allee-Brücke (BW2) ÜBB2", "okstra_id": "4CCF1FC00F524087A27E89FCB2989BB4", "bauwerksnummer": "21031", "sib_bauwerksnummer": "3447073A2" }, "geometry": { "type": "MultiLineString", "coordinates": [ [ [ 13.54462416, 52.51317367 ], [ 13.54454701, 52.51279448 ] ] ] } },
{ "type": "Feature", "properties": { "id": "b_bauwerke.44062", "dnbr__sdatenid": 44062, "bauwerksart": "BR", "bauwerksname": "Märkische-Allee-Brücke (BW3) ÜBB1", "okstra_id": "DB2170B3AA22499FB8810BC3EA245F66", "bauwerksnummer": "49776-0030", "sib_bauwerksnummer": "3447074 1" }, "geometry": { "type": "MultiLineString", "coordinates": [ [ [ 13.54465228, 52.51416104 ], [ 13.54456911, 52.51375412 ] ] ] } },
{ "type": "Feature", "properties": { "id": "b_bauwerke.44063", "dnbr__sdatenid": 44063, "bauwerksart": "BR", "bauwerksname": "Märkische-Allee-Brücke (BW3) ÜBB2", "okstra_id": "7F88E683C9A44DAD8474F04F9903A681", "bauwerksnummer": "21032", "sib_bauwerksnummer": "3447074 2" }, "geometry": { "type": "MultiLineString", "coordinates": [ [ [ 13.54483182, 52.51415819 ], [ 13.54474864, 52.51375127 ] ] ] } },
{ "type": "Feature", "properties": { "id": "b_bauwerke.44064", "dnbr__sdatenid": 44064, "bauwerksart": "BR", "bauwerksname": "Märkische-Allee-Brücke (BW4) ÜBB1", "okstra_id": "603ADD26A0C1407A96A9F250F30B4335", "bauwerksnummer": "49776-0040", "sib_bauwerksnummer": "3447075 1" }, "geometry": { "type": "MultiLineString", "coordinates": [ [ [ 13.54497083, 52.5156496 ], [ 13.54474368, 52.51455848 ] ] ] } },
{ "type": "Feature", "properties": { "id": "b_bauwerke.44065", "dnbr__sdatenid": 44065, "bauwerksart": "BR", "bauwerksname": "Märkische-Allee-Brücke (BW4) ÜBB2", "okstra_id": "D21979310A5145BBBDFDE48136C4F98D", "bauwerksnummer": "21033", "sib_bauwerksnummer": "3447075 2" }, "geometry": { "type": "MultiLineString", "coordinates": [ [ [ 13.54515792, 52.5156519 ], [ 13.54493077, 52.51456078 ] ] ] } },
{ "type": "Feature", "properties": { "id": "b_bauwerke.44066", "dnbr__sdatenid": 44066, "bauwerksart": "FBR", "bauwerksname": "FGB Springpfuhl", "okstra_id": "1103A38789B3486FAAB3659B6A2E118F", "bauwerksnummer": "49780-0010", "sib_bauwerksnummer": "3447039 0" }, "geometry": { "type": "MultiLineString", "coordinates": [ [ [ 13.53952317, 52.52910118 ], [ 13.53952839, 52.52893722 ] ] ] } },
{ "type": "Feature", "properties": { "id": "b_bauwerke.44067", "dnbr__sdatenid": 44067, "bauwerksart": "BR", "bauwerksname": "Kaulsdorfer Brücke", "okstra_id": "2BD74D0913B64BF3BBC32A6B7CE3D881", "bauwerksnummer": "49706-0010", "sib_bauwerksnummer": "3447085 0" }, "geometry": { "type": "MultiLineString", "coordinates": [ [ [ 13.584629, 52.51233627 ], [ 13.58458666, 52.51194264 ] ] ] } },
{ "type": "Feature", "properties": { "id": "b_bauwerke.44075", "dnbr__sdatenid": 44075, "bauwerksart": "BR", "bauwerksname": "Teufelsbrücke", "okstra_id": "009141A221314E6DA13F870340249BF6", "bauwerksnummer": "07443-0010", "sib_bauwerksnummer": "3544006 0" }, "geometry": { "type": "MultiLineString", "coordinates": [ [ [ 13.09843785, 52.41964602 ], [ 13.0983646, 52.41950281 ] ] ] } },
{ "type": "Feature", "properties": { "id": "b_bauwerke.44076", "dnbr__sdatenid": 44076, "bauwerksart": "FBR", "bauwerksname": "Südliche Holzbrücke", "okstra_id": "76523EBD14FF470EB326FD3BCCE6E9C0", "bauwerksnummer": "10027", "sib_bauwerksnummer": "3544007 0" }, "geometry": { "type": "MultiLineString", "coordinates": [ [ [ 13.09641165, 52.41797019 ], [ 13.09633164, 52.41788564 ] ] ] } },
{ "type": "Feature", "properties": { "id": "b_bauwerke.44078", "dnbr__sdatenid": 44078, "bauwerksart": "FBR", "bauwerksname": "Südlicher Durchlaß", "okstra_id": "18B8785F0B914997B2D4255D71835336", "bauwerksnummer": "10032", "sib_bauwerksnummer": "3544012 0" }, "geometry": { "type": "MultiLineString", "coordinates": [ [ [ 13.09803604, 52.41982191 ], [ 13.09789547, 52.41969738 ] ] ] } },
{ "type": "Feature", "properties": { "id": "b_bauwerke.44080", "dnbr__sdatenid": 44080, "bauwerksart": "FBR", "bauwerksname": "FGB am Teich", "okstra_id": "606F49088FDF443692183FBC3046AF96", "bauwerksnummer": "10106", "sib_bauwerksnummer": "3544019 0" }, "geometry": { "type": "MultiLineString", "coordinates": [ [ [ 13.09469608, 52.41262762 ], [ 13.09477282, 52.41256903 ] ] ] } },
{ "type": "Feature", "properties": { "id": "b_bauwerke.44081", "dnbr__sdatenid": 44081, "bauwerksart": "FBR", "bauwerksname": "FGB Glienicker Lake", "okstra_id": "9AD241CDAE9448A1A4F2EBC542B09C33", "bauwerksnummer": "10107", "sib_bauwerksnummer": "3544020 0" }, "geometry": { "type": "MultiLineString", "coordinates": [ [ [ 13.09371895, 52.4123671 ], [ 13.09381676, 52.41231396 ] ] ] } },
{ "type": "Feature", "properties": { "id": "b_bauwerke.44086", "dnbr__sdatenid": 44086, "bauwerksart": "BR", "bauwerksname": "Kurfürstendammbrücke", "okstra_id": "B5024C23DCC04D40964D3CADB7F7CE34", "bauwerksnummer": "07330-0010", "sib_bauwerksnummer": "3545001 0" }, "geometry": { "type": "MultiLineString", "coordinates": [ [ [ 13.28874588, 52.49660239 ], [ 13.28964798, 52.49687963 ] ] ] } },
{ "type": "Feature", "properties": { "id": "b_bauwerke.44087", "dnbr__sdatenid": 44087, "bauwerksart": "BR", "bauwerksname": "Hohenzollerndammbrücke", "okstra_id": "DB99A668507042A6B4E1EC53838D65DE", "bauwerksnummer": "07307-0020", "sib_bauwerksnummer": "3545002 0" }, "geometry": { "type": "MultiLineString", "coordinates": [ [ [ 13.30057901, 52.48789331 ], [ 13.30115681, 52.48819415 ] ] ] } },
{ "type": "Feature", "properties": { "id": "b_bauwerke.44088", "dnbr__sdatenid": 44088, "bauwerksart": "BR", "bauwerksname": "Schmargendorfer Brücke", "okstra_id": "14433D704FDC4FD8AE4E3DFAE658B811", "bauwerksnummer": "07400-0010", "sib_bauwerksnummer": "3545003 0" }, "geometry": { "type": "MultiLineString", "coordinates": [ [ [ 13.31225733, 52.48009114 ], [ 13.31156733, 52.47971433 ] ] ] } },
{ "type": "Feature", "properties": { "id": "b_bauwerke.44090", "dnbr__sdatenid": 44090, "bauwerksart": "BR", "bauwerksname": "Koenigsalleebrücke", "okstra_id": "F763D07343FF4BE2A5B7A5AD8E257003", "bauwerksnummer": "07322-0010", "sib_bauwerksnummer": "3545005 0" }, "geometry": { "type": "MultiLineString", "coordinates": [ [ [ 13.2746653, 52.48857048 ], [ 13.2744057, 52.48824403 ] ] ] } },
{ "type": "Feature", "properties": { "id": "b_bauwerke.44091", "dnbr__sdatenid": 44091, "bauwerksart": "BR", "bauwerksname": "Bismarckbrücke", "okstra_id": "DEFADD3C3615423684E6E42665AF21EE", "bauwerksnummer": "07216-0010", "sib_bauwerksnummer": "3545006 0" }, "geometry": { "type": "MultiLineString", "coordinates": [ [ [ 13.27736104, 52.48742816 ], [ 13.27716026, 52.48731434 ] ] ] } },
{ "type": "Feature", "properties": { "id": "b_bauwerke.44094", "dnbr__sdatenid": 44094, "bauwerksart": "BR", "bauwerksname": "Avusbrücke Dauerwaldweg, ÜBB1", "okstra_id": "02BCD20EF1B340528551531E9326DE7C", "bauwerksnummer": "09013", "sib_bauwerksnummer": "3545008 1" }, "geometry": { "type": "MultiLineString", "coordinates": [ [ [ 13.26095432, 52.48935028 ], [ 13.26070772, 52.48915282 ] ] ] } },
{ "type": "Feature", "properties": { "id": "b_bauwerke.44095", "dnbr__sdatenid": 44095, "bauwerksart": "BR", "bauwerksname": "Avusbrücke Dauerwaldweg, ÜBB2", "okstra_id": "883700130C4F4C589B9F0B47576DB83C", "bauwerksnummer": "09013", "sib_bauwerksnummer": "3545008 2" }, "geometry": { "type": "MultiLineString", "coordinates": [ [ [ 13.26081458, 52.48943506 ], [ 13.26056798, 52.4892376 ] ] ] } },
{ "type": "Feature", "properties": { "id": "b_bauwerke.44096", "dnbr__sdatenid": 44096, "bauwerksart": "BR", "bauwerksname": "BAB A 100 Brücke über die Bundesallee", "okstra_id": "6ECEEDB905B24E4E9557784C5B5A3396", "bauwerksnummer": "09017", "sib_bauwerksnummer": "3545010A" }, "geometry": { "type": "MultiLineString", "coordinates": [ [ [ 13.32802002, 52.47788818 ], [ 13.32912525, 52.4778787 ] ] ] } },
{ "type": "Feature", "properties": { "id": "b_bauwerke.44097", "dnbr__sdatenid": 44097, "bauwerksart": "BR", "bauwerksname": "Avusbrücke über den Hüttenweg, FR Zehlendorf", "okstra_id": "96D21843058E4F23995B37762132F4E5", "bauwerksnummer": "10115_1", "sib_bauwerksnummer": "3545011 1" }, "geometry": { "type": "MultiLineString", "coordinates": [ [ [ 13.23688448, 52.46954818 ], [ 13.23635655, 52.4691121 ] ] ] } },
{ "type": "Feature", "properties": { "id": "b_bauwerke.44098", "dnbr__sdatenid": 44098, "bauwerksart": "BR", "bauwerksname": "Avusbrücke über den Hüttenweg, FR Charlottenburg", "okstra_id": "7C3DECED547043FBBEC7EA0510F45123", "bauwerksnummer": "10115_2", "sib_bauwerksnummer": "3545011 2" }, "geometry": { "type": "MultiLineString", "coordinates": [ [ [ 13.23715082, 52.46951171 ], [ 13.2366229, 52.46907563 ] ] ] } },
{ "type": "Feature", "properties": { "id": "b_bauwerke.44099", "dnbr__sdatenid": 44099, "bauwerksart": "FBR", "bauwerksname": "Wangenheimsteg", "okstra_id": "A33362D1DEE24A09A68CF6F4A3AB26A7", "bauwerksnummer": "07465-0010", "sib_bauwerksnummer": "3545014 0" }, "geometry": { "type": "MultiLineString", "coordinates": [ [ [ 13.28918503, 52.49438754 ], [ 13.2891572, 52.49436859 ], [ 13.2885443, 52.49384382 ] ] ] } },
{ "type": "Feature", "properties": { "id": "b_bauwerke.44100", "dnbr__sdatenid": 44100, "bauwerksart": "BR", "bauwerksname": "Schwarzbacher Brücke", "okstra_id": "E4A2E2FF5DD64FF3ADE8ED620D26BC02", "bauwerksnummer": "07408-0010", "sib_bauwerksnummer": "3545015 0" }, "geometry": { "type": "MultiLineString", "coordinates": [ [ [ 13.28990916, 52.49449483 ], [ 13.29013305, 52.49430742 ], [ 13.29021495, 52.49423642 ], [ 13.29035487, 52.49407337 ], [ 13.29047807, 52.49388079 ], [ 13.29054993, 52.49373089 ], [ 13.29058693, 52.4936003 ] ] ] } },
{ "type": "Feature", "properties": { "id": "b_bauwerke.44102", "dnbr__sdatenid": 44102, "bauwerksart": "BR", "bauwerksname": "Brücke ü. der Ausfahrt Detmolder Str., Übb1 (Süd)", "okstra_id": "53ECBACC2CFC40F78E723C23B2159B5B", "bauwerksnummer": "09029", "sib_bauwerksnummer": "3545019 1" }, "geometry": { "type": "MultiLineString", "coordinates": [ [ [ 13.31463962, 52.47916886 ], [ 13.31596125, 52.47874219 ], [ 13.31718813, 52.47840814 ], [ 13.31873772, 52.47813086 ], [ 13.31877787, 52.47812447 ] ] ] } },
{ "type": "Feature", "properties": { "id": "b_bauwerke.44103", "dnbr__sdatenid": 44103, "bauwerksart": "BR", "bauwerksname": "Brücke ü. der Ausfahrt Detmolder Str., Übb2 (Nord)", "okstra_id": "9619B9A9CCA24C73839E3175F1C24642", "bauwerksnummer": "09029", "sib_bauwerksnummer": "3545019 2" }, "geometry": { "type": "MultiLineString", "coordinates": [ [ [ 13.31471526, 52.47927783 ], [ 13.31603689, 52.47885116 ], [ 13.31726377, 52.4785171 ], [ 13.31881337, 52.47823983 ], [ 13.31885351, 52.47823344 ] ] ] } },
{ "type": "Feature", "properties": { "id": "b_bauwerke.44104", "dnbr__sdatenid": 44104, "bauwerksart": "BR", "bauwerksname": "Rampenbrücke Ausfahrt BAB A 100 Detmolder Str.", "okstra_id": "3350CE5FA46A490AA9A5C3ABFB00A572", "bauwerksnummer": "09030", "sib_bauwerksnummer": "3545020 0" }, "geometry": { "type": "MultiLineString", "coordinates": [ [ [ 13.31696441, 52.47894112 ], [ 13.31785739, 52.47862135 ], [ 13.31817686, 52.47850926 ], [ 13.31845735, 52.47843885 ], [ 13.31881179, 52.47835011 ], [ 13.31884742, 52.47834152 ] ] ] } },
{ "type": "Feature", "properties": { "id": "b_bauwerke.44105", "dnbr__sdatenid": 44105, "bauwerksart": "BR", "bauwerksname": "Brücke über die Blissestraße, Übb 1 (Nord)", "okstra_id": "C8C47CEF1C8645F0913989D678C08295", "bauwerksnummer": "09031", "sib_bauwerksnummer": "3545021A1" }, "geometry": { "type": "MultiLineString", "coordinates": [ [ [ 13.32006849, 52.47807607 ], [ 13.32064207, 52.47803743 ] ] ] } },
{ "type": "Feature", "properties": { "id": "b_bauwerke.44106", "dnbr__sdatenid": 44106, "bauwerksart": "BR", "bauwerksname": "Brücke über die Blissestraße, Übb 2 (Süd)", "okstra_id": "B0A26796B6F542989E3C37A7A2E5C1DF", "bauwerksnummer": "09031", "sib_bauwerksnummer": "3545021A2" }, "geometry": { "type": "MultiLineString", "coordinates": [ [ [ 13.32004196, 52.47795437 ], [ 13.32061554, 52.47791573 ] ] ] } },
{ "type": "Feature", "properties": { "id": "b_bauwerke.44109", "dnbr__sdatenid": 44109, "bauwerksart": "BR", "bauwerksname": "Brücke über die Mecklenburgische Straße, Übb 1", "okstra_id": "122CC9B08698484488B776C66DCA063F", "bauwerksnummer": "09049", "sib_bauwerksnummer": "3545028A1" }, "geometry": { "type": "MultiLineString", "coordinates": [ [ [ 13.30991404, 52.4819132 ], [ 13.30997049, 52.481914 ], [ 13.30998613, 52.4819013 ], [ 13.31070215, 52.481519 ], [ 13.31118267, 52.48118092 ], [ 13.31182214, 52.48076184 ], [ 13.31264184, 52.48021449 ], [ 13.3134941, 52.47983412 ], [ 13.31434543, 52.47947752 ] ] ] } },
{ "type": "Feature", "properties": { "id": "b_bauwerke.44110", "dnbr__sdatenid": 44110, "bauwerksart": "BR", "bauwerksname": "Brücke über die Mecklenburgische Straße, Übb 2", "okstra_id": "800259E1DEA241A49BC9AB746E3039B2", "bauwerksnummer": "09049", "sib_bauwerksnummer": "3545028A2" }, "geometry": { "type": "MultiLineString", "coordinates": [ [ [ 13.30985212, 52.48176059 ], [ 13.31021171, 52.48160715 ], [ 13.31156434, 52.48067733 ], [ 13.31241887, 52.48016883 ], [ 13.3134778, 52.4796578 ], [ 13.31399176, 52.47945902 ] ] ] } },
{ "type": "Feature", "properties": { "id": "b_bauwerke.44111", "dnbr__sdatenid": 44111, "bauwerksart": "BR", "bauwerksname": "Brücke über die Forckenbeckstraße, Übb 1 (ost)", "okstra_id": "0FE4DBA2DE42418AAD60D1EDA0835FA2", "bauwerksnummer": "09054", "sib_bauwerksnummer": "3545030 1" }, "geometry": { "type": "MultiLineString", "coordinates": [ [ [ 13.3067413, 52.4798623 ], [ 13.30676378, 52.47936395 ] ] ] } },
{ "type": "Feature", "properties": { "id": "b_bauwerke.44112", "dnbr__sdatenid": 44112, "bauwerksart": "BR", "bauwerksname": "Brücke über die Forckenbeckstraße, Übb 2 (west)", "okstra_id": "D814DC217E06490E87DBDE788736A01F", "bauwerksnummer": "09054", "sib_bauwerksnummer": "3545030 2" }, "geometry": { "type": "MultiLineString", "coordinates": [ [ [ 13.30656108, 52.47988827 ], [ 13.30658355, 52.47938991 ] ] ] } },
{ "type": "Feature", "properties": { "id": "b_bauwerke.44113", "dnbr__sdatenid": 44113, "bauwerksart": "BR", "bauwerksname": "Brücke über den Westring, Übb 1 (Östl.)", "okstra_id": "AA321737F63D4339837CAC7A9A2B9F12", "bauwerksnummer": "09055", "sib_bauwerksnummer": "3545031 1" }, "geometry": { "type": "MultiLineString", "coordinates": [ [ [ 13.3071961, 52.48499217 ], [ 13.30672918, 52.4821206 ] ] ] } },
{ "type": "Feature", "properties": { "id": "b_bauwerke.44114", "dnbr__sdatenid": 44114, "bauwerksart": "BR", "bauwerksname": "Brücke über den Westring, Übb 2 (Westl.)", "okstra_id": "39C0EDE85B174C3CBBF2E63FC0A962D0", "bauwerksnummer": "09055", "sib_bauwerksnummer": "3545031 2" }, "geometry": { "type": "MultiLineString", "coordinates": [ [ [ 13.30704663, 52.48500555 ], [ 13.30654834, 52.4821327 ] ] ] } },
{ "type": "Feature", "properties": { "id": "b_bauwerke.44115", "dnbr__sdatenid": 44115, "bauwerksart": "BR", "bauwerksname": "Brücke über die Rudolstädter Straße", "okstra_id": "1F99E84402564629AB4B284A2E31F17C", "bauwerksnummer": "09056", "sib_bauwerksnummer": "3545032 0" }, "geometry": { "type": "MultiLineString", "coordinates": [ [ [ 13.30673351, 52.48520168 ], [ 13.30664993, 52.48501872 ], [ 13.3066098, 52.4848838 ], [ 13.30658954, 52.48473731 ], [ 13.3065947, 52.48460303 ], [ 13.30662123, 52.4844177 ], [ 13.30667167, 52.48428407 ], [ 13.30678983, 52.48407239 ], [ 13.30695944, 52.48386934 ], [ 13.30709336, 52.48375272 ] ] ] } },
{ "type": "Feature", "properties": { "id": "b_bauwerke.44116", "dnbr__sdatenid": 44116, "bauwerksart": "BR", "bauwerksname": "Brücke am S-Bhf Schmargendorf", "okstra_id": "EC9051E598FB45B58B90C589509A8408", "bauwerksnummer": "09057", "sib_bauwerksnummer": "3545033 0" }, "geometry": { "type": "MultiLineString", "coordinates": [ [ [ 13.30977214, 52.48168128 ], [ 13.31043476, 52.48122634 ], [ 13.3109575, 52.48087721 ], [ 13.31149237, 52.48056557 ], [ 13.3122536, 52.48019496 ], [ 13.31240578, 52.48012249 ] ] ] } },
{ "type": "Feature", "properties": { "id": "b_bauwerke.44117", "dnbr__sdatenid": 44117, "bauwerksart": "FBR", "bauwerksname": "Hoher Bogen (Fußgängerbrücke)", "okstra_id": "05F3F61CBD584CF4A07F380FD2399B4E", "bauwerksnummer": "07300-0010", "sib_bauwerksnummer": "3545035 0" }, "geometry": { "type": "MultiLineString", "coordinates": [ [ [ 13.30673996, 52.48501635 ], [ 13.30473562, 52.48402636 ] ] ] } },
{ "type": "Feature", "properties": { "id": "b_bauwerke.44118", "dnbr__sdatenid": 44118, "bauwerksart": "BR", "bauwerksname": "Brücke Abfahrt BAB A 100 Stadtring", "okstra_id": "A34A9CE5EE3546A995B010A4243FBEF4", "bauwerksnummer": "09061", "sib_bauwerksnummer": "3545036 0" }, "geometry": { "type": "MultiLineString", "coordinates": [ [ [ 13.30892206, 52.48262118 ], [ 13.30968023, 52.48215623 ], [ 13.30999889, 52.48197523 ] ] ] } },
{ "type": "Feature", "properties": { "id": "b_bauwerke.44119", "dnbr__sdatenid": 44119, "bauwerksart": "BR", "bauwerksname": "Brücke Einfahrt zum AK Wilmersdorf", "okstra_id": "5DF0CEDCD3BD433C8115AAA89179F64C", "bauwerksnummer": "09062", "sib_bauwerksnummer": "3545037 0" }, "geometry": { "type": "MultiLineString", "coordinates": [ [ [ 13.30732284, 52.48501276 ], [ 13.30727093, 52.48474082 ], [ 13.30727282, 52.48448868 ], [ 13.30734554, 52.48421852 ], [ 13.30750394, 52.48394959 ], [ 13.30754544, 52.48388357 ] ] ] } },
{ "type": "Feature", "properties": { "id": "b_bauwerke.44121", "dnbr__sdatenid": 44121, "bauwerksart": "BR", "bauwerksname": "Königin-Luise Brücke", "okstra_id": "A3D82AD0579640D1811CDB2A414DCD6F", "bauwerksnummer": "07321-0010", "sib_bauwerksnummer": "3545039 0" }, "geometry": { "type": "MultiLineString", "coordinates": [ [ [ 13.29014502, 52.45804989 ], [ 13.29052788, 52.45802817 ] ] ] } },
{ "type": "Feature", "properties": { "id": "b_bauwerke.44122", "dnbr__sdatenid": 44122, "bauwerksart": "BR", "bauwerksname": "Fabeckstraßenbrücke", "okstra_id": "4AB2957953764DD5BC682F1231B6C47C", "bauwerksnummer": "07258-0010", "sib_bauwerksnummer": "3545040 0" }, "geometry": { "type": "MultiLineString", "coordinates": [ [ [ 13.28950746, 52.45677197 ], [ 13.28916667, 52.45709092 ] ] ] } },
{ "type": "Feature", "properties": { "id": "b_bauwerke.44123", "dnbr__sdatenid": 44123, "bauwerksart": "BR", "bauwerksname": "Thielalleebrücke", "okstra_id": "67AD9A3BEEDF460EA92FFB6BEEEE01B6", "bauwerksnummer": "07445-0010", "sib_bauwerksnummer": "3545041 0" }, "geometry": { "type": "MultiLineString", "coordinates": [ [ [ 13.28579145, 52.4533356 ], [ 13.28612157, 52.45306425 ] ] ] } },
{ "type": "Feature", "properties": { "id": "b_bauwerke.44124", "dnbr__sdatenid": 44124, "bauwerksart": "BR", "bauwerksname": "Dahlemer-Weg-Brücke", "okstra_id": "D8868C195D404AB091A89ADC4D4F0E82", "bauwerksnummer": "07242-0010", "sib_bauwerksnummer": "3545043 0" }, "geometry": { "type": "MultiLineString", "coordinates": [ [ [ 13.28190159, 52.43925111 ], [ 13.28179118, 52.43888863 ] ] ] } },
{ "type": "Feature", "properties": { "id": "b_bauwerke.44125", "dnbr__sdatenid": 44125, "bauwerksart": "BR", "bauwerksname": "Waldseebrücke", "okstra_id": "A60D002DE0A74D14A22E53786084C6D4", "bauwerksnummer": "07462-0010", "sib_bauwerksnummer": "3545044 0" }, "geometry": { "type": "MultiLineString", "coordinates": [ [ [ 13.23477101, 52.44109515 ], [ 13.23451934, 52.44128394 ] ] ] } },
{ "type": "Feature", "properties": { "id": "b_bauwerke.44126", "dnbr__sdatenid": 44126, "bauwerksart": "BR", "bauwerksname": "Buschgrabenbrücke", "okstra_id": "224F53EC77CB455A958B58DF6D9C925F", "bauwerksnummer": "07231-0010", "sib_bauwerksnummer": "3545045 0" }, "geometry": { "type": "MultiLineString", "coordinates": [ [ [ 13.24395116, 52.42259653 ], [ 13.24424858, 52.42242466 ] ] ] } },
{ "type": "Feature", "properties": { "id": "b_bauwerke.44127", "dnbr__sdatenid": 44127, "bauwerksart": "BR", "bauwerksname": "Ihnestraßen-Brücke", "okstra_id": "C0179C0C80F7437999B1C235B0FF8352", "bauwerksnummer": "07406-0010", "sib_bauwerksnummer": "3545047 0" }, "geometry": { "type": "MultiLineString", "coordinates": [ [ [ 13.27870256, 52.45012597 ], [ 13.27926245, 52.45005625 ] ] ] } },
{ "type": "Feature", "properties": { "id": "b_bauwerke.44128", "dnbr__sdatenid": 44128, "bauwerksart": "BR", "bauwerksname": "Buschgrabenbrücke", "okstra_id": "FAF72669C7544CDBAE54CC9B652554D4", "bauwerksnummer": "07231-0020", "sib_bauwerksnummer": "3545049 0" }, "geometry": { "type": "MultiLineString", "coordinates": [ [ [ 13.24683225, 52.42865452 ], [ 13.24702631, 52.42882589 ] ] ] } },
{ "type": "Feature", "properties": { "id": "b_bauwerke.44129", "dnbr__sdatenid": 44129, "bauwerksart": "BR", "bauwerksname": "Buschgrabenbrücke", "okstra_id": "0D7F239E1AF54B539CCDCFFC257E53A2", "bauwerksnummer": "07231-0030", "sib_bauwerksnummer": "3545050 0" }, "geometry": { "type": "MultiLineString", "coordinates": [ [ [ 13.24384898, 52.4213773 ], [ 13.24419281, 52.42139369 ] ] ] } },
{ "type": "Feature", "properties": { "id": "b_bauwerke.44131", "dnbr__sdatenid": 44131, "bauwerksart": "BR", "bauwerksname": "Clayalleebrücke", "okstra_id": "21EF124DBEC84E9D8E4A03729EDF60A7", "bauwerksnummer": "07239-0010", "sib_bauwerksnummer": "3545052 0" }, "geometry": { "type": "MultiLineString", "coordinates": [ [ [ 13.27038895, 52.45037769 ], [ 13.27025274, 52.45012206 ] ] ] } },
{ "type": "Feature", "properties": { "id": "b_bauwerke.44132", "dnbr__sdatenid": 44132, "bauwerksart": "BR", "bauwerksname": "Riemeisterstraßenbrücke", "okstra_id": "275A01D359704891890013FDDD3E44B3", "bauwerksnummer": "07385-0010", "sib_bauwerksnummer": "3545053 1" }, "geometry": { "type": "MultiLineString", "coordinates": [ [ [ 13.25447381, 52.45037999 ], [ 13.25466535, 52.4501667 ] ] ] } },
{ "type": "Feature", "properties": { "id": "b_bauwerke.44136", "dnbr__sdatenid": 44136, "bauwerksart": "BR", "bauwerksname": "Altkanzlerstraßenbrücke", "okstra_id": "E371FE3F269F4D12959B835C9C6CAFBD", "bauwerksnummer": "07204-0010", "sib_bauwerksnummer": "3545056 0" }, "geometry": { "type": "MultiLineString", "coordinates": [ [ [ 13.2455336, 52.4461224 ], [ 13.24576852, 52.44599824 ] ] ] } },
{ "type": "Feature", "properties": { "id": "b_bauwerke.44137", "dnbr__sdatenid": 44137, "bauwerksart": "BR", "bauwerksname": "Sundgauer Brücke", "okstra_id": "B9E8E2F25FDF4E259C9E46876DB29265", "bauwerksnummer": "07432-0010", "sib_bauwerksnummer": "3545058 0" }, "geometry": { "type": "MultiLineString", "coordinates": [ [ [ 13.27336835, 52.43627652 ], [ 13.27371251, 52.43589741 ] ] ] } },
{ "type": "Feature", "properties": { "id": "b_bauwerke.44139", "dnbr__sdatenid": 44139, "bauwerksart": "BR", "bauwerksname": "Alemannenbrücke", "okstra_id": "23E29C95FB32402ABE9ED522207BB675", "bauwerksnummer": "07202-0010", "sib_bauwerksnummer": "3545062 0" }, "geometry": { "type": "MultiLineString", "coordinates": [ [ [ 13.19152823, 52.42680061 ], [ 13.19133283, 52.4266265 ], [ 13.19117316, 52.42651622 ] ] ] } },
{ "type": "Feature", "properties": { "id": "b_bauwerke.44140", "dnbr__sdatenid": 44140, "bauwerksart": "BR", "bauwerksname": "Autobahnbrücke am Nikolassee, ÜBB 1", "okstra_id": "D0F6B446E3D0498E93A84F4559ED9CB8", "bauwerksnummer": "10088", "sib_bauwerksnummer": "3545061 1" }, "geometry": { "type": "MultiLineString", "coordinates": [ [ [ 13.19526595, 52.42343131 ], [ 13.19550033, 52.42302808 ] ] ] } },
{ "type": "Feature", "properties": { "id": "b_bauwerke.44141", "dnbr__sdatenid": 44141, "bauwerksart": "BR", "bauwerksname": "Autobahnbrücke am Nikolassee, ÜBB 2", "okstra_id": "FC5664D098B84BE0B2F2AA73EF0089B2", "bauwerksnummer": "10088", "sib_bauwerksnummer": "3545061 2" }, "geometry": { "type": "MultiLineString", "coordinates": [ [ [ 13.1950783, 52.42335707 ], [ 13.19531269, 52.42295384 ] ] ] } },
{ "type": "Feature", "properties": { "id": "b_bauwerke.44142", "dnbr__sdatenid": 44142, "bauwerksart": "BR", "bauwerksname": "Autobahnbrücke am Nikolassee, ÜBB 2", "okstra_id": "41DCB4E696EC4E9B8D5FD4943F7AFD5A", "bauwerksnummer": "10088", "sib_bauwerksnummer": "3545061 3" }, "geometry": { "type": "MultiLineString", "coordinates": [ [ [ 13.19496772, 52.42332267 ], [ 13.19506805, 52.42310786 ], [ 13.19509303, 52.42305343 ], [ 13.1950859, 52.4228308 ] ] ] } },
{ "type": "Feature", "properties": { "id": "b_bauwerke.44145", "dnbr__sdatenid": 44145, "bauwerksart": "BR", "bauwerksname": "Rampenbrücke Siemensstadt Einfahrt zur BAB A 100", "okstra_id": "BE74330F65C5447CBEB1F0AA1F46A540", "bauwerksnummer": "07093", "sib_bauwerksnummer": "3445086 0" }, "geometry": { "type": "MultiLineString", "coordinates": [ [ [ 13.28430884, 52.53341502 ], [ 13.28476438, 52.53338793 ] ] ] } },
{ "type": "Feature", "properties": { "id": "b_bauwerke.44148", "dnbr__sdatenid": 44148, "bauwerksart": "BR", "bauwerksname": "Moltkebrücke", "okstra_id": "D49A284CF97145D4BCF43B5BE9FED77C", "bauwerksnummer": "07357-0010", "sib_bauwerksnummer": "3545076 0" }, "geometry": { "type": "MultiLineString", "coordinates": [ [ [ 13.30581931, 52.44761664 ], [ 13.30620449, 52.44723485 ] ] ] } },
{ "type": "Feature", "properties": { "id": "b_bauwerke.44150", "dnbr__sdatenid": 44150, "bauwerksart": "BR", "bauwerksname": "Eugen-Kleine-Brücke", "okstra_id": "2FADADF13D604DD59082225DC242C443", "bauwerksnummer": "07257-0010", "sib_bauwerksnummer": "3545077 0" }, "geometry": { "type": "MultiLineString", "coordinates": [ [ [ 13.30259427, 52.4198433 ], [ 13.3029925, 52.41965656 ] ] ] } },
{ "type": "Feature", "properties": { "id": "b_bauwerke.44151", "dnbr__sdatenid": 44151, "bauwerksart": "BR", "bauwerksname": "Tietzenbrücke", "okstra_id": "AF0645758C224E569D2B563BD97F19BE", "bauwerksnummer": "07450-0010", "sib_bauwerksnummer": "3545078 0" }, "geometry": { "type": "MultiLineString", "coordinates": [ [ [ 13.30129638, 52.44595974 ], [ 13.30159469, 52.44567927 ] ] ] } },
{ "type": "Feature", "properties": { "id": "b_bauwerke.44154", "dnbr__sdatenid": 44154, "bauwerksart": "BR", "bauwerksname": "Bäkedurchlass", "okstra_id": "005D6BEEF5AA4616BCFCA3C60CA23102", "bauwerksnummer": "12025", "sib_bauwerksnummer": "3545082 0" }, "geometry": { "type": "MultiLineString", "coordinates": [ [ [ 13.32334058, 52.44513765 ], [ 13.32355608, 52.4452481 ] ] ] } },
{ "type": "Feature", "properties": { "id": "b_bauwerke.44161", "dnbr__sdatenid": 44161, "bauwerksart": "BR", "bauwerksname": "Joachim-Tiburtius-Brücke, Schildhornstraße", "okstra_id": "5DA53E116C534C2DB3E49B8D7C45AD0F", "bauwerksnummer": "07309-0010", "sib_bauwerksnummer": "3545086J" }, "geometry": { "type": "MultiLineString", "coordinates": [ [ [ 13.32160542, 52.46254931 ], [ 13.32326801, 52.46211683 ], [ 13.32406257, 52.461852 ], [ 13.32403143, 52.46185156 ] ] ] } },
{ "type": "Feature", "properties": { "id": "b_bauwerke.44165", "dnbr__sdatenid": 44165, "bauwerksart": "BR", "bauwerksname": "Joachim-Tiburtius-Brücke, ÜBB Nordwest", "okstra_id": "D574F8BF62724CB4989D990D627F9391", "bauwerksnummer": "07309-0020", "sib_bauwerksnummer": "3545086B" }, "geometry": { "type": "MultiLineString", "coordinates": [ [ [ 13.32407886, 52.4618332 ], [ 13.32807584, 52.46036726 ] ] ] } },
{ "type": "Feature", "properties": { "id": "b_bauwerke.44166", "dnbr__sdatenid": 44166, "bauwerksart": "BR", "bauwerksname": "Joachim-Tiburtius-Brücke, ÜBB Südost", "okstra_id": "57F19DA00DD1449AACB3306B46D438BD", "bauwerksnummer": "07309-0030", "sib_bauwerksnummer": "3545086A" }, "geometry": { "type": "MultiLineString", "coordinates": [ [ [ 13.3280762, 52.46035775 ], [ 13.32982021, 52.45955452 ], [ 13.33091466, 52.45903709 ], [ 13.33276251, 52.45836851 ] ] ] } },
{ "type": "Feature", "properties": { "id": "b_bauwerke.44167", "dnbr__sdatenid": 44167, "bauwerksart": "BR", "bauwerksname": "Joachim-Tiburtius-Brücke,Einfahrtsrampe Süd", "okstra_id": "7832813FE94F47508357FB82D14ACA40", "bauwerksnummer": "07309-0040", "sib_bauwerksnummer": "3545086D" }, "geometry": { "type": "MultiLineString", "coordinates": [ [ [ 13.32774933, 52.46049108 ], [ 13.32649459, 52.45937805 ] ] ] } },
{ "type": "Feature", "properties": { "id": "b_bauwerke.44168", "dnbr__sdatenid": 44168, "bauwerksart": "BR", "bauwerksname": "Joachim-Tiburtius-Brücke,Ausfahrtsrampe Süd", "okstra_id": "8B6B954EBE77400D8EC22984053F3768", "bauwerksnummer": "07309-0050", "sib_bauwerksnummer": "3545086E" }, "geometry": { "type": "MultiLineString", "coordinates": [ [ [ 13.32838288, 52.46023024 ], [ 13.32685398, 52.45910681 ] ] ] } },
{ "type": "Feature", "properties": { "id": "b_bauwerke.44170", "dnbr__sdatenid": 44170, "bauwerksart": "BR", "bauwerksname": "Joachim-Tiburtius-Brücke,Ausfahrtsrampe Nord", "okstra_id": "1B01F342EB4C4465B9481743AE8C7124", "bauwerksnummer": "12038d", "sib_bauwerksnummer": "3545086F" }, "geometry": { "type": "MultiLineString", "coordinates": [ [ [ 13.32776508, 52.46050158 ], [ 13.32926103, 52.46168763 ] ] ] } },
{ "type": "Feature", "properties": { "id": "b_bauwerke.44171", "dnbr__sdatenid": 44171, "bauwerksart": "BR", "bauwerksname": "Joachim-Tiburtius-Brücke,Einfahrtsrampe Nord", "okstra_id": "C6B63622AE054CABB7713ED5F24A1AE4", "bauwerksnummer": "12038c", "sib_bauwerksnummer": "3545086G" }, "geometry": { "type": "MultiLineString", "coordinates": [ [ [ 13.32839138, 52.46023767 ], [ 13.32970028, 52.46142437 ] ] ] } },
{ "type": "Feature", "properties": { "id": "b_bauwerke.44172", "dnbr__sdatenid": 44172, "bauwerksart": "BR", "bauwerksname": "Bäkebrücke", "okstra_id": "264FEA544E6E41959336179CC02C811C", "bauwerksnummer": "07209-0020", "sib_bauwerksnummer": "3545089 0" }, "geometry": { "type": "MultiLineString", "coordinates": [ [ [ 13.32162107, 52.44662669 ], [ 13.32176342, 52.44667289 ] ] ] } },
{ "type": "Feature", "properties": { "id": "b_bauwerke.44173", "dnbr__sdatenid": 44173, "bauwerksart": "BR", "bauwerksname": "Rampenbrücke Ausfahrt Breitenbachplatz", "okstra_id": "AC43B206EDA74EEB8A97E085D40DE72F", "bauwerksnummer": "12056", "sib_bauwerksnummer": "3545091 0" }, "geometry": { "type": "MultiLineString", "coordinates": [ [ [ 13.30966432, 52.46702646 ], [ 13.3100601, 52.46681376 ], [ 13.31061193, 52.46656811 ], [ 13.31125884, 52.46629677 ], [ 13.31198396, 52.46600626 ] ] ] } },
{ "type": "Feature", "properties": { "id": "b_bauwerke.44176", "dnbr__sdatenid": 44176, "bauwerksart": "BR", "bauwerksname": "Brücke über den Breitenbachplatz; ÜBB West", "okstra_id": "32CA7E7CD7CF4252B6879618A8DA8659", "bauwerksnummer": "09075", "sib_bauwerksnummer": "3545094 2" }, "geometry": { "type": "MultiLineString", "coordinates": [ [ [ 13.30876295, 52.46754159 ], [ 13.30913149, 52.46730437 ], [ 13.30947942, 52.46710638 ], [ 13.30964316, 52.46702127 ] ] ] } },
{ "type": "Feature", "properties": { "id": "b_bauwerke.44177", "dnbr__sdatenid": 44177, "bauwerksart": "BR", "bauwerksname": "Landoltwegbrücke", "okstra_id": "E1BA3D0DC14C4563A53A70E1543DC466", "bauwerksnummer": "07332-0010", "sib_bauwerksnummer": "3545095 0" }, "geometry": { "type": "MultiLineString", "coordinates": [ [ [ 13.28258662, 52.45157302 ], [ 13.28282699, 52.45130592 ] ] ] } },
{ "type": "Feature", "properties": { "id": "b_bauwerke.44178", "dnbr__sdatenid": 44178, "bauwerksart": "BR", "bauwerksname": "Waltraudstraßenbrücke", "okstra_id": "5489A9B39CEC4CCC99DD48BE040E2D03", "bauwerksnummer": "07464-0010", "sib_bauwerksnummer": "3545098 0" }, "geometry": { "type": "MultiLineString", "coordinates": [ [ [ 13.26248767, 52.45098329 ], [ 13.26243077, 52.4506738 ] ] ] } },
{ "type": "Feature", "properties": { "id": "b_bauwerke.44179", "dnbr__sdatenid": 44179, "bauwerksart": "BR", "bauwerksname": "Siebenendenwegbrücke", "okstra_id": "6B5E45EDF5EA4155B492DEFFACEEFCD9", "bauwerksnummer": "07416-0010", "sib_bauwerksnummer": "3545099 0" }, "geometry": { "type": "MultiLineString", "coordinates": [ [ [ 13.24849276, 52.44806623 ], [ 13.24872232, 52.44788094 ] ] ] } },
{ "type": "Feature", "properties": { "id": "b_bauwerke.44180", "dnbr__sdatenid": 44180, "bauwerksart": "BR", "bauwerksname": "Zinnowwegbrücke", "okstra_id": "4702B46C6CC84CB0AFCA9A0BD230A103", "bauwerksnummer": "07476-0010", "sib_bauwerksnummer": "3545101 0" }, "geometry": { "type": "MultiLineString", "coordinates": [ [ [ 13.24300987, 52.44458651 ], [ 13.24327501, 52.44436899 ] ] ] } },
{ "type": "Feature", "properties": { "id": "b_bauwerke.44181", "dnbr__sdatenid": 44181, "bauwerksart": "BR", "bauwerksname": "Poßwegbrücke", "okstra_id": "0B14CED52F114FA89F2BC41C786AA2D1", "bauwerksnummer": "07380-0010", "sib_bauwerksnummer": "3545102 0" }, "geometry": { "type": "MultiLineString", "coordinates": [ [ [ 13.24217957, 52.44416264 ], [ 13.24255861, 52.44388049 ] ] ] } },
{ "type": "Feature", "properties": { "id": "b_bauwerke.44184", "dnbr__sdatenid": 44184, "bauwerksart": "BR", "bauwerksname": "Durchlaß Paulsborn II", "okstra_id": "214070649C734DD8BAFC7C2B231140B4", "bauwerksnummer": "10071", "sib_bauwerksnummer": "3545108 0" }, "geometry": { "type": "MultiLineString", "coordinates": [ [ [ 13.25545352, 52.46535052 ], [ 13.25573701, 52.46522306 ] ] ] } },
{ "type": "Feature", "properties": { "id": "b_bauwerke.44185", "dnbr__sdatenid": 44185, "bauwerksart": "FTU", "bauwerksname": "Tunnel Siegessäule ostw.", "okstra_id": "720BF697D81D4D4CBDE940F0BEC079C7", "bauwerksnummer": "05604-0030", "sib_bauwerksnummer": "-" }, "geometry": { "type": "MultiLineString", "coordinates": [ [ [ 13.35127421, 52.51457653 ], [ 13.35178524, 52.5146043 ] ] ] } },
{ "type": "Feature", "properties": { "id": "b_bauwerke.44186", "dnbr__sdatenid": 44186, "bauwerksart": "FTU", "bauwerksname": "Tunnel Siegessäule ostw.", "okstra_id": "EBDA1E1E4E9549E08E2D58D5B6943832", "bauwerksnummer": "05604-0040", "sib_bauwerksnummer": "-" }, "geometry": { "type": "MultiLineString", "coordinates": [ [ [ 13.3512138, 52.51457324 ], [ 13.35061552, 52.51454622 ] ] ] } },
{ "type": "Feature", "properties": { "id": "b_bauwerke.44187", "dnbr__sdatenid": 44187, "bauwerksart": "FTU", "bauwerksname": "Tunnel Siegessäule Westl.", "okstra_id": "D7AF67ABBC8349A28F56481CA8434A4E", "bauwerksnummer": "05611-0030", "sib_bauwerksnummer": "-" }, "geometry": { "type": "MultiLineString", "coordinates": [ [ [ 13.34833191, 52.51437823 ], [ 13.34899298, 52.5144292 ] ] ] } },
{ "type": "Feature", "properties": { "id": "b_bauwerke.44188", "dnbr__sdatenid": 44188, "bauwerksart": "FTU", "bauwerksname": "Tunnel Siegessäule Westl.", "okstra_id": "671404DC18D04B81B3A40D5F78727ECC", "bauwerksnummer": "05611-0040", "sib_bauwerksnummer": "-" }, "geometry": { "type": "MultiLineString", "coordinates": [ [ [ 13.34899298, 52.5144292 ], [ 13.34958507, 52.51443957 ] ] ] } },
{ "type": "Feature", "properties": { "id": "b_bauwerke.44189", "dnbr__sdatenid": 44189, "bauwerksart": "BR", "bauwerksname": "Brücke über Holzhauser Str., ÜBB2", "okstra_id": "EB0DDA96E0614057942511364D4EF0D6", "bauwerksnummer": "07308-0020", "sib_bauwerksnummer": "3445267 2" }, "geometry": { "type": "MultiLineString", "coordinates": [ [ [ 13.29751241, 52.57808175 ], [ 13.2979099, 52.57779439 ] ] ] } },
{ "type": "Feature", "properties": { "id": "b_bauwerke.44190", "dnbr__sdatenid": 44190, "bauwerksart": "FBR", "bauwerksname": "FGB an der Rodelbahn", "okstra_id": "92E60FF452E6400284B3F208802DEF68", "bauwerksnummer": "10072", "sib_bauwerksnummer": "3545109 0" }, "geometry": { "type": "MultiLineString", "coordinates": [ [ [ 13.25138221, 52.45785262 ], [ 13.25157936, 52.45763124 ] ] ] } },
{ "type": "Feature", "properties": { "id": "b_bauwerke.44191", "dnbr__sdatenid": 44191, "bauwerksart": "BR", "bauwerksname": "Durchlaß Onkel-Tom-Straße", "okstra_id": "49E8F1EEB62640E18ED729F41C1A3370", "bauwerksnummer": "10073", "sib_bauwerksnummer": "3545110 0" }, "geometry": { "type": "MultiLineString", "coordinates": [ [ [ 13.24999323, 52.45724304 ], [ 13.25002428, 52.45692889 ] ] ] } },
{ "type": "Feature", "properties": { "id": "b_bauwerke.44192", "dnbr__sdatenid": 44192, "bauwerksart": "BR", "bauwerksname": "Triftbrücke", "okstra_id": "32E1EB0E581642FABB6C515BD485CC5A", "bauwerksnummer": "07455-0010", "sib_bauwerksnummer": "3445245 0" }, "geometry": { "type": "MultiLineString", "coordinates": [ [ [ 13.31740282, 52.58849927 ], [ 13.31720938, 52.58827802 ] ] ] } },
{ "type": "Feature", "properties": { "id": "b_bauwerke.44193", "dnbr__sdatenid": 44193, "bauwerksart": "FBR", "bauwerksname": "FGB Welsbaude", "okstra_id": "B889A506276F4072A153F5B1E094D364", "bauwerksnummer": "10074", "sib_bauwerksnummer": "3545111 0" }, "geometry": { "type": "MultiLineString", "coordinates": [ [ [ 13.24027809, 52.45541075 ], [ 13.24035963, 52.45504125 ], [ 13.24036201, 52.45503607 ] ] ] } },
{ "type": "Feature", "properties": { "id": "b_bauwerke.44195", "dnbr__sdatenid": 44195, "bauwerksart": "BR", "bauwerksname": "Spanische Allee-Brücke", "okstra_id": "39A82A511BB54654A70B4565FFC01F4D", "bauwerksnummer": "07423-0010", "sib_bauwerksnummer": "3545120 0" }, "geometry": { "type": "MultiLineString", "coordinates": [ [ [ 13.19201124, 52.43365814 ], [ 13.19324957, 52.4338105 ] ] ] } },
{ "type": "Feature", "properties": { "id": "b_bauwerke.44196", "dnbr__sdatenid": 44196, "bauwerksart": "BR", "bauwerksname": "Seehofstraßenbrücke", "okstra_id": "F583633FDAEB4C7895435FD3791D45B3", "bauwerksnummer": "07410-0010", "sib_bauwerksnummer": "3545124 0" }, "geometry": { "type": "MultiLineString", "coordinates": [ [ [ 13.26477124, 52.43321138 ], [ 13.26500157, 52.43285757 ] ] ] } },
{ "type": "Feature", "properties": { "id": "b_bauwerke.44197", "dnbr__sdatenid": 44197, "bauwerksart": "FBR", "bauwerksname": "Seehofstraßensteg", "okstra_id": "AE43A7BED09D4079A1634854EC69AD76", "bauwerksnummer": "10112a", "sib_bauwerksnummer": "3545125 0" }, "geometry": { "type": "MultiLineString", "coordinates": [ [ [ 13.26445851, 52.43305789 ], [ 13.2647393, 52.43314289 ], [ 13.26489294, 52.43319511 ], [ 13.26499267, 52.43323226 ], [ 13.2651915, 52.4333232 ] ] ] } },
{ "type": "Feature", "properties": { "id": "b_bauwerke.44205", "dnbr__sdatenid": 44205, "bauwerksart": "FBR", "bauwerksname": "Volksparksteg", "okstra_id": "6D4826A36528410D82514CC300A6D9A6", "bauwerksnummer": "07341-0010", "sib_bauwerksnummer": "3545138 0" }, "geometry": { "type": "MultiLineString", "coordinates": [ [ [ 13.33007591, 52.48313504 ], [ 13.33093429, 52.48288286 ] ] ] } },
{ "type": "Feature", "properties": { "id": "b_bauwerke.44210", "dnbr__sdatenid": 44210, "bauwerksart": "TU", "bauwerksname": "Tunnel Schlangenbader Str., ÜBB1", "okstra_id": "EBF3B1BD639440CC81765260A5C61969", "bauwerksnummer": "09053", "sib_bauwerksnummer": "3545165B1" }, "geometry": { "type": "MultiLineString", "coordinates": [ [ [ 13.30613719, 52.47264171 ], [ 13.30680787, 52.47259962 ] ] ] } },
{ "type": "Feature", "properties": { "id": "b_bauwerke.44225", "dnbr__sdatenid": 44225, "bauwerksart": "BR", "bauwerksname": "Treptower Brücke", "okstra_id": "5322A22BDBF14CE1AA211048D7CE9604", "bauwerksnummer": "07454-0010", "sib_bauwerksnummer": "3546005 0" }, "geometry": { "type": "MultiLineString", "coordinates": [ [ [ 13.45182047, 52.48088404 ], [ 13.45228715, 52.48123431 ] ] ] } },
{ "type": "Feature", "properties": { "id": "b_bauwerke.44227", "dnbr__sdatenid": 44227, "bauwerksart": "BR", "bauwerksname": "Sonnenbrücke,ÜBB Nordost", "okstra_id": "7270B11036664EB88AC846B90DB1288B", "bauwerksnummer": "07421-0010", "sib_bauwerksnummer": "3546008A1" }, "geometry": { "type": "MultiLineString", "coordinates": [ [ [ 13.45741236, 52.4732207 ], [ 13.45808167, 52.47291161 ] ] ] } },
{ "type": "Feature", "properties": { "id": "b_bauwerke.44228", "dnbr__sdatenid": 44228, "bauwerksart": "BR", "bauwerksname": "Sonnenbrücke,ÜBB Südwest", "okstra_id": "D01AD0CFBB9840E2A7BACE1D350C2FF8", "bauwerksnummer": "14012", "sib_bauwerksnummer": "3546008A2" }, "geometry": { "type": "MultiLineString", "coordinates": [ [ [ 13.45735688, 52.47302491 ], [ 13.45802618, 52.47271582 ] ] ] } },
{ "type": "Feature", "properties": { "id": "b_bauwerke.44229", "dnbr__sdatenid": 44229, "bauwerksart": "BR", "bauwerksname": "Sonnenalleebrücke", "okstra_id": "70B04510B376483AAA4E4327B408568D", "bauwerksnummer": "07282-0010", "sib_bauwerksnummer": "3546009 0" }, "geometry": { "type": "MultiLineString", "coordinates": [ [ [ 13.45848576, 52.47260887 ], [ 13.45861995, 52.47253717 ] ] ] } },
{ "type": "Feature", "properties": { "id": "b_bauwerke.44231", "dnbr__sdatenid": 44231, "bauwerksart": "BR", "bauwerksname": "Neuköllnische Brücke", "okstra_id": "540823CFAFA9426BB136094298C64D0C", "bauwerksnummer": "07364-0010", "sib_bauwerksnummer": "3546011 0" }, "geometry": { "type": "MultiLineString", "coordinates": [ [ [ 13.45643859, 52.46910788 ], [ 13.45570766, 52.46910958 ] ] ] } },
{ "type": "Feature", "properties": { "id": "b_bauwerke.44232", "dnbr__sdatenid": 44232, "bauwerksart": "BR", "bauwerksname": "Neuköllnische Allee Brücke", "okstra_id": "BB640625A63C403199BD6B55012F80B1", "bauwerksnummer": "07490-0010", "sib_bauwerksnummer": "3546012 0" }, "geometry": { "type": "MultiLineString", "coordinates": [ [ [ 13.45688917, 52.46910385 ], [ 13.45729998, 52.46908007 ] ] ] } },
{ "type": "Feature", "properties": { "id": "b_bauwerke.44233", "dnbr__sdatenid": 44233, "bauwerksart": "BR", "bauwerksname": "Grenzalleebrücke", "okstra_id": "A4FC31DBE5324747A702B29659F0F3EB", "bauwerksnummer": "07293-0010", "sib_bauwerksnummer": "3546013A" }, "geometry": { "type": "MultiLineString", "coordinates": [ [ [ 13.4527639, 52.46526458 ], [ 13.45340702, 52.4652699 ] ] ] } },
{ "type": "Feature", "properties": { "id": "b_bauwerke.44234", "dnbr__sdatenid": 44234, "bauwerksart": "BR", "bauwerksname": "Hermannbrücke, ÜBB Ost", "okstra_id": "2B76AAC267C2480B9C1908306D064B33", "bauwerksnummer": "07303-0010", "sib_bauwerksnummer": "3546014 1" }, "geometry": { "type": "MultiLineString", "coordinates": [ [ [ 13.43130724, 52.4676919 ], [ 13.43152619, 52.46734035 ] ] ] } },
{ "type": "Feature", "properties": { "id": "b_bauwerke.44235", "dnbr__sdatenid": 44235, "bauwerksart": "BR", "bauwerksname": "Hermannbrücke, ÜBB West", "okstra_id": "F3DF8447CE1C4EE69C9E033CAACC7A97", "bauwerksnummer": "14042", "sib_bauwerksnummer": "3546014 2" }, "geometry": { "type": "MultiLineString", "coordinates": [ [ [ 13.43113306, 52.46766104 ], [ 13.431352, 52.46730949 ] ] ] } },
{ "type": "Feature", "properties": { "id": "b_bauwerke.44238", "dnbr__sdatenid": 44238, "bauwerksart": "BR", "bauwerksname": "Große Brücke über dem Wiesenbach", "okstra_id": "D6A91E2CCC9B4F4EA5373A8A8F7F270A", "bauwerksnummer": "14047", "sib_bauwerksnummer": "3546017 0" }, "geometry": { "type": "MultiLineString", "coordinates": [ [ [ 13.42051037, 52.43157954 ], [ 13.42087372, 52.43148939 ] ] ] } },
{ "type": "Feature", "properties": { "id": "b_bauwerke.44239", "dnbr__sdatenid": 44239, "bauwerksart": "BR", "bauwerksname": "Grüne Brücke", "okstra_id": "81E3372DBB9D4E8E8E3B31D4C70D67E8", "bauwerksnummer": "14051", "sib_bauwerksnummer": "3546020 0" }, "geometry": { "type": "MultiLineString", "coordinates": [ [ [ 13.41410158, 52.43398923 ], [ 13.4140849, 52.43387818 ] ] ] } },
{ "type": "Feature", "properties": { "id": "b_bauwerke.44243", "dnbr__sdatenid": 44243, "bauwerksart": "FBR", "bauwerksname": "Brücke zum Cafe am See", "okstra_id": "83811DC2A6CB4DD3908388858AEED101", "bauwerksnummer": "14055", "sib_bauwerksnummer": "3546024 0" }, "geometry": { "type": "MultiLineString", "coordinates": [ [ [ 13.4150022, 52.43625081 ], [ 13.41562337, 52.43629176 ] ] ] } },
{ "type": "Feature", "properties": { "id": "b_bauwerke.44247", "dnbr__sdatenid": 44247, "bauwerksart": "BR", "bauwerksname": "Mehringbrücke, ÜBB Ost", "okstra_id": "827CD8C830664025A9456D65842D611B", "bauwerksnummer": "07271-0010", "sib_bauwerksnummer": "3546030 1" }, "geometry": { "type": "MultiLineString", "coordinates": [ [ [ 13.38924, 52.49763808 ], [ 13.38910623, 52.49814556 ] ] ] } },
{ "type": "Feature", "properties": { "id": "b_bauwerke.44248", "dnbr__sdatenid": 44248, "bauwerksart": "BR", "bauwerksname": "Mehringbrücke, ÜBB West", "okstra_id": "948A581818384527BB15D844702CC513", "bauwerksnummer": "06001", "sib_bauwerksnummer": "3546030 2" }, "geometry": { "type": "MultiLineString", "coordinates": [ [ [ 13.38890859, 52.49764071 ], [ 13.38877481, 52.49814818 ] ] ] } },
{ "type": "Feature", "properties": { "id": "b_bauwerke.44249", "dnbr__sdatenid": 44249, "bauwerksart": "BR", "bauwerksname": "Hallesche-Tor-Brücke", "okstra_id": "EC46237A0C104AB188E119131EE5A474", "bauwerksnummer": "07269-0010", "sib_bauwerksnummer": "3546031 0" }, "geometry": { "type": "MultiLineString", "coordinates": [ [ [ 13.39202085, 52.49749702 ], [ 13.39197287, 52.49791569 ] ] ] } },
{ "type": "Feature", "properties": { "id": "b_bauwerke.44250", "dnbr__sdatenid": 44250, "bauwerksart": "BR", "bauwerksname": "Zossener Brücke", "okstra_id": "1F49AD13CF37463E913EF8250417845B", "bauwerksnummer": "07479-0010", "sib_bauwerksnummer": "3546032 0" }, "geometry": { "type": "MultiLineString", "coordinates": [ [ [ 13.39578386, 52.49799516 ], [ 13.39570567, 52.4978067 ], [ 13.39558472, 52.4975821 ] ] ] } },
{ "type": "Feature", "properties": { "id": "b_bauwerke.44253", "dnbr__sdatenid": 44253, "bauwerksart": "BR", "bauwerksname": "Baerwaldbrücke", "okstra_id": "1AFA74EAA8C54BD7A7DEDB9EA398A9E7", "bauwerksnummer": "07210-0010", "sib_bauwerksnummer": "3546035 0" }, "geometry": { "type": "MultiLineString", "coordinates": [ [ [ 13.40536429, 52.4967677 ], [ 13.40502271, 52.49630812 ] ] ] } },
{ "type": "Feature", "properties": { "id": "b_bauwerke.44254", "dnbr__sdatenid": 44254, "bauwerksart": "BR", "bauwerksname": "Kottbusser Brücke", "okstra_id": "D15BC75504BB4BBDA3DC1B971EF72B86", "bauwerksnummer": "07325-0010", "sib_bauwerksnummer": "3546036 0" }, "geometry": { "type": "MultiLineString", "coordinates": [ [ [ 13.41989811, 52.49625583 ], [ 13.42017892, 52.49583316 ] ] ] } },
{ "type": "Feature", "properties": { "id": "b_bauwerke.44257", "dnbr__sdatenid": 44257, "bauwerksart": "BR", "bauwerksname": "Treptower Brücke", "okstra_id": "E12F6343D2684CC6A9878869AD3D7C1C", "bauwerksnummer": "07453-0010", "sib_bauwerksnummer": "3546040 0" }, "geometry": { "type": "MultiLineString", "coordinates": [ [ [ 13.44709759, 52.49492042 ], [ 13.44680693, 52.4947061 ] ] ] } },
{ "type": "Feature", "properties": { "id": "b_bauwerke.44258", "dnbr__sdatenid": 44258, "bauwerksart": "BR", "bauwerksname": "Obere Freiarchenbrücke", "okstra_id": "1F2837E584294C61A537B4DBDE8B3545", "bauwerksnummer": "07265-0010", "sib_bauwerksnummer": "3546041A" }, "geometry": { "type": "MultiLineString", "coordinates": [ [ [ 13.44960792, 52.49681821 ], [ 13.45012838, 52.49652825 ] ] ] } },
{ "type": "Feature", "properties": { "id": "b_bauwerke.44259", "dnbr__sdatenid": 44259, "bauwerksart": "BR", "bauwerksname": "Schlesische Brücke", "okstra_id": "F83F2E737FE94ADCA1958B3EB8DA8AED", "bauwerksnummer": "07397-0010", "sib_bauwerksnummer": "3546042 0" }, "geometry": { "type": "MultiLineString", "coordinates": [ [ [ 13.44840784, 52.49751774 ], [ 13.44894348, 52.49723366 ] ] ] } },
{ "type": "Feature", "properties": { "id": "b_bauwerke.44261", "dnbr__sdatenid": 44261, "bauwerksart": "FBR", "bauwerksname": "Viktoriapark-Brücke", "okstra_id": "AAF25D646AD841048F5B7CC42A675E78", "bauwerksnummer": "17411-0010", "sib_bauwerksnummer": "3546045 0" }, "geometry": { "type": "MultiLineString", "coordinates": [ [ [ 13.38179638, 52.48881765 ], [ 13.38192152, 52.48881791 ] ] ] } },
{ "type": "Feature", "properties": { "id": "b_bauwerke.44264", "dnbr__sdatenid": 44264, "bauwerksart": "BR", "bauwerksname": "Brücke Wexstraße-Süd", "okstra_id": "958D7D10760C47ABB23387AC5BA31E72", "bauwerksnummer": "09050", "sib_bauwerksnummer": "3546047 0" }, "geometry": { "type": "MultiLineString", "coordinates": [ [ [ 13.33429998, 52.47818536 ], [ 13.33486769, 52.47827044 ] ] ] } },
{ "type": "Feature", "properties": { "id": "b_bauwerke.44265", "dnbr__sdatenid": 44265, "bauwerksart": "BR", "bauwerksname": "Julius-Leber-Brücke,FR West", "okstra_id": "9329B5B460ED4361A7E59AF0AF653A0E", "bauwerksnummer": "07314-0010", "sib_bauwerksnummer": "3546048 1" }, "geometry": { "type": "MultiLineString", "coordinates": [ [ [ 13.36041253, 52.48644483 ], [ 13.36135159, 52.48609831 ] ] ] } },
{ "type": "Feature", "properties": { "id": "b_bauwerke.44266", "dnbr__sdatenid": 44266, "bauwerksart": "BR", "bauwerksname": "Julius-Leber-Brücke,FR Ost", "okstra_id": "0E0C58598F734B599718679A73293980", "bauwerksnummer": "11002b", "sib_bauwerksnummer": "3546048 2" }, "geometry": { "type": "MultiLineString", "coordinates": [ [ [ 13.36028481, 52.4863358 ], [ 13.36122387, 52.48598928 ] ] ] } },
{ "type": "Feature", "properties": { "id": "b_bauwerke.44267", "dnbr__sdatenid": 44267, "bauwerksart": "BR", "bauwerksname": "Kolonnenbrücke", "okstra_id": "4382D0083CE44E05A827DB6CA4983D62", "bauwerksnummer": "07324-0010", "sib_bauwerksnummer": "3546049 0" }, "geometry": { "type": "MultiLineString", "coordinates": [ [ [ 13.37002626, 52.48503545 ], [ 13.37211359, 52.48503995 ] ] ] } },
{ "type": "Feature", "properties": { "id": "b_bauwerke.44268", "dnbr__sdatenid": 44268, "bauwerksart": "BR", "bauwerksname": "Brücke über die Rubensstraße, FR Steglitz", "okstra_id": "5797660CBAF74129B03534D8A14507FE", "bauwerksnummer": "11021", "sib_bauwerksnummer": "3546051A1" }, "geometry": { "type": "MultiLineString", "coordinates": [ [ [ 13.34387402, 52.47170176 ], [ 13.3433784, 52.47141411 ] ] ] } },
{ "type": "Feature", "properties": { "id": "b_bauwerke.44269", "dnbr__sdatenid": 44269, "bauwerksart": "BR", "bauwerksname": "Brücke über die Rubensstraße, FR Sachsendamm", "okstra_id": "90B25C8E8FF44D05BF502B199904038C", "bauwerksnummer": "11021", "sib_bauwerksnummer": "3546051A2" }, "geometry": { "type": "MultiLineString", "coordinates": [ [ [ 13.34381487, 52.47182464 ], [ 13.34331925, 52.47153698 ] ] ] } },
{ "type": "Feature", "properties": { "id": "b_bauwerke.44270", "dnbr__sdatenid": 44270, "bauwerksart": "BR", "bauwerksname": "Friedenauer Brücke", "okstra_id": "055D49AAA1224A2CABEE7980C962D869", "bauwerksnummer": "07267-0010", "sib_bauwerksnummer": "3546052 0" }, "geometry": { "type": "MultiLineString", "coordinates": [ [ [ 13.33700475, 52.46736776 ], [ 13.3379048, 52.46688804 ] ] ] } },
{ "type": "Feature", "properties": { "id": "b_bauwerke.44272", "dnbr__sdatenid": 44272, "bauwerksart": "BR", "bauwerksname": "Hermann-Ganswindt-Brücke", "okstra_id": "EC69E9AFF3D646DCAA79D49A936579E6", "bauwerksnummer": "07275-0010", "sib_bauwerksnummer": "3546059 0" }, "geometry": { "type": "MultiLineString", "coordinates": [ [ [ 13.35877457, 52.47448808 ], [ 13.3574971, 52.4735272 ] ] ] } },
{ "type": "Feature", "properties": { "id": "b_bauwerke.44273", "dnbr__sdatenid": 44273, "bauwerksart": "BR", "bauwerksname": "Parkringbrücke", "okstra_id": "171DD6D2FC7044F2AD09D24CD2DDFE20", "bauwerksnummer": "07374-0010", "sib_bauwerksnummer": "3546067A" }, "geometry": { "type": "MultiLineString", "coordinates": [ [ [ 13.37755637, 52.48134021 ], [ 13.37750204, 52.48077283 ] ] ] } },
{ "type": "Feature", "properties": { "id": "b_bauwerke.44275", "dnbr__sdatenid": 44275, "bauwerksart": "BR", "bauwerksname": "Gottlieb-Dunkel-Straßen-Brücke", "okstra_id": "0C1860EA82294C158164B326DA347EF5", "bauwerksnummer": "07287-0010", "sib_bauwerksnummer": "3546070 0" }, "geometry": { "type": "MultiLineString", "coordinates": [ [ [ 13.41294648, 52.45764108 ], [ 13.41249897, 52.45739763 ] ] ] } },
{ "type": "Feature", "properties": { "id": "b_bauwerke.44276", "dnbr__sdatenid": 44276, "bauwerksart": "BR", "bauwerksname": "Stubenrauchbrücke", "okstra_id": "1A96BA4726494D36BE9D9B7BF1FAC7AA", "bauwerksnummer": "07431-0010", "sib_bauwerksnummer": "3546072A" }, "geometry": { "type": "MultiLineString", "coordinates": [ [ [ 13.38430709, 52.45351325 ], [ 13.38422092, 52.45393724 ] ] ] } },
{ "type": "Feature", "properties": { "id": "b_bauwerke.44277", "dnbr__sdatenid": 44277, "bauwerksart": "BR", "bauwerksname": "Lankwitzer Brücke", "okstra_id": "FA0FC04067F14458B384D8F41897901A", "bauwerksnummer": "07272-0010", "sib_bauwerksnummer": "3546076 0" }, "geometry": { "type": "MultiLineString", "coordinates": [ [ [ 13.36755097, 52.43567962 ], [ 13.36818075, 52.43585533 ] ] ] } },
{ "type": "Feature", "properties": { "id": "b_bauwerke.44278", "dnbr__sdatenid": 44278, "bauwerksart": "BR", "bauwerksname": "Komturbrücke, ÜBB Nord", "okstra_id": "0EA758C59D2246E8B1C5794A20986F1F", "bauwerksnummer": "07262-0010", "sib_bauwerksnummer": "3546077A" }, "geometry": { "type": "MultiLineString", "coordinates": [ [ [ 13.40000253, 52.45814414 ], [ 13.39995944, 52.45779154 ] ] ] } },
{ "type": "Feature", "properties": { "id": "b_bauwerke.44279", "dnbr__sdatenid": 44279, "bauwerksart": "BR", "bauwerksname": "Komturbrücke, ÜBB Mitte", "okstra_id": "22C19EA59E0846E5ABA41AB80E66C8C2", "bauwerksnummer": "13029", "sib_bauwerksnummer": "3546077B" }, "geometry": { "type": "MultiLineString", "coordinates": [ [ [ 13.39990526, 52.4573219 ], [ 13.39995944, 52.45779154 ] ] ] } },
{ "type": "Feature", "properties": { "id": "b_bauwerke.44280", "dnbr__sdatenid": 44280, "bauwerksart": "BR", "bauwerksname": "Komturbrücke, ÜBB Süd", "okstra_id": "CCE7E7FE29BD47EB9393D6B40A2A7DC4", "bauwerksnummer": "13029", "sib_bauwerksnummer": "3546077C" }, "geometry": { "type": "MultiLineString", "coordinates": [ [ [ 13.39990526, 52.4573219 ], [ 13.39986417, 52.45700555 ] ] ] } },
{ "type": "Feature", "properties": { "id": "b_bauwerke.44281", "dnbr__sdatenid": 44281, "bauwerksart": "BR", "bauwerksname": "Abteibrücke(Zug. Insel der Jugend)", "okstra_id": "8041A2EA510B45C399E05BF8DCA2DC0F", "bauwerksnummer": "49568-0010", "sib_bauwerksnummer": "3546084 0" }, "geometry": { "type": "MultiLineString", "coordinates": [ [ [ 13.48081218, 52.48684331 ], [ 13.48056902, 52.48603062 ] ] ] } },
{ "type": "Feature", "properties": { "id": "b_bauwerke.44282", "dnbr__sdatenid": 44282, "bauwerksart": "BR", "bauwerksname": "Puschkinalleebrücke", "okstra_id": "F1F167ADCC1D40BFB39ACD5E57541AAE", "bauwerksnummer": "49569-0010", "sib_bauwerksnummer": "3546085 0" }, "geometry": { "type": "MultiLineString", "coordinates": [ [ [ 13.47734827, 52.48680693 ], [ 13.47740589, 52.48674499 ] ] ] } },
{ "type": "Feature", "properties": { "id": "b_bauwerke.44283", "dnbr__sdatenid": 44283, "bauwerksart": "BR", "bauwerksname": "Am-Treptower-Park-Brücke", "okstra_id": "2CA601220CFB411998BAECC18C0AC340", "bauwerksnummer": "49570-0010", "sib_bauwerksnummer": "3546086 0" }, "geometry": { "type": "MultiLineString", "coordinates": [ [ [ 13.47170552, 52.48223988 ], [ 13.47179845, 52.48218338 ] ] ] } },
{ "type": "Feature", "properties": { "id": "b_bauwerke.44284", "dnbr__sdatenid": 44284, "bauwerksart": "BR", "bauwerksname": "Industriebahnbrücke", "okstra_id": "0F3261A4EEB24F8194FB0968ED650A1A", "bauwerksnummer": "49571-0010", "sib_bauwerksnummer": "3546088 0" }, "geometry": { "type": "MultiLineString", "coordinates": [ [ [ 13.49549964, 52.46627676 ], [ 13.49577831, 52.46608296 ] ] ] } },
{ "type": "Feature", "properties": { "id": "b_bauwerke.44285", "dnbr__sdatenid": 44285, "bauwerksart": "BR", "bauwerksname": "Dammwegbrücke", "okstra_id": "E29CFDCA8A15416B9DFBD76EA00F9450", "bauwerksnummer": "49573-0010", "sib_bauwerksnummer": "3546089 0" }, "geometry": { "type": "MultiLineString", "coordinates": [ [ [ 13.47007579, 52.47304173 ], [ 13.4701933, 52.4731039 ] ] ] } },
{ "type": "Feature", "properties": { "id": "b_bauwerke.44286", "dnbr__sdatenid": 44286, "bauwerksart": "BPA", "bauwerksname": "Parkbrücke,Nördlich", "okstra_id": "63C153645DA14E88AF355A3334CAC769", "bauwerksnummer": "49582-0010", "sib_bauwerksnummer": "3546095 0" }, "geometry": { "type": "MultiLineString", "coordinates": [ [ [ 13.4745146, 52.48548859 ], [ 13.47460746, 52.48545276 ] ] ] } },
{ "type": "Feature", "properties": { "id": "b_bauwerke.44287", "dnbr__sdatenid": 44287, "bauwerksart": "BPA", "bauwerksname": "Parkbrücke Mittel", "okstra_id": "C72C6F16B13F47FD96F2F15CC1C1B948", "bauwerksnummer": "49583-0010", "sib_bauwerksnummer": "3546096 0" }, "geometry": { "type": "MultiLineString", "coordinates": [ [ [ 13.47416333, 52.48532907 ], [ 13.47426359, 52.48528337 ] ] ] } },
{ "type": "Feature", "properties": { "id": "b_bauwerke.44288", "dnbr__sdatenid": 44288, "bauwerksart": "BPA", "bauwerksname": "Parkbrücke Südlich", "okstra_id": "9D0374373A664983BB8EA77012DAD05F", "bauwerksnummer": "49584-0010", "sib_bauwerksnummer": "3546097 0" }, "geometry": { "type": "MultiLineString", "coordinates": [ [ [ 13.47386979, 52.48507797 ], [ 13.47396268, 52.48503226 ] ] ] } },
{ "type": "Feature", "properties": { "id": "b_bauwerke.44289", "dnbr__sdatenid": 44289, "bauwerksart": "BPA", "bauwerksname": "Parkbrücke (Treptower Park)", "okstra_id": "075A1C264B9844509650C6EEC166196E", "bauwerksnummer": "49585-0010", "sib_bauwerksnummer": "3546098 0" }, "geometry": { "type": "MultiLineString", "coordinates": [ [ [ 13.47198235, 52.48347411 ], [ 13.47210748, 52.48346978 ] ] ] } },
{ "type": "Feature", "properties": { "id": "b_bauwerke.44290", "dnbr__sdatenid": 44290, "bauwerksart": "FBR", "bauwerksname": "FGB Zenner", "okstra_id": "25367118A1AC45C1AAE41098FF7E86F3", "bauwerksnummer": "49586-0010", "sib_bauwerksnummer": "3546094 0" }, "geometry": { "type": "MultiLineString", "coordinates": [ [ [ 13.47851933, 52.48702497 ], [ 13.47854608, 52.48694952 ] ] ] } },
{ "type": "Feature", "properties": { "id": "b_bauwerke.44291", "dnbr__sdatenid": 44291, "bauwerksart": "FBR", "bauwerksname": "Britzer Hafensteg", "okstra_id": "8333C4C2F1C448A6AC1388B3FF220975", "bauwerksnummer": "07224-0010", "sib_bauwerksnummer": "3546156 0" }, "geometry": { "type": "MultiLineString", "coordinates": [ [ [ 13.45460913, 52.46092507 ], [ 13.45520438, 52.46113362 ] ] ] } },
{ "type": "Feature", "properties": { "id": "b_bauwerke.44293", "dnbr__sdatenid": 44293, "bauwerksart": "BR", "bauwerksname": "Hertabrücke", "okstra_id": "56185DC4482B4C57A49CE79914EA3CB7", "bauwerksnummer": "07304-0010", "sib_bauwerksnummer": "3546158 0" }, "geometry": { "type": "MultiLineString", "coordinates": [ [ [ 13.43589047, 52.46850195 ], [ 13.43622075, 52.46749847 ] ] ] } },
{ "type": "Feature", "properties": { "id": "b_bauwerke.44294", "dnbr__sdatenid": 44294, "bauwerksart": "BR", "bauwerksname": "Anna-Nemitz-Brücke", "okstra_id": "4D3AB66566114792A6353EF0B23B4F89", "bauwerksnummer": "08966-0010", "sib_bauwerksnummer": "3546211 0" }, "geometry": { "type": "MultiLineString", "coordinates": [ [ [ 13.46152802, 52.45434232 ], [ 13.4609607, 52.45421122 ] ] ] } },
{ "type": "Feature", "properties": { "id": "b_bauwerke.44295", "dnbr__sdatenid": 44295, "bauwerksart": "BR", "bauwerksname": "Brücke über den Grazer Damm, ÜBB 1", "okstra_id": "15072FA54AAC413E8CB9F38558847013", "bauwerksnummer": "11027", "sib_bauwerksnummer": "3546055 1" }, "geometry": { "type": "MultiLineString", "coordinates": [ [ [ 13.3479315, 52.47293563 ], [ 13.34839199, 52.47303809 ], [ 13.34871927, 52.47311759 ], [ 13.34900997, 52.47320926 ], [ 13.34942504, 52.47335708 ], [ 13.34964234, 52.47345493 ] ] ] } },
{ "type": "Feature", "properties": { "id": "b_bauwerke.44296", "dnbr__sdatenid": 44296, "bauwerksart": "BR", "bauwerksname": "Brücke über den Grazer Damm, ÜBB 2", "okstra_id": "784884067EA6475C85FB3F71BBE93AA4", "bauwerksnummer": "11027", "sib_bauwerksnummer": "3546055 2" }, "geometry": { "type": "MultiLineString", "coordinates": [ [ [ 13.34786774, 52.47282232 ], [ 13.34833301, 52.47291636 ], [ 13.34866402, 52.47298987 ], [ 13.34895906, 52.47307622 ], [ 13.34938115, 52.47321643 ], [ 13.34960312, 52.47331028 ] ] ] } },
{ "type": "Feature", "properties": { "id": "b_bauwerke.44297", "dnbr__sdatenid": 44297, "bauwerksart": "BR", "bauwerksname": "Brücke über den Grazer Damm, ÜBB 3", "okstra_id": "24192EE2AA2E49C2843FD948156E01AB", "bauwerksnummer": "11027", "sib_bauwerksnummer": "3546055 3" }, "geometry": { "type": "MultiLineString", "coordinates": [ [ [ 13.34784959, 52.47268875 ], [ 13.3483105, 52.47278624 ], [ 13.3486198, 52.47286247 ], [ 13.34898536, 52.4729631 ], [ 13.34935773, 52.47308732 ], [ 13.34959962, 52.47317214 ] ] ] } },
{ "type": "Feature", "properties": { "id": "b_bauwerke.44298", "dnbr__sdatenid": 44298, "bauwerksart": "BR", "bauwerksname": "Brücke über den Grazer Damm, ÜBB 4", "okstra_id": "F926B3D6B9D84F3AA268E6B4475B4198", "bauwerksnummer": "11027", "sib_bauwerksnummer": "3546055 4" }, "geometry": { "type": "MultiLineString", "coordinates": [ [ [ 13.34779932, 52.47256823 ], [ 13.34826527, 52.47265634 ], [ 13.34857854, 52.47272626 ], [ 13.34894936, 52.47281943 ], [ 13.34932827, 52.47293605 ], [ 13.34957463, 52.47301592 ] ] ] } },
{ "type": "Feature", "properties": { "id": "b_bauwerke.44300", "dnbr__sdatenid": 44300, "bauwerksart": "BR", "bauwerksname": "Brücke AK Schöneberg, ÜBB 1", "okstra_id": "05A10C9C5CFA4615A30A4793B304DF54", "bauwerksnummer": "11028", "sib_bauwerksnummer": "3546056 1" }, "geometry": { "type": "MultiLineString", "coordinates": [ [ [ 13.35133284, 52.47460073 ], [ 13.35062131, 52.4740005 ] ] ] } },
{ "type": "Feature", "properties": { "id": "b_bauwerke.44301", "dnbr__sdatenid": 44301, "bauwerksart": "BR", "bauwerksname": "Brücke AK Schöneberg, ÜBB 2", "okstra_id": "BCCF92CE587342C0A9B64722FB53959F", "bauwerksnummer": "11028", "sib_bauwerksnummer": "3546056 2" }, "geometry": { "type": "MultiLineString", "coordinates": [ [ [ 13.35148074, 52.47453085 ], [ 13.35076922, 52.47393062 ] ] ] } },
{ "type": "Feature", "properties": { "id": "b_bauwerke.44302", "dnbr__sdatenid": 44302, "bauwerksart": "BR", "bauwerksname": "Brücke AK Schöneberg, ÜBB 3", "okstra_id": "9AE16230A39A4D9B9E03649D95610D37", "bauwerksnummer": "11028", "sib_bauwerksnummer": "3546056 3" }, "geometry": { "type": "MultiLineString", "coordinates": [ [ [ 13.35163258, 52.47446103 ], [ 13.35092106, 52.4738608 ] ] ] } },
{ "type": "Feature", "properties": { "id": "b_bauwerke.44303", "dnbr__sdatenid": 44303, "bauwerksart": "BR", "bauwerksname": "Brücke AK Schöneberg, ÜBB 4", "okstra_id": "10BB200D9C7843188B00A5160B2D1F74", "bauwerksnummer": "11028", "sib_bauwerksnummer": "3546056 4" }, "geometry": { "type": "MultiLineString", "coordinates": [ [ [ 13.35181171, 52.47439638 ], [ 13.35110018, 52.47379615 ] ] ] } },
{ "type": "Feature", "properties": { "id": "b_bauwerke.44304", "dnbr__sdatenid": 44304, "bauwerksart": "FBR", "bauwerksname": "FGB Priesterweg", "okstra_id": "EF6F35CCF71A4EEE838D3290F22F612B", "bauwerksnummer": "11030", "sib_bauwerksnummer": "3546057 0" }, "geometry": { "type": "MultiLineString", "coordinates": [ [ [ 13.35596749, 52.47407824 ], [ 13.35597762, 52.47329606 ] ] ] } },
{ "type": "Feature", "properties": { "id": "b_bauwerke.44305", "dnbr__sdatenid": 44305, "bauwerksart": "BR", "bauwerksname": "Friedrich-Gerlach-Brücke, ÜBB 1", "okstra_id": "BBF9DAF256A64DDFB49137315B5675F4", "bauwerksnummer": "07268-0010", "sib_bauwerksnummer": "3546058 1" }, "geometry": { "type": "MultiLineString", "coordinates": [ [ [ 13.35574731, 52.47787495 ], [ 13.35520937, 52.47823408 ] ] ] } },
{ "type": "Feature", "properties": { "id": "b_bauwerke.44306", "dnbr__sdatenid": 44306, "bauwerksart": "BR", "bauwerksname": "Friedrich-Gerlach-Brücke, ÜBB 2", "okstra_id": "C136184A054E49BC876AE980936E811E", "bauwerksnummer": "11050", "sib_bauwerksnummer": "3546058 2" }, "geometry": { "type": "MultiLineString", "coordinates": [ [ [ 13.35555963, 52.47774621 ], [ 13.35502168, 52.47810534 ] ] ] } },
{ "type": "Feature", "properties": { "id": "b_bauwerke.44307", "dnbr__sdatenid": 44307, "bauwerksart": "BR", "bauwerksname": "Einfahrtsrampenbrücke West a.d.Friedenauer Brücke", "okstra_id": "46BD178BF4A44A37B785B56C24E1FC23", "bauwerksnummer": "12037", "sib_bauwerksnummer": "3546066 0" }, "geometry": { "type": "MultiLineString", "coordinates": [ [ [ 13.33736945, 52.46700485 ], [ 13.336797, 52.46653648 ] ] ] } },
{ "type": "Feature", "properties": { "id": "b_bauwerke.44308", "dnbr__sdatenid": 44308, "bauwerksart": "FBR", "bauwerksname": "FGB über den Königsgraben", "okstra_id": "AC07D8A6013C4E5991566FDE287B8E2D", "bauwerksnummer": "13020", "sib_bauwerksnummer": "3546073 0" }, "geometry": { "type": "MultiLineString", "coordinates": [ [ [ 13.3746193, 52.40714495 ], [ 13.37481767, 52.40716965 ] ] ] } },
{ "type": "Feature", "properties": { "id": "b_bauwerke.44309", "dnbr__sdatenid": 44309, "bauwerksart": "BR", "bauwerksname": "Karl-Theodor-Schmitz-Brücke", "okstra_id": "8C6EE7047597494983EC81A0B8C02551", "bauwerksnummer": "13026a", "sib_bauwerksnummer": "3546075 1" }, "geometry": { "type": "MultiLineString", "coordinates": [ [ [ 13.37390764, 52.42620303 ], [ 13.37406408, 52.42592789 ], [ 13.37410287, 52.42586805 ], [ 13.3741483, 52.42582618 ], [ 13.3742195, 52.4257802 ], [ 13.37428662, 52.42574535 ], [ 13.37437162, 52.42572192 ], [ 13.37450398, 52.42570361 ] ] ] } },
{ "type": "Feature", "properties": { "id": "b_bauwerke.44310", "dnbr__sdatenid": 44310, "bauwerksart": "BR", "bauwerksname": "Brücke über die Manteuffelstraße, ÜBB Nord", "okstra_id": "B3D4A21C612B471A83202FC9CC6BA8C0", "bauwerksnummer": "13040", "sib_bauwerksnummer": "3546078 1" }, "geometry": { "type": "MultiLineString", "coordinates": [ [ [ 13.37744949, 52.47011601 ], [ 13.37834725, 52.47006647 ] ] ] } },
{ "type": "Feature", "properties": { "id": "b_bauwerke.44311", "dnbr__sdatenid": 44311, "bauwerksart": "BR", "bauwerksname": "Brücke über die Manteuffelstraße, ÜBB Süd", "okstra_id": "F07230C24661482E8B0911BB4756522B", "bauwerksnummer": "13040", "sib_bauwerksnummer": "3546078 2" }, "geometry": { "type": "MultiLineString", "coordinates": [ [ [ 13.37745403, 52.46999237 ], [ 13.37835179, 52.46994283 ] ] ] } },
{ "type": "Feature", "properties": { "id": "b_bauwerke.44312", "dnbr__sdatenid": 44312, "bauwerksart": "BR", "bauwerksname": "Brücke über den Tempelhofer Damm, ÜBB Nord", "okstra_id": "27D3BD124B74439DA6BD6A48504184D2", "bauwerksnummer": "13042", "sib_bauwerksnummer": "3546079 1" }, "geometry": { "type": "MultiLineString", "coordinates": [ [ [ 13.38501065, 52.46986604 ], [ 13.38619337, 52.46980208 ] ] ] } },
{ "type": "Feature", "properties": { "id": "b_bauwerke.44313", "dnbr__sdatenid": 44313, "bauwerksart": "BR", "bauwerksname": "Brücke über den Tempelhofer Damm, ÜBB Süd", "okstra_id": "F43B3481AC7F47ABB8D0D25F56595450", "bauwerksnummer": "13042", "sib_bauwerksnummer": "3546079 2" }, "geometry": { "type": "MultiLineString", "coordinates": [ [ [ 13.38500572, 52.46973544 ], [ 13.38618843, 52.46967149 ] ] ] } },
{ "type": "Feature", "properties": { "id": "b_bauwerke.44314", "dnbr__sdatenid": 44314, "bauwerksart": "BR", "bauwerksname": "Rampenbrücke Alboinstraße", "okstra_id": "A4FDB7F486C14BE99D9F09ADBFD15A88", "bauwerksnummer": "13051", "sib_bauwerksnummer": "3546080 0" }, "geometry": { "type": "MultiLineString", "coordinates": [ [ [ 13.3726219, 52.47025195 ], [ 13.37285968, 52.47037731 ], [ 13.37305071, 52.47046549 ], [ 13.37343168, 52.47057132 ] ] ] } },
{ "type": "Feature", "properties": { "id": "b_bauwerke.44315", "dnbr__sdatenid": 44315, "bauwerksart": "BR", "bauwerksname": "Brücke Teilestr.", "okstra_id": "B2E60541814449FBBB00C4585D4DB82C", "bauwerksnummer": "07439-0010", "sib_bauwerksnummer": "3546082 0" }, "geometry": { "type": "MultiLineString", "coordinates": [ [ [ 13.41127186, 52.45985687 ], [ 13.41167655, 52.45983424 ], [ 13.41176931, 52.45981913 ] ] ] } },
{ "type": "Feature", "properties": { "id": "b_bauwerke.44319", "dnbr__sdatenid": 44319, "bauwerksart": "BR", "bauwerksname": "Brücke Südring über NME, FR West", "okstra_id": "760C954FE6B84B45843EA7B6F313538B", "bauwerksnummer": "13060d", "sib_bauwerksnummer": "3546100 2" }, "geometry": { "type": "MultiLineString", "coordinates": [ [ [ 13.4112608, 52.46117959 ], [ 13.41244864, 52.4610147 ] ] ] } },
{ "type": "Feature", "properties": { "id": "b_bauwerke.44320", "dnbr__sdatenid": 44320, "bauwerksart": "BR", "bauwerksname": "Brücke Südring über NME, FR Ost", "okstra_id": "BC71BB71D4AA4BBDA136CBC7F09ED942", "bauwerksnummer": "13060c", "sib_bauwerksnummer": "3546100 3" }, "geometry": { "type": "MultiLineString", "coordinates": [ [ [ 13.41127373, 52.46103703 ], [ 13.41246156, 52.46087214 ] ] ] } },
{ "type": "Feature", "properties": { "id": "b_bauwerke.44321", "dnbr__sdatenid": 44321, "bauwerksart": "FBR", "bauwerksname": "Kleine Brücke über den Wiesenbach", "okstra_id": "FD81E7010C604FC8A66FDF9B9A1B5AA7", "bauwerksnummer": "14139", "sib_bauwerksnummer": "3546101 0" }, "geometry": { "type": "MultiLineString", "coordinates": [ [ [ 13.42010431, 52.43107245 ], [ 13.42029666, 52.43095572 ] ] ] } },
{ "type": "Feature", "properties": { "id": "b_bauwerke.44322", "dnbr__sdatenid": 44322, "bauwerksart": "FBR", "bauwerksname": "Bonner Steg", "okstra_id": "69DE4F4AD8C446C789D7BA34EAAED854", "bauwerksnummer": "14140", "sib_bauwerksnummer": "3546102 0" }, "geometry": { "type": "MultiLineString", "coordinates": [ [ [ 13.41898749, 52.43133792 ], [ 13.41883743, 52.43119197 ] ] ] } },
{ "type": "Feature", "properties": { "id": "b_bauwerke.44323", "dnbr__sdatenid": 44323, "bauwerksart": "BR", "bauwerksname": "Verbfb. A 102 zur A 100, Brücke südl. Teltowkanal", "okstra_id": "E3E0A2456CA44A71BE6596A6151F6272", "bauwerksnummer": "13076", "sib_bauwerksnummer": "3546103A" }, "geometry": { "type": "MultiLineString", "coordinates": [ [ [ 13.41229408, 52.45749261 ], [ 13.41216558, 52.45803327 ] ] ] } },
{ "type": "Feature", "properties": { "id": "b_bauwerke.44324", "dnbr__sdatenid": 44324, "bauwerksart": "BR", "bauwerksname": "Verbfb. A 102 zur A 100, Brücke über Teltowkanal", "okstra_id": "9AC7ECC88294461580BD154A39D1BCB5", "bauwerksnummer": "13076", "sib_bauwerksnummer": "3546103B" }, "geometry": { "type": "MultiLineString", "coordinates": [ [ [ 13.41215998, 52.45804503 ], [ 13.41211371, 52.45860532 ] ] ] } },
{ "type": "Feature", "properties": { "id": "b_bauwerke.44325", "dnbr__sdatenid": 44325, "bauwerksart": "BR", "bauwerksname": "Verbfb. A 102 zur A 100, Brücke nördl. Teltowkanal", "okstra_id": "63E0EDF08A2C473AA22BBD12AB2426EF", "bauwerksnummer": "13076", "sib_bauwerksnummer": "3546103C" }, "geometry": { "type": "MultiLineString", "coordinates": [ [ [ 13.4121139, 52.45861406 ], [ 13.41216771, 52.45915508 ], [ 13.41229466, 52.45953745 ], [ 13.41250326, 52.46003226 ], [ 13.41254992, 52.4603682 ], [ 13.41243678, 52.46067119 ], [ 13.41231033, 52.46089031 ], [ 13.41204512, 52.46110492 ], [ 13.41170603, 52.46128931 ], [ 13.411336, 52.46142029 ], [ 13.41087995, 52.46151248 ], [ 13.4105012, 52.46153651 ], [ 13.41016334, 52.46155228 ] ] ] } },
{ "type": "Feature", "properties": { "id": "b_bauwerke.44326", "dnbr__sdatenid": 44326, "bauwerksart": "FBR", "bauwerksname": "Fußgängersteg Britzer Tor, Östl. Rampenbrücke", "okstra_id": "222A0AB358F642F894EC4FEED1263B21", "bauwerksnummer": "08641-0010", "sib_bauwerksnummer": "3546122B" }, "geometry": { "type": "MultiLineString", "coordinates": [ [ [ 13.43517003, 52.4623575 ], [ 13.43482491, 52.46232358 ], [ 13.43485587, 52.46224085 ], [ 13.43502543, 52.46225776 ], [ 13.43505247, 52.46217253 ], [ 13.43505478, 52.462164 ], [ 13.43488292, 52.46215561 ] ] ] } },
{ "type": "Feature", "properties": { "id": "b_bauwerke.44327", "dnbr__sdatenid": 44327, "bauwerksart": "FBR", "bauwerksname": "Fußgängersteg Britzer Tor", "okstra_id": "97A4ADF51B844B7A8D72C95D5C4075CF", "bauwerksnummer": "14083c", "sib_bauwerksnummer": "3546122C" }, "geometry": { "type": "MultiLineString", "coordinates": [ [ [ 13.43502818, 52.46219567 ], [ 13.43416634, 52.46210463 ] ] ] } },
{ "type": "Feature", "properties": { "id": "b_bauwerke.44329", "dnbr__sdatenid": 44329, "bauwerksart": "BR", "bauwerksname": "Betriebsgleisbrücke", "okstra_id": "F4F19535537147C49926BB2C281A4372", "bauwerksnummer": "14023", "sib_bauwerksnummer": "3546154 0" }, "geometry": { "type": "MultiLineString", "coordinates": [ [ [ 13.45774452, 52.46637181 ], [ 13.45823968, 52.46658048 ] ] ] } },
{ "type": "Feature", "properties": { "id": "b_bauwerke.44330", "dnbr__sdatenid": 44330, "bauwerksart": "FBR", "bauwerksname": "Hauptwegbrücke", "okstra_id": "67DED92DBE164BC88FCDA987ED354069", "bauwerksnummer": "14057", "sib_bauwerksnummer": "3546159 0" }, "geometry": { "type": "MultiLineString", "coordinates": [ [ [ 13.4165118, 52.43298971 ], [ 13.41689109, 52.43302791 ] ] ] } },
{ "type": "Feature", "properties": { "id": "b_bauwerke.44331", "dnbr__sdatenid": 44331, "bauwerksart": "FBR", "bauwerksname": "Steg an der Siedlung", "okstra_id": "4EF175A5E2F747FC9D8C311088932BAE", "bauwerksnummer": "14066", "sib_bauwerksnummer": "3546163 0" }, "geometry": { "type": "MultiLineString", "coordinates": [ [ [ 13.49247268, 52.41701755 ], [ 13.49262837, 52.41701678 ] ] ] } },
{ "type": "Feature", "properties": { "id": "b_bauwerke.44334", "dnbr__sdatenid": 44334, "bauwerksart": "FBR", "bauwerksname": "FG-Steg Rudower Fl. km 0,9+96", "okstra_id": "B00917F7B715451F860C865DC6DA6B51", "bauwerksnummer": "14069", "sib_bauwerksnummer": "3546166 0" }, "geometry": { "type": "MultiLineString", "coordinates": [ [ [ 13.48795811, 52.41235601 ], [ 13.48805588, 52.41232183 ] ] ] } },
{ "type": "Feature", "properties": { "id": "b_bauwerke.44337", "dnbr__sdatenid": 44337, "bauwerksart": "FBR", "bauwerksname": "FG-Steg Rudower Fl. km 1,6+34", "okstra_id": "1B7C25E270734E22856EF177AAFD52F3", "bauwerksnummer": "14072", "sib_bauwerksnummer": "3546169 0" }, "geometry": { "type": "MultiLineString", "coordinates": [ [ [ 13.49115958, 52.41516187 ], [ 13.49132918, 52.41514039 ] ] ] } },
{ "type": "Feature", "properties": { "id": "b_bauwerke.44342", "dnbr__sdatenid": 44342, "bauwerksart": "BR", "bauwerksname": "Brücke BAB A 100 ü.d. Buschkrugallee, ÜBB Nord", "okstra_id": "BE069E4A45D44C2E8CBE3534AED3118F", "bauwerksnummer": "14100 1", "sib_bauwerksnummer": "3546176 1" }, "geometry": { "type": "MultiLineString", "coordinates": [ [ [ 13.44255746, 52.46288687 ], [ 13.44329673, 52.46289757 ], [ 13.44417139, 52.46292386 ], [ 13.44471238, 52.46296157 ], [ 13.44515759, 52.46299278 ], [ 13.44602281, 52.46308942 ] ] ] } },
{ "type": "Feature", "properties": { "id": "b_bauwerke.44343", "dnbr__sdatenid": 44343, "bauwerksart": "BR", "bauwerksname": "Brücke BAB A 100 ü.d. Buschkrugallee, ÜBB Süd", "okstra_id": "698F20A1C6714D3999724564C3F33161", "bauwerksnummer": "14100 2", "sib_bauwerksnummer": "3546176 2" }, "geometry": { "type": "MultiLineString", "coordinates": [ [ [ 13.4425771, 52.46275804 ], [ 13.44331637, 52.46276874 ], [ 13.44419103, 52.46279503 ], [ 13.44473201, 52.46283274 ], [ 13.44517722, 52.46286395 ], [ 13.44604245, 52.46296059 ] ] ] } },
{ "type": "Feature", "properties": { "id": "b_bauwerke.44344", "dnbr__sdatenid": 44344, "bauwerksart": "BR", "bauwerksname": "Brücke BAB A100 ü.d. Ballinstraße,ÜBB 1", "okstra_id": "3A6C3CDAB7CA4F618AF7D040C7E403D0", "bauwerksnummer": "14106 1", "sib_bauwerksnummer": "3546182 1" }, "geometry": { "type": "MultiLineString", "coordinates": [ [ [ 13.44684107, 52.46337098 ], [ 13.44851335, 52.4636552 ] ] ] } },
{ "type": "Feature", "properties": { "id": "b_bauwerke.44345", "dnbr__sdatenid": 44345, "bauwerksart": "BR", "bauwerksname": "Brücke BAB A100 ü.d. Ballinstraße,ÜBB 2", "okstra_id": "3C3A5E373B8D4F61817C7224343E4155", "bauwerksnummer": "14106 2", "sib_bauwerksnummer": "3546182 2" }, "geometry": { "type": "MultiLineString", "coordinates": [ [ [ 13.44698014, 52.46323721 ], [ 13.44865243, 52.46352143 ] ] ] } },
{ "type": "Feature", "properties": { "id": "b_bauwerke.44346", "dnbr__sdatenid": 44346, "bauwerksart": "BR", "bauwerksname": "Brücke BAB A100 ü.d. Ballinstraße,ÜBB 3", "okstra_id": "E376863BD3E0414CADD429897842BD09", "bauwerksnummer": "14106 3", "sib_bauwerksnummer": "3546182 3" }, "geometry": { "type": "MultiLineString", "coordinates": [ [ [ 13.44705373, 52.46313826 ], [ 13.44872601, 52.46342248 ] ] ] } },
{ "type": "Feature", "properties": { "id": "b_bauwerke.44347", "dnbr__sdatenid": 44347, "bauwerksart": "BR", "bauwerksname": "Brücke BAB A100 ü.d. Ballinstraße,ÜBB 4", "okstra_id": "83C2FB49037E43C5A62009A73F8684C7", "bauwerksnummer": "14106 4", "sib_bauwerksnummer": "3546182 4" }, "geometry": { "type": "MultiLineString", "coordinates": [ [ [ 13.44712324, 52.4629893 ], [ 13.44879551, 52.46327352 ] ] ] } },
{ "type": "Feature", "properties": { "id": "b_bauwerke.44348", "dnbr__sdatenid": 44348, "bauwerksart": "BR", "bauwerksname": "AD Neukölln/Brücke Ausfahtsrampe A 113 nach A 100 - AD 14", "okstra_id": "9E75E34DE05844459B072B919EFDEE34", "bauwerksnummer": "14114a", "sib_bauwerksnummer": "3546190A1" }, "geometry": { "type": "MultiLineString", "coordinates": [ [ [ 13.45054948, 52.4641001 ], [ 13.45080439, 52.46415755 ], [ 13.45112356, 52.46421745 ], [ 13.45148331, 52.46425458 ], [ 13.45189513, 52.46425961 ], [ 13.4522508, 52.46423556 ], [ 13.45260886, 52.46418513 ], [ 13.45304435, 52.46408315 ], [ 13.45330581, 52.46400373 ], [ 13.45355672, 52.46389728 ], [ 13.45374941, 52.46379897 ], [ 13.45393011, 52.46369455 ], [ 13.4541304, 52.46355844 ], [ 13.45434357, 52.46337633 ] ] ] } },
{ "type": "Feature", "properties": { "id": "b_bauwerke.44349", "dnbr__sdatenid": 44349, "bauwerksart": "BR", "bauwerksname": "AD Neukölln/Brücke A 100 über A 113 nach Norden - AD 13", "okstra_id": "B90F6E4A26234A10A14F6EB232263963", "bauwerksnummer": "14114c", "sib_bauwerksnummer": "3546190A2" }, "geometry": { "type": "MultiLineString", "coordinates": [ [ [ 13.45057689, 52.46399524 ], [ 13.45076394, 52.46402909 ], [ 13.45105632, 52.46406329 ], [ 13.4513408, 52.46408755 ], [ 13.45167867, 52.46411218 ], [ 13.45211038, 52.46412534 ], [ 13.45250163, 52.46413046 ], [ 13.45298693, 52.46412311 ], [ 13.45348331, 52.46411965 ], [ 13.4539677, 52.46413823 ], [ 13.45432833, 52.46418221 ], [ 13.45478194, 52.46426476 ] ] ] } },
{ "type": "Feature", "properties": { "id": "b_bauwerke.44350", "dnbr__sdatenid": 44350, "bauwerksart": "BR", "bauwerksname": "AD Neukölln/Brücke A 113 über Neuk. Schifffahrtskanal - AD 10N", "okstra_id": "004527BE8E1F4A9FAED36C906606167D", "bauwerksnummer": "14114e", "sib_bauwerksnummer": "3546190A3" }, "geometry": { "type": "MultiLineString", "coordinates": [ [ [ 13.45064586, 52.46384624 ], [ 13.4511664, 52.46392179 ], [ 13.45154989, 52.46395943 ], [ 13.45208064, 52.46396406 ], [ 13.45247297, 52.46393093 ], [ 13.4528565, 52.46387213 ], [ 13.45318555, 52.46378875 ], [ 13.45355533, 52.4636632 ], [ 13.45376691, 52.4635687 ], [ 13.45410171, 52.4633886 ] ] ] } },
{ "type": "Feature", "properties": { "id": "b_bauwerke.44351", "dnbr__sdatenid": 44351, "bauwerksart": "BR", "bauwerksname": "AD Neukölln/Brücke A 113 über Neuk. Schifffahrtskanal - AD 10S", "okstra_id": "CCFC11AB1A784224A98A2E4FC06925EA", "bauwerksnummer": "14114g", "sib_bauwerksnummer": "3546190A4" }, "geometry": { "type": "MultiLineString", "coordinates": [ [ [ 13.45063744, 52.46375335 ], [ 13.45115798, 52.4638289 ], [ 13.45154146, 52.46386654 ], [ 13.45207221, 52.46387117 ], [ 13.45246455, 52.46383805 ], [ 13.45284807, 52.46377924 ], [ 13.45317712, 52.46369586 ], [ 13.4535469, 52.46357032 ], [ 13.45375848, 52.46347582 ], [ 13.45409328, 52.46329571 ] ] ] } },
{ "type": "Feature", "properties": { "id": "b_bauwerke.44352", "dnbr__sdatenid": 44352, "bauwerksart": "BR", "bauwerksname": "AD Neukölln/Brücke A 100 über A 113 nach Süden - AD 12", "okstra_id": "2C2E000E2CDD42519D5E99E9B39C02A7", "bauwerksnummer": "14114i", "sib_bauwerksnummer": "3546190A5" }, "geometry": { "type": "MultiLineString", "coordinates": [ [ [ 13.45068113, 52.46366493 ], [ 13.45106273, 52.46368828 ], [ 13.45144832, 52.46369551 ], [ 13.45182804, 52.46370092 ], [ 13.45228334, 52.46371027 ], [ 13.45269084, 52.46373677 ], [ 13.45325962, 52.46380786 ], [ 13.45377556, 52.46388558 ], [ 13.45411602, 52.46395166 ], [ 13.45447439, 52.46403644 ], [ 13.45481089, 52.46413222 ] ] ] } },
{ "type": "Feature", "properties": { "id": "b_bauwerke.44353", "dnbr__sdatenid": 44353, "bauwerksart": "BR", "bauwerksname": "AD Neukölln/Brücke Einfahrtsrampe A 100 nach A 113 - AD 11", "okstra_id": "AA5F3DB12CF641DF9A43A8E86AAB9BA3", "bauwerksnummer": "14114k", "sib_bauwerksnummer": "3546190A6" }, "geometry": { "type": "MultiLineString", "coordinates": [ [ [ 13.45071017, 52.46346149 ], [ 13.45226624, 52.46352043 ], [ 13.45278324, 52.46352078 ], [ 13.45326911, 52.46345529 ], [ 13.45382009, 52.463301 ], [ 13.45400233, 52.46321004 ] ] ] } },
{ "type": "Feature", "properties": { "id": "b_bauwerke.44354", "dnbr__sdatenid": 44354, "bauwerksart": "BR", "bauwerksname": "Brücke ü.d. Britzer Verbindungskanal", "okstra_id": "93BFD2CEA3F4429B96A66FB9A4A86F29", "bauwerksnummer": "14127", "sib_bauwerksnummer": "3546198 1" }, "geometry": { "type": "MultiLineString", "coordinates": [ [ [ 13.457179, 52.45981378 ], [ 13.45806822, 52.45879752 ] ] ] } },
{ "type": "Feature", "properties": { "id": "b_bauwerke.44356", "dnbr__sdatenid": 44356, "bauwerksart": "BR", "bauwerksname": "Fanny-Zobel-Brücke", "okstra_id": "1EE024B780AD4C40BB73128E5AF71531", "bauwerksnummer": "09209-0010", "sib_bauwerksnummer": "3546222 0" }, "geometry": { "type": "MultiLineString", "coordinates": [ [ [ 13.479108, 52.44316077 ], [ 13.47875498, 52.44288248 ] ] ] } },
{ "type": "Feature", "properties": { "id": "b_bauwerke.44357", "dnbr__sdatenid": 44357, "bauwerksart": "BR", "bauwerksname": "Hermann-Gladenbeck-Brücke", "okstra_id": "E99C464302784E3FB6DD909129448AAD", "bauwerksnummer": "09210-0010", "sib_bauwerksnummer": "3546231 0" }, "geometry": { "type": "MultiLineString", "coordinates": [ [ [ 13.49787579, 52.43363393 ], [ 13.49836609, 52.43391182 ] ] ] } },
{ "type": "Feature", "properties": { "id": "b_bauwerke.44358", "dnbr__sdatenid": 44358, "bauwerksart": "BR", "bauwerksname": "Elsenbrücke (Spree), ÜBB Nordwest", "okstra_id": "FF03CF52483245B1AD4C806F43D51B5D", "bauwerksnummer": "44682-0010", "sib_bauwerksnummer": "3546241B1" }, "geometry": { "type": "MultiLineString", "coordinates": [ [ [ 13.46358207, 52.49640403 ], [ 13.46242079, 52.49548669 ] ] ] } },
{ "type": "Feature", "properties": { "id": "b_bauwerke.44359", "dnbr__sdatenid": 44359, "bauwerksart": "BR", "bauwerksname": "Elsenbrücke (Spree), ÜBB Südost", "okstra_id": "A782A5B16A11452386530C354C29CD42", "bauwerksnummer": "05002", "sib_bauwerksnummer": "3546241B2" }, "geometry": { "type": "MultiLineString", "coordinates": [ [ [ 13.4637641, 52.49632551 ], [ 13.46260282, 52.49540818 ] ] ] } },
{ "type": "Feature", "properties": { "id": "b_bauwerke.44360", "dnbr__sdatenid": 44360, "bauwerksart": "BR", "bauwerksname": "Parkwegbrücke", "okstra_id": "EF18DA1D7DB542CF902223638597EAB3", "bauwerksnummer": "49520-0010", "sib_bauwerksnummer": "3546243 0" }, "geometry": { "type": "MultiLineString", "coordinates": [ [ [ 13.46428493, 52.49562096 ], [ 13.46366227, 52.49517796 ] ] ] } },
{ "type": "Feature", "properties": { "id": "b_bauwerke.44361", "dnbr__sdatenid": 44361, "bauwerksart": "BR", "bauwerksname": "Monumentenbrücke", "okstra_id": "406970D2AAED48FF9FF4AE0C1FCFFB84", "bauwerksnummer": "07358-0010", "sib_bauwerksnummer": "3546245 0" }, "geometry": { "type": "MultiLineString", "coordinates": [ [ [ 13.37054459, 52.48805519 ], [ 13.37336328, 52.4878796 ], [ 13.37366044, 52.48786383 ] ] ] } },
{ "type": "Feature", "properties": { "id": "b_bauwerke.44363", "dnbr__sdatenid": 44363, "bauwerksart": "FTU", "bauwerksname": "FGT S-Bhf. Fried.", "okstra_id": "E2B405D650274C07B7DFF5780A1788D9", "bauwerksnummer": "05632-0010", "sib_bauwerksnummer": "3546251 0" }, "geometry": { "type": "MultiLineString", "coordinates": [ [ [ 13.34035364, 52.47035698 ], [ 13.34126446, 52.46968428 ] ] ] } },
{ "type": "Feature", "properties": { "id": "b_bauwerke.44365", "dnbr__sdatenid": 44365, "bauwerksart": "BR", "bauwerksname": "Friedrich-Haak-Brücke", "okstra_id": "A3C4A1B9893749E486BBFA3918A0091B", "bauwerksnummer": "17205-0010", "sib_bauwerksnummer": "3546266 0" }, "geometry": { "type": "MultiLineString", "coordinates": [ [ [ 13.36652281, 52.47277539 ], [ 13.36607065, 52.47233854 ] ] ] } },
{ "type": "Feature", "properties": { "id": "b_bauwerke.44366", "dnbr__sdatenid": 44366, "bauwerksart": "BR", "bauwerksname": "August-Druckenmüller-Brücke", "okstra_id": "B4E143C928E1477098DEC70B6C00E1AF", "bauwerksnummer": "17204-0010", "sib_bauwerksnummer": "3546267 0" }, "geometry": { "type": "MultiLineString", "coordinates": [ [ [ 13.36877268, 52.47155812 ], [ 13.36967241, 52.47095077 ] ] ] } },
{ "type": "Feature", "properties": { "id": "b_bauwerke.44367", "dnbr__sdatenid": 44367, "bauwerksart": "BR", "bauwerksname": "Oberlandstraßenbrücke", "okstra_id": "2F8BFA520DCD46339932D7A076B59DF1", "bauwerksnummer": "07365-0010", "sib_bauwerksnummer": "3546279 0" }, "geometry": { "type": "MultiLineString", "coordinates": [ [ [ 13.41214353, 52.46429951 ], [ 13.41284796, 52.46437088 ] ] ] } },
{ "type": "Feature", "properties": { "id": "b_bauwerke.44369", "dnbr__sdatenid": 44369, "bauwerksart": "BPA", "bauwerksname": "Parkbrücke im Alten Park", "okstra_id": "54677D78D6684F648A572B22080C6BC6", "bauwerksnummer": "13015", "sib_bauwerksnummer": "3546283 0" }, "geometry": { "type": "MultiLineString", "coordinates": [ [ [ 13.38345214, 52.46320937 ], [ 13.38349121, 52.46315281 ] ] ] } },
{ "type": "Feature", "properties": { "id": "b_bauwerke.44371", "dnbr__sdatenid": 44371, "bauwerksart": "BR", "bauwerksname": "Brücke über die Oberlandstraße, ÜBB 1", "okstra_id": "8A776A8D81F943EB9599A9AB63E3CD55", "bauwerksnummer": "13044", "sib_bauwerksnummer": "3546289 1" }, "geometry": { "type": "MultiLineString", "coordinates": [ [ [ 13.40289644, 52.46397191 ], [ 13.40402045, 52.4629601 ] ] ] } },
{ "type": "Feature", "properties": { "id": "b_bauwerke.44372", "dnbr__sdatenid": 44372, "bauwerksart": "BR", "bauwerksname": "Brücke über die Oberlandstraße, ÜBB 2", "okstra_id": "D5BD280B28DD4B6FA66B18F427B6B556", "bauwerksnummer": "13044", "sib_bauwerksnummer": "3546289 2" }, "geometry": { "type": "MultiLineString", "coordinates": [ [ [ 13.40310597, 52.46399377 ], [ 13.40422997, 52.46298196 ] ] ] } },
{ "type": "Feature", "properties": { "id": "b_bauwerke.44373", "dnbr__sdatenid": 44373, "bauwerksart": "TU", "bauwerksname": "Tunnel Gillette", "okstra_id": "00DAA7E7334E4383AA8B925BF175503B", "bauwerksnummer": "13049", "sib_bauwerksnummer": "3546294A" }, "geometry": { "type": "MultiLineString", "coordinates": [ [ [ 13.40598871, 52.46236567 ], [ 13.40569611, 52.46197423 ] ] ] } },
{ "type": "Feature", "properties": { "id": "b_bauwerke.44374", "dnbr__sdatenid": 44374, "bauwerksart": "BR", "bauwerksname": "Brücke AS Gradestraße, ÜBB 1", "okstra_id": "926292D3107C4B93900E755980EE7A3D", "bauwerksnummer": "13071", "sib_bauwerksnummer": "3546508 1" }, "geometry": { "type": "MultiLineString", "coordinates": [ [ [ 13.41221556, 52.45695571 ], [ 13.41251302, 52.45637263 ], [ 13.41285885, 52.45579291 ] ] ] } },
{ "type": "Feature", "properties": { "id": "b_bauwerke.44375", "dnbr__sdatenid": 44375, "bauwerksart": "BR", "bauwerksname": "Brücke AS Gradestraße, ÜBB 2", "okstra_id": "E3A6B207D9A74C1BB6717B975D36400F", "bauwerksnummer": "13071", "sib_bauwerksnummer": "3546508 2" }, "geometry": { "type": "MultiLineString", "coordinates": [ [ [ 13.41245569, 52.45699224 ], [ 13.41275315, 52.45640916 ], [ 13.41309897, 52.45582944 ] ] ] } },
{ "type": "Feature", "properties": { "id": "b_bauwerke.44376", "dnbr__sdatenid": 44376, "bauwerksart": "BR", "bauwerksname": "Rampenbrücke I und II über Teltowkanal", "okstra_id": "B809B12D84774A90A33F307D415CAC1E", "bauwerksnummer": "13072a", "sib_bauwerksnummer": "3546509A" }, "geometry": { "type": "MultiLineString", "coordinates": [ [ [ 13.41018129, 52.46033966 ], [ 13.4105751, 52.46000239 ], [ 13.41078471, 52.45980538 ], [ 13.41096438, 52.45957466 ], [ 13.4111798, 52.45921596 ], [ 13.411306, 52.45895598 ] ] ] } },
{ "type": "Feature", "properties": { "id": "b_bauwerke.44377", "dnbr__sdatenid": 44377, "bauwerksart": "BR", "bauwerksname": "Rampenbrücke I und II über Teltowkanal", "okstra_id": "3A7015AF457A4549A39DC78D40466CA5", "bauwerksnummer": "13072b", "sib_bauwerksnummer": "3546509B" }, "geometry": { "type": "MultiLineString", "coordinates": [ [ [ 13.41130134, 52.45895241 ], [ 13.41186475, 52.45772289 ] ] ] } },
{ "type": "Feature", "properties": { "id": "b_bauwerke.44378", "dnbr__sdatenid": 44378, "bauwerksart": "FBR", "bauwerksname": "Adolf-Kiepert-Steg", "okstra_id": "D94853D15F16488682B8E3DB02107BEA", "bauwerksnummer": "17215-0010", "sib_bauwerksnummer": "3546513 0" }, "geometry": { "type": "MultiLineString", "coordinates": [ [ [ 13.37464718, 52.39974337 ], [ 13.37512206, 52.39916743 ] ] ] } },
{ "type": "Feature", "properties": { "id": "b_bauwerke.44379", "dnbr__sdatenid": 44379, "bauwerksart": "BR", "bauwerksname": "Feuerbachbrücke", "okstra_id": "DDEA9EA9813E45D18A6344A8BA9D3DA2", "bauwerksnummer": "07260-0010", "sib_bauwerksnummer": "3546516 0" }, "geometry": { "type": "MultiLineString", "coordinates": [ [ [ 13.33262178, 52.46389858 ], [ 13.33373117, 52.46404879 ] ] ] } },
{ "type": "Feature", "properties": { "id": "b_bauwerke.44380", "dnbr__sdatenid": 44380, "bauwerksart": "BR", "bauwerksname": "Steglitzer-Damm-Brücke (Nordbrücke)", "okstra_id": "EDDAE166EB794486BC9E00A619ACBD5C", "bauwerksnummer": "07427-0010", "sib_bauwerksnummer": "3546517 1" }, "geometry": { "type": "MultiLineString", "coordinates": [ [ [ 13.35422971, 52.44910478 ], [ 13.35496568, 52.44900618 ] ] ] } },
{ "type": "Feature", "properties": { "id": "b_bauwerke.44381", "dnbr__sdatenid": 44381, "bauwerksart": "BR", "bauwerksname": "Steglitzer-Damm-Brücke (Südbrücke)", "okstra_id": "DA9EBDED48FA4550A2125272FC516784", "bauwerksnummer": "12023a", "sib_bauwerksnummer": "3546517 2" }, "geometry": { "type": "MultiLineString", "coordinates": [ [ [ 13.35415976, 52.44899676 ], [ 13.35489573, 52.44889816 ] ] ] } },
{ "type": "Feature", "properties": { "id": "b_bauwerke.44382", "dnbr__sdatenid": 44382, "bauwerksart": "BR", "bauwerksname": "Klingenbergbrücke", "okstra_id": "DA0EC984E2CD4F068ECEDA1641DAC0AE", "bauwerksnummer": "49670-0010", "sib_bauwerksnummer": "3546523 0" }, "geometry": { "type": "MultiLineString", "coordinates": [ [ [ 13.49713749, 52.48695332 ], [ 13.49751957, 52.48659006 ] ] ] } },
{ "type": "Feature", "properties": { "id": "b_bauwerke.44383", "dnbr__sdatenid": 44383, "bauwerksart": "FBR", "bauwerksname": "FGB über den Hospitalgraben", "okstra_id": "717C47778A7C432AB39971A9423F7A89", "bauwerksnummer": "12017", "sib_bauwerksnummer": "3546524 0" }, "geometry": { "type": "MultiLineString", "coordinates": [ [ [ 13.35416264, 52.43459666 ], [ 13.3543102, 52.43460585 ] ] ] } },
{ "type": "Feature", "properties": { "id": "b_bauwerke.44390", "dnbr__sdatenid": 44390, "bauwerksart": "EBBR", "bauwerksname": "Gleiszufahrtsbr.zum Deutschen Technikmuseum Berlin", "okstra_id": "7692E13E066046EDB24D262C1B4F68A7", "bauwerksnummer": "11019", "sib_bauwerksnummer": "3546550 0" }, "geometry": { "type": "MultiLineString", "coordinates": [ [ [ 13.37490399, 52.49207577 ], [ 13.37485482, 52.49171826 ] ] ] } },
{ "type": "Feature", "properties": { "id": "b_bauwerke.44391", "dnbr__sdatenid": 44391, "bauwerksart": "BR", "bauwerksname": "Friedrich-List-Brücke", "okstra_id": "75E13EE5660542998AD03635431FAB01", "bauwerksnummer": "49574-0010", "sib_bauwerksnummer": "3547002 0" }, "geometry": { "type": "MultiLineString", "coordinates": [ [ [ 13.50012965, 52.45782088 ], [ 13.50024211, 52.45786409 ] ] ] } },
{ "type": "Feature", "properties": { "id": "b_bauwerke.44392", "dnbr__sdatenid": 44392, "bauwerksart": "BR", "bauwerksname": "Brücke Straße 81", "okstra_id": "DD88206956D04EDAB27A69B288FEC032", "bauwerksnummer": "49576-0010", "sib_bauwerksnummer": "3547003 0" }, "geometry": { "type": "MultiLineString", "coordinates": [ [ [ 13.55309364, 52.41972053 ], [ 13.55320556, 52.41981974 ] ] ] } },
{ "type": "Feature", "properties": { "id": "b_bauwerke.44394", "dnbr__sdatenid": 44394, "bauwerksart": "BR", "bauwerksname": "Brücke Am Falkenberg", "okstra_id": "FC091B68DC874005AABB469EE6DB05DC", "bauwerksnummer": "49598-0010", "sib_bauwerksnummer": "3547005 0" }, "geometry": { "type": "MultiLineString", "coordinates": [ [ [ 13.56596124, 52.41273423 ], [ 13.56567051, 52.41244415 ] ] ] } },
{ "type": "Feature", "properties": { "id": "b_bauwerke.44395", "dnbr__sdatenid": 44395, "bauwerksart": "BR", "bauwerksname": "Nördliche Germanenstraßenbrücke", "okstra_id": "E83EF47278814EA38E0E078388E5FEFC", "bauwerksnummer": "49577-0010", "sib_bauwerksnummer": "3547006 0" }, "geometry": { "type": "MultiLineString", "coordinates": [ [ [ 13.55287096, 52.4141772 ], [ 13.55317092, 52.4139144 ] ] ] } },
{ "type": "Feature", "properties": { "id": "b_bauwerke.44396", "dnbr__sdatenid": 44396, "bauwerksart": "BR", "bauwerksname": "Autobahnbrücke (S-Bhf Altglienicke) ÜBB 1", "okstra_id": "D07A75BC45FA48AF8FC208D76C1A97C1", "bauwerksnummer": "49587-0010", "sib_bauwerksnummer": "3547008 1" }, "geometry": { "type": "MultiLineString", "coordinates": [ [ [ 13.5524576, 52.4040854 ], [ 13.55225353, 52.4044379 ] ] ] } },
{ "type": "Feature", "properties": { "id": "b_bauwerke.44397", "dnbr__sdatenid": 44397, "bauwerksart": "BR", "bauwerksname": "Autobahnbrücke (S-Bhf Altglienicke) ÜBB 2", "okstra_id": "68E08676BC0945C9A471D65071E4A9E0", "bauwerksnummer": "15062", "sib_bauwerksnummer": "3547008 2" }, "geometry": { "type": "MultiLineString", "coordinates": [ [ [ 13.55254476, 52.40415545 ], [ 13.55234069, 52.40450795 ] ] ] } },
{ "type": "Feature", "properties": { "id": "b_bauwerke.44398", "dnbr__sdatenid": 44398, "bauwerksart": "BR", "bauwerksname": "Brücke Einfahrt nach Dresden", "okstra_id": "CE260EC3D9AD4628B4C37F3E02A4587E", "bauwerksnummer": "15063b", "sib_bauwerksnummer": "3547010 1" }, "geometry": { "type": "MultiLineString", "coordinates": [ [ [ 13.55400105, 52.40539447 ], [ 13.55434329, 52.40535791 ], [ 13.55461609, 52.40533677 ], [ 13.55485052, 52.40533557 ] ] ] } },
{ "type": "Feature", "properties": { "id": "b_bauwerke.44399", "dnbr__sdatenid": 44399, "bauwerksart": "BR", "bauwerksname": "Brücke Ausfahrt nach Schönefeld", "okstra_id": "7EF5D5E09A8C452EA526B0C6BAABBB87", "bauwerksnummer": "15063a", "sib_bauwerksnummer": "3547010 2" }, "geometry": { "type": "MultiLineString", "coordinates": [ [ [ 13.55375799, 52.40526428 ], [ 13.5538972, 52.40520802 ], [ 13.55398988, 52.40515906 ] ] ] } },
{ "type": "Feature", "properties": { "id": "b_bauwerke.44400", "dnbr__sdatenid": 44400, "bauwerksart": "BR", "bauwerksname": "Autobahnbrücke A113 über B96A, FR Berlin", "okstra_id": "3387C30CFB0147A1B00B5461867EB073", "bauwerksnummer": "49590-0010", "sib_bauwerksnummer": "3547011 2" }, "geometry": { "type": "MultiLineString", "coordinates": [ [ [ 13.55290482, 52.40367122 ], [ 13.55323307, 52.4032952 ] ] ] } },
{ "type": "Feature", "properties": { "id": "b_bauwerke.44401", "dnbr__sdatenid": 44401, "bauwerksart": "BR", "bauwerksname": "Autobahnbrücke A113 über B96A, FR Schönefelder Kreuz", "okstra_id": "95A5DAF90A0940289751899E93162566", "bauwerksnummer": "15064", "sib_bauwerksnummer": "3547011 1" }, "geometry": { "type": "MultiLineString", "coordinates": [ [ [ 13.55279597, 52.40362893 ], [ 13.55312056, 52.40325925 ] ] ] } },
{ "type": "Feature", "properties": { "id": "b_bauwerke.44402", "dnbr__sdatenid": 44402, "bauwerksart": "BR", "bauwerksname": "Autobahnbrücke (Dorfplatz Bohnsdorf), FR Schönefelder Kreuz", "okstra_id": "AE1A87C3D6A842AAAEC7FC34E1AF99F5", "bauwerksnummer": "49591-0010", "sib_bauwerksnummer": "3547012 1" }, "geometry": { "type": "MultiLineString", "coordinates": [ [ [ 13.55751128, 52.39970703 ], [ 13.55722194, 52.40003055 ] ] ] } },
{ "type": "Feature", "properties": { "id": "b_bauwerke.44403", "dnbr__sdatenid": 44403, "bauwerksart": "BR", "bauwerksname": "Autobahnbrücke (Dorfplatz Bohnsdorf), FR Berlin", "okstra_id": "953A688DB68142289AFE67A07D947A17", "bauwerksnummer": "15065", "sib_bauwerksnummer": "3547012 2" }, "geometry": { "type": "MultiLineString", "coordinates": [ [ [ 13.55763818, 52.3997514 ], [ 13.55734883, 52.40007492 ] ] ] } },
{ "type": "Feature", "properties": { "id": "b_bauwerke.44405", "dnbr__sdatenid": 44405, "bauwerksart": "FBR", "bauwerksname": "Rebenbrücke", "okstra_id": "72663DB6933A4ABEBE2980C80B2BF330", "bauwerksnummer": "49580-0010", "sib_bauwerksnummer": "3547021 0" }, "geometry": { "type": "MultiLineString", "coordinates": [ [ [ 13.53776952, 52.40339536 ], [ 13.53794685, 52.40289134 ] ] ] } },
{ "type": "Feature", "properties": { "id": "b_bauwerke.44406", "dnbr__sdatenid": 44406, "bauwerksart": "BR", "bauwerksname": "Brigittenbrücke", "okstra_id": "A2F1BD9761BB4AF58B146552008B4F0D", "bauwerksnummer": "09122-0010", "sib_bauwerksnummer": "3547023A" }, "geometry": { "type": "MultiLineString", "coordinates": [ [ [ 13.53161775, 52.40051934 ], [ 13.53257888, 52.40039878 ] ] ] } },
{ "type": "Feature", "properties": { "id": "b_bauwerke.44411", "dnbr__sdatenid": 44411, "bauwerksart": "FBR", "bauwerksname": "Kaisersteg", "okstra_id": "AD14BFF56ACE4E2EA224A32BEC6ED9D0", "bauwerksnummer": "16004", "sib_bauwerksnummer": "3547037 0" }, "geometry": { "type": "MultiLineString", "coordinates": [ [ [ 13.5190312, 52.45749584 ], [ 13.52031957, 52.45865753 ] ] ] } },
{ "type": "Feature", "properties": { "id": "b_bauwerke.44416", "dnbr__sdatenid": 44416, "bauwerksart": "BR", "bauwerksname": "Pyramidenbrücke (Wuhle)", "okstra_id": "3A495563030A495F9F6896956DDD4A1F", "bauwerksnummer": "49619-0010", "sib_bauwerksnummer": "3547042 0" }, "geometry": { "type": "MultiLineString", "coordinates": [ [ [ 13.56664431, 52.45538835 ], [ 13.56690111, 52.45515149 ] ] ] } },
{ "type": "Feature", "properties": { "id": "b_bauwerke.44419", "dnbr__sdatenid": 44419, "bauwerksart": "BR", "bauwerksname": "Mühlenfließbrücke (Erpe)", "okstra_id": "A818D80005F44B34B62B75FD8AB17E93", "bauwerksnummer": "49622-0010", "sib_bauwerksnummer": "3547045 0" }, "geometry": { "type": "MultiLineString", "coordinates": [ [ [ 13.61157611, 52.45773597 ], [ 13.61178501, 52.45774229 ] ] ] } },
{ "type": "Feature", "properties": { "id": "b_bauwerke.44422", "dnbr__sdatenid": 44422, "bauwerksart": "BR", "bauwerksname": "Hirschgartenbrücke (Erpe)", "okstra_id": "F6D43273205D4A12B0CC01F311E76C03", "bauwerksnummer": "49625-0010", "sib_bauwerksnummer": "3547048 0" }, "geometry": { "type": "MultiLineString", "coordinates": [ [ [ 13.59744621, 52.45507514 ], [ 13.59744468, 52.45516141 ] ] ] } },
{ "type": "Feature", "properties": { "id": "b_bauwerke.44423", "dnbr__sdatenid": 44423, "bauwerksart": "BR", "bauwerksname": "Nördliche Freiarmbrücke (Erpe)", "okstra_id": "3C81FD5A99B048A5A4133FC0FCEC11DD", "bauwerksnummer": "49626-0010", "sib_bauwerksnummer": "3547049 0" }, "geometry": { "type": "MultiLineString", "coordinates": [ [ [ 13.59465704, 52.45312522 ], [ 13.59503509, 52.45311723 ] ] ] } },
{ "type": "Feature", "properties": { "id": "b_bauwerke.44424", "dnbr__sdatenid": 44424, "bauwerksart": "BR", "bauwerksname": "Bellevueparkbrücke", "okstra_id": "23C33648A5DC43EDB05DFC69FF97775C", "bauwerksnummer": "49662-0010", "sib_bauwerksnummer": "3547052 0" }, "geometry": { "type": "MultiLineString", "coordinates": [ [ [ 13.5843972, 52.45449522 ], [ 13.58439715, 52.45454645 ] ] ] } },
{ "type": "Feature", "properties": { "id": "b_bauwerke.44425", "dnbr__sdatenid": 44425, "bauwerksart": "BR", "bauwerksname": "Dammbrücke", "okstra_id": "EEFE813F1495447CBED12C88853FE895", "bauwerksnummer": "49513-0010", "sib_bauwerksnummer": "3547053A" }, "geometry": { "type": "MultiLineString", "coordinates": [ [ [ 13.57470887, 52.44823545 ], [ 13.57442882, 52.44873768 ] ] ] } },
{ "type": "Feature", "properties": { "id": "b_bauwerke.44426", "dnbr__sdatenid": 44426, "bauwerksart": "BR", "bauwerksname": "Lange Brücke (Dahme)", "okstra_id": "4458DF8452424A6799619EC8C017F637", "bauwerksnummer": "49631-0010", "sib_bauwerksnummer": "3547054 0" }, "geometry": { "type": "MultiLineString", "coordinates": [ [ [ 13.57040907, 52.44458567 ], [ 13.57093859, 52.44470388 ], [ 13.57269444, 52.44470129 ], [ 13.57302502, 52.4445911 ] ] ] } },
{ "type": "Feature", "properties": { "id": "b_bauwerke.44427", "dnbr__sdatenid": 44427, "bauwerksart": "BR", "bauwerksname": "Salvador-Allende-Brücke, ÜBB Ost", "okstra_id": "660356165D8F4B25BDD297253CA3C7C2", "bauwerksnummer": "49516-0010", "sib_bauwerksnummer": "3547058A1" }, "geometry": { "type": "MultiLineString", "coordinates": [ [ [ 13.59354112, 52.45013654 ], [ 13.59375248, 52.44902404 ] ] ] } },
{ "type": "Feature", "properties": { "id": "b_bauwerke.44428", "dnbr__sdatenid": 44428, "bauwerksart": "BR", "bauwerksname": "Salvador-Allende-Brücke, ÜBB West", "okstra_id": "E3110BD29C9E43159ACAD8CC02186447", "bauwerksnummer": "16034", "sib_bauwerksnummer": "3547058A2" }, "geometry": { "type": "MultiLineString", "coordinates": [ [ [ 13.5933311, 52.45012928 ], [ 13.59354247, 52.44901678 ] ] ] } },
{ "type": "Feature", "properties": { "id": "b_bauwerke.44429", "dnbr__sdatenid": 44429, "bauwerksart": "BR", "bauwerksname": "Frauentogbrücke", "okstra_id": "71CD553828BD493F935F133F8CCD8E52", "bauwerksnummer": "49519-0010", "sib_bauwerksnummer": "3547059 0" }, "geometry": { "type": "MultiLineString", "coordinates": [ [ [ 13.57663892, 52.44429531 ], [ 13.57733655, 52.44421756 ] ] ] } },
{ "type": "Feature", "properties": { "id": "b_bauwerke.44430", "dnbr__sdatenid": 44430, "bauwerksart": "BR", "bauwerksname": "Wendenschloßbrücke", "okstra_id": "033E37F32A0E439BBAAE91B2E0E9C760", "bauwerksnummer": "49521-0010", "sib_bauwerksnummer": "3547060A" }, "geometry": { "type": "MultiLineString", "coordinates": [ [ [ 13.58498622, 52.44434136 ], [ 13.58476719, 52.44423075 ] ] ] } },
{ "type": "Feature", "properties": { "id": "b_bauwerke.44431", "dnbr__sdatenid": 44431, "bauwerksart": "BR", "bauwerksname": "Hirschkrugbrücke", "okstra_id": "E0B3A9DC6C2F47879CD4EE8CC8DFF3DA", "bauwerksnummer": "49630-0010", "sib_bauwerksnummer": "3547061 0" }, "geometry": { "type": "MultiLineString", "coordinates": [ [ [ 13.57722504, 52.45269604 ], [ 13.57739571, 52.45266016 ] ] ] } },
{ "type": "Feature", "properties": { "id": "b_bauwerke.44432", "dnbr__sdatenid": 44432, "bauwerksart": "BR", "bauwerksname": "Schloßbrücke", "okstra_id": "11B938B6F9484BB79DC5D053F7420D16", "bauwerksnummer": "49632-0010", "sib_bauwerksnummer": "3547062 0" }, "geometry": { "type": "MultiLineString", "coordinates": [ [ [ 13.57373717, 52.44419314 ], [ 13.57359923, 52.44394145 ] ] ] } },
{ "type": "Feature", "properties": { "id": "b_bauwerke.44433", "dnbr__sdatenid": 44433, "bauwerksart": "BR", "bauwerksname": "Stubenrauchbrücke (Südlicher Bogen)", "okstra_id": "FCF67155924841358F0793965EBA98E3", "bauwerksnummer": "44898-0010", "sib_bauwerksnummer": "3547063A" }, "geometry": { "type": "MultiLineString", "coordinates": [ [ [ 13.50601091, 52.46188826 ], [ 13.50627504, 52.462139 ] ] ] } },
{ "type": "Feature", "properties": { "id": "b_bauwerke.44434", "dnbr__sdatenid": 44434, "bauwerksart": "BR", "bauwerksname": "Stubenrauchbrücke (Mittelfeld)", "okstra_id": "FADDC2E588D04B0EAE23644F4B82484F", "bauwerksnummer": "16069", "sib_bauwerksnummer": "3547063B" }, "geometry": { "type": "MultiLineString", "coordinates": [ [ [ 13.50628056, 52.46214858 ], [ 13.5066882, 52.46253197 ] ] ] } },
{ "type": "Feature", "properties": { "id": "b_bauwerke.44435", "dnbr__sdatenid": 44435, "bauwerksart": "BR", "bauwerksname": "Stubenrauchbrücke (Nördlicher Bogen)", "okstra_id": "A840D936FF1E467EBFD0A9FC8EED75D7", "bauwerksnummer": "16069", "sib_bauwerksnummer": "3547063C" }, "geometry": { "type": "MultiLineString", "coordinates": [ [ [ 13.50668614, 52.46253551 ], [ 13.50695815, 52.46278397 ] ] ] } },
{ "type": "Feature", "properties": { "id": "b_bauwerke.44436", "dnbr__sdatenid": 44436, "bauwerksart": "BR", "bauwerksname": "Treskowbrücke", "okstra_id": "CDED5BE68F104F66A2BB246097E07831", "bauwerksnummer": "44899-0010", "sib_bauwerksnummer": "3547064A" }, "geometry": { "type": "MultiLineString", "coordinates": [ [ [ 13.51328874, 52.46062177 ], [ 13.51261646, 52.4592075 ] ] ] } },
{ "type": "Feature", "properties": { "id": "b_bauwerke.44437", "dnbr__sdatenid": 44437, "bauwerksart": "BR", "bauwerksname": "Brücke An der Wuhlheide", "okstra_id": "D96BF490421346A6AA4BB527A10BA76E", "bauwerksnummer": "49655-0010", "sib_bauwerksnummer": "3547065B" }, "geometry": { "type": "MultiLineString", "coordinates": [ [ [ 13.51277416, 52.47023342 ], [ 13.51440093, 52.46878542 ], [ 13.51487831, 52.46854143 ], [ 13.51698005, 52.46776424 ] ] ] } },
{ "type": "Feature", "properties": { "id": "b_bauwerke.44438", "dnbr__sdatenid": 44438, "bauwerksart": "BR", "bauwerksname": "Köpenicker-Allee-Brücke", "okstra_id": "257D5A092B6C4D65A54D03838A7C018A", "bauwerksnummer": "49658-0010", "sib_bauwerksnummer": "3547067 0" }, "geometry": { "type": "MultiLineString", "coordinates": [ [ [ 13.55268192, 52.46891975 ], [ 13.55312293, 52.46931449 ] ] ] } },
{ "type": "Feature", "properties": { "id": "b_bauwerke.44439", "dnbr__sdatenid": 44439, "bauwerksart": "BR", "bauwerksname": "Landjägerbrücke", "okstra_id": "A7E2B5AEA7A04B17A183092436590EB9", "bauwerksnummer": "49634-0010", "sib_bauwerksnummer": "3547068 0" }, "geometry": { "type": "MultiLineString", "coordinates": [ [ [ 13.57900815, 52.44508605 ], [ 13.57924892, 52.44488122 ] ] ] } },
{ "type": "Feature", "properties": { "id": "b_bauwerke.44440", "dnbr__sdatenid": 44440, "bauwerksart": "BR", "bauwerksname": "Kietzbrücke", "okstra_id": "7EB737FE27554AAAB2F07196EED62CEE", "bauwerksnummer": "49633-0010", "sib_bauwerksnummer": "3547069 0" }, "geometry": { "type": "MultiLineString", "coordinates": [ [ [ 13.57770329, 52.44446083 ], [ 13.57776661, 52.44438627 ] ] ] } },
{ "type": "Feature", "properties": { "id": "b_bauwerke.44442", "dnbr__sdatenid": 44442, "bauwerksart": "BR", "bauwerksname": "Adlergestellbrücke", "okstra_id": "726BA69BBE24427BB0A78054D7F4628C", "bauwerksnummer": "49664-0010", "sib_bauwerksnummer": "3547073 0" }, "geometry": { "type": "MultiLineString", "coordinates": [ [ [ 13.56876927, 52.41625711 ], [ 13.5690073, 52.41610202 ] ] ] } },
{ "type": "Feature", "properties": { "id": "b_bauwerke.44443", "dnbr__sdatenid": 44443, "bauwerksart": "BR", "bauwerksname": "Wilhelm-Spindler-Brücke, ÜBB 1", "okstra_id": "2D1AA6A7BA4A4E31A800DB7DEBB28282", "bauwerksnummer": "08891-0010", "sib_bauwerksnummer": "3547074 1" }, "geometry": { "type": "MultiLineString", "coordinates": [ [ [ 13.55847516, 52.45440345 ], [ 13.55852422, 52.45310401 ] ] ] } },
{ "type": "Feature", "properties": { "id": "b_bauwerke.44444", "dnbr__sdatenid": 44444, "bauwerksart": "BR", "bauwerksname": "Wilhelm-Spindler-Brücke, ÜBB 1", "okstra_id": "EC6F9025C0E64F248F69B0FDCBC098DD", "bauwerksnummer": "16092", "sib_bauwerksnummer": "3547074 2" }, "geometry": { "type": "MultiLineString", "coordinates": [ [ [ 13.55832336, 52.4544016 ], [ 13.55837242, 52.45310216 ] ] ] } },
{ "type": "Feature", "properties": { "id": "b_bauwerke.44445", "dnbr__sdatenid": 44445, "bauwerksart": "BR", "bauwerksname": "Köllnische Brücke, ÜBB West", "okstra_id": "D01C44F0AF6F453583086AE865567557", "bauwerksnummer": "08892-0010", "sib_bauwerksnummer": "3547075 1" }, "geometry": { "type": "MultiLineString", "coordinates": [ [ [ 13.55859083, 52.45021577 ], [ 13.55865069, 52.44954989 ] ] ] } },
{ "type": "Feature", "properties": { "id": "b_bauwerke.44446", "dnbr__sdatenid": 44446, "bauwerksart": "BR", "bauwerksname": "Köllnische Brücke, ÜBB Ost", "okstra_id": "F605766B677A46738E24E7446A2BB4C5", "bauwerksnummer": "16094", "sib_bauwerksnummer": "3547075 2" }, "geometry": { "type": "MultiLineString", "coordinates": [ [ [ 13.5587532, 52.45013211 ], [ 13.55881305, 52.44946623 ] ] ] } },
{ "type": "Feature", "properties": { "id": "b_bauwerke.44447", "dnbr__sdatenid": 44447, "bauwerksart": "BR", "bauwerksname": "Buchenhainer Brücke (Wuhle)", "okstra_id": "5CF4268915764327A900475DD7D51599", "bauwerksnummer": "49785-0010", "sib_bauwerksnummer": "3547082 0" }, "geometry": { "type": "MultiLineString", "coordinates": [ [ [ 13.56404018, 52.47830906 ], [ 13.56427684, 52.47852127 ], [ 13.5642031, 52.47862997 ] ] ] } },
{ "type": "Feature", "properties": { "id": "b_bauwerke.44449", "dnbr__sdatenid": 44449, "bauwerksart": "BR", "bauwerksname": "Zimmermannstraßenbrücke", "okstra_id": "BCE0CF19B75E48EC85C05FCCC6027E00", "bauwerksnummer": "49767-0010", "sib_bauwerksnummer": "3547084 0" }, "geometry": { "type": "MultiLineString", "coordinates": [ [ [ 13.56437091, 52.48545846 ], [ 13.56481335, 52.48533416 ] ] ] } },
{ "type": "Feature", "properties": { "id": "b_bauwerke.44450", "dnbr__sdatenid": 44450, "bauwerksart": "BR", "bauwerksname": "Heesestraßenbrücke", "okstra_id": "E1490D641A66486E88D71F85FC4C8CCC", "bauwerksnummer": "49768-0010", "sib_bauwerksnummer": "3547085 0" }, "geometry": { "type": "MultiLineString", "coordinates": [ [ [ 13.56891848, 52.49284061 ], [ 13.56933632, 52.49275414 ] ] ] } },
{ "type": "Feature", "properties": { "id": "b_bauwerke.44452", "dnbr__sdatenid": 44452, "bauwerksart": "BR", "bauwerksname": "Stubenrauch-Behelfsbrücke", "okstra_id": "A8F7C66799254CDFA2E4867DC923502D", "bauwerksnummer": "16069a", "sib_bauwerksnummer": "3547087 0" }, "geometry": { "type": "MultiLineString", "coordinates": [ [ [ 13.50669336, 52.46289635 ], [ 13.50571924, 52.46198958 ] ] ] } },
{ "type": "Feature", "properties": { "id": "b_bauwerke.44454", "dnbr__sdatenid": 44454, "bauwerksart": "BR", "bauwerksname": "Lange Brücke (Behelfsbrücke)", "okstra_id": "F0FC7A3D4EEB4651BE0A867BC5EA8E22", "bauwerksnummer": "16029a", "sib_bauwerksnummer": "3547090 0" }, "geometry": { "type": "MultiLineString", "coordinates": [ [ [ 13.57043642, 52.4444623 ], [ 13.57306901, 52.44443462 ] ] ] } },
{ "type": "Feature", "properties": { "id": "b_bauwerke.44457", "dnbr__sdatenid": 44457, "bauwerksart": "BR", "bauwerksname": "Badbrücke, ÜBB 1", "okstra_id": "EE496EF4587B402CAC6EDBFC95C1722D", "bauwerksnummer": "07499-0010", "sib_bauwerksnummer": "3446115 1" }, "geometry": { "type": "MultiLineString", "coordinates": [ [ [ 13.37774599, 52.55334974 ], [ 13.37791741, 52.55325218 ] ] ] } },
{ "type": "Feature", "properties": { "id": "b_bauwerke.44458", "dnbr__sdatenid": 44458, "bauwerksart": "BR", "bauwerksname": "Badbrücke, ÜBB 2", "okstra_id": "B146A18EDFCB47AABF1D860A5EDF0554", "bauwerksnummer": "03017", "sib_bauwerksnummer": "3446115 2" }, "geometry": { "type": "MultiLineString", "coordinates": [ [ [ 13.37786442, 52.55341916 ], [ 13.37803584, 52.5533216 ] ] ] } },
{ "type": "Feature", "properties": { "id": "b_bauwerke.44459", "dnbr__sdatenid": 44459, "bauwerksart": "BR", "bauwerksname": "Schöneberger Brücke, Gehbahn Oberstrom", "okstra_id": "673BD88ABAC64EF8B18AED29B7C50219", "bauwerksnummer": "07403-0010", "sib_bauwerksnummer": "3446126 1" }, "geometry": { "type": "MultiLineString", "coordinates": [ [ [ 13.37625157, 52.50173952 ], [ 13.3766281, 52.50191629 ] ] ] } },
{ "type": "Feature", "properties": { "id": "b_bauwerke.44460", "dnbr__sdatenid": 44460, "bauwerksart": "BR", "bauwerksname": "Schöneberger Brücke, Fahrbahngewölbe", "okstra_id": "D01F3B8FC1B349558A139C1E3893F641", "bauwerksnummer": "06017", "sib_bauwerksnummer": "3446126 2" }, "geometry": { "type": "MultiLineString", "coordinates": [ [ [ 13.37631097, 52.50168967 ], [ 13.37668751, 52.50186644 ] ] ] } },
{ "type": "Feature", "properties": { "id": "b_bauwerke.44461", "dnbr__sdatenid": 44461, "bauwerksart": "BR", "bauwerksname": "Schöneberger Brücke, Gehnbahn Unterstrom", "okstra_id": "105342629D25476290E0ACAB8CF4429C", "bauwerksnummer": "06017", "sib_bauwerksnummer": "3446126 3" }, "geometry": { "type": "MultiLineString", "coordinates": [ [ [ 13.376383, 52.50162782 ], [ 13.37675953, 52.50180459 ] ] ] } },
{ "type": "Feature", "properties": { "id": "b_bauwerke.44463", "dnbr__sdatenid": 44463, "bauwerksart": "BR", "bauwerksname": "Behmstraßenbrücke, Achse 1-4", "okstra_id": "303220F5A4BA4720A6162D0D33DC5994", "bauwerksnummer": "44678-0010", "sib_bauwerksnummer": "3446183A" }, "geometry": { "type": "MultiLineString", "coordinates": [ [ [ 13.39688468, 52.55078591 ], [ 13.39834306, 52.55092119 ] ] ] } },
{ "type": "Feature", "properties": { "id": "b_bauwerke.44464", "dnbr__sdatenid": 44464, "bauwerksart": "BR", "bauwerksname": "Behmstraßenbrücke, Achse 5-7", "okstra_id": "69CAD4FAE4F24A1EB82EF7B3F32C8060", "bauwerksnummer": "04035", "sib_bauwerksnummer": "3446183B" }, "geometry": { "type": "MultiLineString", "coordinates": [ [ [ 13.39835935, 52.5509227 ], [ 13.39945293, 52.55102413 ] ] ] } },
{ "type": "Feature", "properties": { "id": "b_bauwerke.44465", "dnbr__sdatenid": 44465, "bauwerksart": "BR", "bauwerksname": "Behmstraßenbrücke, Achse 8 und Achse 10", "okstra_id": "36244AFB5F3D4105A52906C48E42B964", "bauwerksnummer": "04035", "sib_bauwerksnummer": "3446183C" }, "geometry": { "type": "MultiLineString", "coordinates": [ [ [ 13.40025843, 52.55109396 ], [ 13.40027276, 52.55109527 ] ], [ [ 13.39949663, 52.55102818 ], [ 13.40025843, 52.55109396 ] ] ] } },
{ "type": "Feature", "properties": { "id": "b_bauwerke.44466", "dnbr__sdatenid": 44466, "bauwerksart": "BR", "bauwerksname": "Lichtenberger Brücke ÜBB Süd", "okstra_id": "45E30863983141EC9650639E48DF1C35", "bauwerksnummer": "17003a", "sib_bauwerksnummer": "3446253A1" }, "geometry": { "type": "MultiLineString", "coordinates": [ [ [ 13.49754325, 52.51134362 ], [ 13.5003713, 52.51107674 ] ] ] } },
{ "type": "Feature", "properties": { "id": "b_bauwerke.44467", "dnbr__sdatenid": 44467, "bauwerksart": "BR", "bauwerksname": "Lichtenberger Brücke ÜBB Nord", "okstra_id": "016F336812934D029788B26AD1324F4E", "bauwerksnummer": "49666-0010", "sib_bauwerksnummer": "3446253A2" }, "geometry": { "type": "MultiLineString", "coordinates": [ [ [ 13.49773244, 52.51151254 ], [ 13.5005605, 52.51124566 ] ] ] } },
{ "type": "Feature", "properties": { "id": "b_bauwerke.44472", "dnbr__sdatenid": 44472, "bauwerksart": "FBR", "bauwerksname": "Anhalter Steg, Feld über RiFaBa Hallisches Ufer", "okstra_id": "6A16760B6D5E40C886231FA67912C462", "bauwerksnummer": "06007", "sib_bauwerksnummer": "3446281E" }, "geometry": { "type": "MultiLineString", "coordinates": [ [ [ 13.37928026, 52.49940308 ], [ 13.37948051, 52.49963201 ] ] ] } },
{ "type": "Feature", "properties": { "id": "b_bauwerke.44473", "dnbr__sdatenid": 44473, "bauwerksart": "BR", "bauwerksname": "Cecilienstraßenbrücke, nördl.Gehb.- u. Rohrleitungsbrücke", "okstra_id": "533929E5B9A84E29B52795EBE590EF5A", "bauwerksnummer": "49753-0010", "sib_bauwerksnummer": "3447026 1" }, "geometry": { "type": "MultiLineString", "coordinates": [ [ [ 13.58846901, 52.52339284 ], [ 13.58909514, 52.52332656 ] ] ] } },
{ "type": "Feature", "properties": { "id": "b_bauwerke.44474", "dnbr__sdatenid": 44474, "bauwerksart": "BR", "bauwerksname": "Cecilienstraßenbrücke, südl.Gehb.- u. Rohrleitungsbrücke", "okstra_id": "04470BC5462549DC9FF07C294154A128", "bauwerksnummer": "23030", "sib_bauwerksnummer": "3447026 3" }, "geometry": { "type": "MultiLineString", "coordinates": [ [ [ 13.58845822, 52.52324284 ], [ 13.58908435, 52.52317656 ] ] ] } },
{ "type": "Feature", "properties": { "id": "b_bauwerke.44475", "dnbr__sdatenid": 44475, "bauwerksart": "BR", "bauwerksname": "Cecilienstraßenbrücke, Straßenbrücke", "okstra_id": "44D881AF626D47AE8E71970831B05CF0", "bauwerksnummer": "23030", "sib_bauwerksnummer": "3447026 2" }, "geometry": { "type": "MultiLineString", "coordinates": [ [ [ 13.58846944, 52.52332165 ], [ 13.58908828, 52.52323353 ] ] ] } },
{ "type": "Feature", "properties": { "id": "b_bauwerke.44479", "dnbr__sdatenid": 44479, "bauwerksart": "BR", "bauwerksname": "Rampbrücke Einfahrt Antonienstr.", "okstra_id": "C501E67650084066B8AC830C3C80DABF", "bauwerksnummer": "20111", "sib_bauwerksnummer": "3445258 0" }, "geometry": { "type": "MultiLineString", "coordinates": [ [ [ 13.31024654, 52.56558316 ], [ 13.31026389, 52.5654495 ], [ 13.31029229, 52.56534577 ], [ 13.31038198, 52.56523546 ], [ 13.3104711, 52.56514003 ], [ 13.31062122, 52.56504547 ], [ 13.31079603, 52.56494382 ], [ 13.31096855, 52.56490165 ], [ 13.31116576, 52.56485239 ], [ 13.31142426, 52.56479657 ] ] ] } },
{ "type": "Feature", "properties": { "id": "b_bauwerke.44481", "dnbr__sdatenid": 44481, "bauwerksart": "BR", "bauwerksname": "Lietzenseebrücke", "okstra_id": "E20C97A98582471893BFDB1B6AE15BA8", "bauwerksnummer": "07337-0010", "sib_bauwerksnummer": "3445033A" }, "geometry": { "type": "MultiLineString", "coordinates": [ [ [ 13.28784563, 52.50658159 ], [ 13.28829132, 52.50659772 ] ] ] } },
{ "type": "Feature", "properties": { "id": "b_bauwerke.44483", "dnbr__sdatenid": 44483, "bauwerksart": "EBBR", "bauwerksname": "Jungfernheidesteg, Spreequerung, westlicher Teil", "okstra_id": "1D363A59754A42058875B9BDD7966739", "bauwerksnummer": "07494-0010", "sib_bauwerksnummer": "3445065A" }, "geometry": { "type": "MultiLineString", "coordinates": [ [ [ 13.29429068, 52.52953452 ], [ 13.29451076, 52.52956267 ] ] ] } },
{ "type": "Feature", "properties": { "id": "b_bauwerke.44484", "dnbr__sdatenid": 44484, "bauwerksart": "EBBR", "bauwerksname": "Jungfernheidesteg, Schifffahrtsstraße-Überquerung", "okstra_id": "8D6813256253431797AD03E97D2B9653", "bauwerksnummer": "07494-0020", "sib_bauwerksnummer": "3445065B" }, "geometry": { "type": "MultiLineString", "coordinates": [ [ [ 13.29450531, 52.52956259 ], [ 13.29578186, 52.52973751 ] ] ] } },
{ "type": "Feature", "properties": { "id": "b_bauwerke.44485", "dnbr__sdatenid": 44485, "bauwerksart": "BR", "bauwerksname": "Jungfernheidesteg, Jungfernheidesteg, Straßenüberquerung", "okstra_id": "05DEFFAEBDE84C24B68F79CED4C08BA9", "bauwerksnummer": "07062c", "sib_bauwerksnummer": "3445065C" }, "geometry": { "type": "MultiLineString", "coordinates": [ [ [ 13.29577777, 52.52973745 ], [ 13.29649468, 52.52983937 ] ] ] } },
{ "type": "Feature", "properties": { "id": "b_bauwerke.44486", "dnbr__sdatenid": 44486, "bauwerksart": "BR", "bauwerksname": "Charlottenbrücke, westl. Uferbrücke", "okstra_id": "CCFBCC86242F44B68E472A1AAFB09D52", "bauwerksnummer": "07235-0010", "sib_bauwerksnummer": "3445141A" }, "geometry": { "type": "MultiLineString", "coordinates": [ [ [ 13.20574013, 52.5354794 ], [ 13.20594732, 52.53530754 ] ] ] } },
{ "type": "Feature", "properties": { "id": "b_bauwerke.44487", "dnbr__sdatenid": 44487, "bauwerksart": "BR", "bauwerksname": "Charlottenbrücke, Spreequerung", "okstra_id": "CE0269ACAACE4667BC3A25852A1CDCA3", "bauwerksnummer": "08026", "sib_bauwerksnummer": "3445141B" }, "geometry": { "type": "MultiLineString", "coordinates": [ [ [ 13.20594513, 52.53530936 ], [ 13.20645119, 52.5348739 ] ] ] } },
{ "type": "Feature", "properties": { "id": "b_bauwerke.44488", "dnbr__sdatenid": 44488, "bauwerksart": "BR", "bauwerksname": "Charlottenbrücke, östl. Uferbrücke", "okstra_id": "4E123E00E378447EBB5A12A4ED3C7885", "bauwerksnummer": "08026", "sib_bauwerksnummer": "3445141C" }, "geometry": { "type": "MultiLineString", "coordinates": [ [ [ 13.2064512, 52.53487389 ], [ 13.20654661, 52.53476853 ], [ 13.20659304, 52.53467245 ], [ 13.20660811, 52.53460814 ] ] ] } },
{ "type": "Feature", "properties": { "id": "b_bauwerke.44489", "dnbr__sdatenid": 44489, "bauwerksart": "BR", "bauwerksname": "Schulenburgbrücke, ÜBB ü.d. Havel", "okstra_id": "7EB5DF5AB84543CBBDA24CEAB04483C3", "bauwerksnummer": "07404-0010", "sib_bauwerksnummer": "3445143A" }, "geometry": { "type": "MultiLineString", "coordinates": [ [ [ 13.20421693, 52.52411135 ], [ 13.20499326, 52.52452877 ] ] ] } },
{ "type": "Feature", "properties": { "id": "b_bauwerke.44490", "dnbr__sdatenid": 44490, "bauwerksart": "BR", "bauwerksname": "Schulenburgbrücke, nordöstl. Vorlandbrücke", "okstra_id": "BFF6B25F528C440C8A5F4A013AB18659", "bauwerksnummer": "08031", "sib_bauwerksnummer": "3445143C" }, "geometry": { "type": "MultiLineString", "coordinates": [ [ [ 13.20499008, 52.52452706 ], [ 13.20533991, 52.52471895 ] ] ] } },
{ "type": "Feature", "properties": { "id": "b_bauwerke.44491", "dnbr__sdatenid": 44491, "bauwerksart": "BR", "bauwerksname": "Schulenburgbrücke, südwestl. Vorlandbrücke", "okstra_id": "7A1F0A24264B4611A5488BED52BC1465", "bauwerksnummer": "08031", "sib_bauwerksnummer": "3445143D" }, "geometry": { "type": "MultiLineString", "coordinates": [ [ [ 13.20387965, 52.52392499 ], [ 13.20422948, 52.52411688 ] ] ] } },
{ "type": "Feature", "properties": { "id": "b_bauwerke.44493", "dnbr__sdatenid": 44493, "bauwerksart": "BR", "bauwerksname": "Liebknechtbrücke, Rahmenbrücke", "okstra_id": "076BCD20BAB142C1AD9E98DE52B8921F", "bauwerksnummer": "17007-0010", "sib_bauwerksnummer": "3446016A" }, "geometry": { "type": "MultiLineString", "coordinates": [ [ [ 13.40218014, 52.5187246 ], [ 13.40244334, 52.51883007 ] ] ] } },
{ "type": "Feature", "properties": { "id": "b_bauwerke.44494", "dnbr__sdatenid": 44494, "bauwerksart": "BR", "bauwerksname": "Liebknechtbrücke, Östl. Bogen", "okstra_id": "7E21DD26DE2A4F26A3278EDA0720AB84", "bauwerksnummer": "01020", "sib_bauwerksnummer": "3446016B" }, "geometry": { "type": "MultiLineString", "coordinates": [ [ [ 13.40244347, 52.51882926 ], [ 13.40270668, 52.51893473 ] ] ] } },
{ "type": "Feature", "properties": { "id": "b_bauwerke.44495", "dnbr__sdatenid": 44495, "bauwerksart": "BR", "bauwerksname": "Liebknechtbrücke, Westl. Bogen", "okstra_id": "FC5FC9DCEFEC46DA9B26A4E0874B4278", "bauwerksnummer": "01020", "sib_bauwerksnummer": "3446016C" }, "geometry": { "type": "MultiLineString", "coordinates": [ [ [ 13.40202911, 52.51866437 ], [ 13.40219166, 52.51872676 ] ] ] } },
{ "type": "Feature", "properties": { "id": "b_bauwerke.44496", "dnbr__sdatenid": 44496, "bauwerksart": "BR", "bauwerksname": "Hansabrücke, Teilbauwerk ü.d. Spree", "okstra_id": "42C648E8F0EA44DBB4C9B3F15CE3AF3C", "bauwerksnummer": "07298-0010", "sib_bauwerksnummer": "3446050A" }, "geometry": { "type": "MultiLineString", "coordinates": [ [ [ 13.33858587, 52.51939769 ], [ 13.33762931, 52.51979565 ] ] ] } },
{ "type": "Feature", "properties": { "id": "b_bauwerke.44497", "dnbr__sdatenid": 44497, "bauwerksart": "BR", "bauwerksname": "Hansabrücke, Teilbauwerk am Ostufer der Spree", "okstra_id": "D3689280F8714623A968D217B18587ED", "bauwerksnummer": "02008", "sib_bauwerksnummer": "3446050B" }, "geometry": { "type": "MultiLineString", "coordinates": [ [ [ 13.33858274, 52.51939906 ], [ 13.3387238, 52.5193374 ] ] ] } },
{ "type": "Feature", "properties": { "id": "b_bauwerke.44498", "dnbr__sdatenid": 44498, "bauwerksart": "BR", "bauwerksname": "Hansabrücke, Teilbauwerk ü.d.östl.Uferweg d.Spree", "okstra_id": "972EA07AE3B34FC483C6FC3445E237E0", "bauwerksnummer": "02008", "sib_bauwerksnummer": "3446050C" }, "geometry": { "type": "MultiLineString", "coordinates": [ [ [ 13.33872524, 52.51933677 ], [ 13.33895603, 52.51923589 ] ] ] } },
{ "type": "Feature", "properties": { "id": "b_bauwerke.44501", "dnbr__sdatenid": 44501, "bauwerksart": "BR", "bauwerksname": "Autobahnbrücke Zehlendorfer Kleeblatt, Übb 1", "okstra_id": "0090908C3ACE474BBECC749FB33CDE04", "bauwerksnummer": "10087", "sib_bauwerksnummer": "3545060 1" }, "geometry": { "type": "MultiLineString", "coordinates": [ [ [ 13.19546343, 52.42071968 ], [ 13.19633898, 52.42105702 ] ] ] } },
{ "type": "Feature", "properties": { "id": "b_bauwerke.44502", "dnbr__sdatenid": 44502, "bauwerksart": "BR", "bauwerksname": "Autobahnbrücke Zehlendorfer Kleeblatt, Übb 2", "okstra_id": "8430481CA54940CC9354EFF866F74C36", "bauwerksnummer": "10087", "sib_bauwerksnummer": "3545060 2" }, "geometry": { "type": "MultiLineString", "coordinates": [ [ [ 13.19551154, 52.42058958 ], [ 13.19638709, 52.42092691 ] ] ] } },
{ "type": "Feature", "properties": { "id": "b_bauwerke.44503", "dnbr__sdatenid": 44503, "bauwerksart": "BR", "bauwerksname": "Autobahnbrücke Zehlendorfer Kleeblatt, Übb 3", "okstra_id": "0DA70DDFA60543EEBD11EF60D78F5954", "bauwerksnummer": "10087", "sib_bauwerksnummer": "3545060 3" }, "geometry": { "type": "MultiLineString", "coordinates": [ [ [ 13.19556345, 52.4204619 ], [ 13.19643899, 52.42079924 ] ] ] } },
{ "type": "Feature", "properties": { "id": "b_bauwerke.44504", "dnbr__sdatenid": 44504, "bauwerksart": "BR", "bauwerksname": "Autobahnbrücke Zehlendorfer Kleeblatt, Übb 4", "okstra_id": "D3D27787CE9640CBBFD335D125845CF4", "bauwerksnummer": "10087", "sib_bauwerksnummer": "3545060 4" }, "geometry": { "type": "MultiLineString", "coordinates": [ [ [ 13.19559727, 52.42030065 ], [ 13.19647281, 52.42063798 ] ] ] } },
{ "type": "Feature", "properties": { "id": "b_bauwerke.44506", "dnbr__sdatenid": 44506, "bauwerksart": "BR", "bauwerksname": "Eldenaer Brücke", "okstra_id": "7FD5CAD8E2274178ACF0ED16558D6AC8", "bauwerksnummer": "49566-0010", "sib_bauwerksnummer": "3446195 0" }, "geometry": { "type": "MultiLineString", "coordinates": [ [ [ 13.47066207, 52.52047045 ], [ 13.47107516, 52.5205041 ] ] ] } },
{ "type": "Feature", "properties": { "id": "b_bauwerke.44507", "dnbr__sdatenid": 44507, "bauwerksart": "BR", "bauwerksname": "Scheffelstraßenbrücke", "okstra_id": "4B94B7662C8A476BBCC6647B470CBDDD", "bauwerksnummer": "05012", "sib_bauwerksnummer": "3446196 0" }, "geometry": { "type": "MultiLineString", "coordinates": [ [ [ 13.47122752, 52.52051652 ], [ 13.47204394, 52.52058305 ] ] ] } },
{ "type": "Feature", "properties": { "id": "b_bauwerke.44508", "dnbr__sdatenid": 44508, "bauwerksart": "BR", "bauwerksname": "Malchower Brücke", "okstra_id": "B31B1D7605B14D5B979602A5BA9617AA", "bauwerksnummer": "49705-0010", "sib_bauwerksnummer": "3446251 0" }, "geometry": { "type": "MultiLineString", "coordinates": [ [ [ 13.48267093, 52.57246905 ], [ 13.48267936, 52.57259846 ] ] ] } },
{ "type": "Feature", "properties": { "id": "b_bauwerke.44509", "dnbr__sdatenid": 44509, "bauwerksart": "FBR", "bauwerksname": "Ernststraßensteg", "okstra_id": "12A9575DA9C04625B177FB482BDEAB9E", "bauwerksnummer": "07256-0010", "sib_bauwerksnummer": "3445247B" }, "geometry": { "type": "MultiLineString", "coordinates": [ [ [ 13.29339826, 52.58258811 ], [ 13.29447369, 52.58282791 ] ] ] } },
{ "type": "Feature", "properties": { "id": "b_bauwerke.44510", "dnbr__sdatenid": 44510, "bauwerksart": "FBR", "bauwerksname": "Ernststraßensteg, westliche Rampenbrücke (Spindel)", "okstra_id": "086A123CC5B7410AB94F9683DAB2D479", "bauwerksnummer": "20077", "sib_bauwerksnummer": "3445247A" }, "geometry": { "type": "MultiLineString", "coordinates": [ [ [ 13.29339004, 52.58258314 ], [ 13.29332348, 52.58262892 ], [ 13.29326468, 52.5826578 ], [ 13.29320925, 52.582657 ], [ 13.29316306, 52.58264688 ], [ 13.29313626, 52.58261589 ], [ 13.29313006, 52.5825829 ], [ 13.29314641, 52.58256151 ], [ 13.29317829, 52.58254035 ], [ 13.29323187, 52.58253167 ], [ 13.29328059, 52.58253372 ], [ 13.29333998, 52.58254674 ], [ 13.29337033, 52.58256474 ] ] ] } },
{ "type": "Feature", "properties": { "id": "b_bauwerke.44511", "dnbr__sdatenid": 44511, "bauwerksart": "FBR", "bauwerksname": "Ernststraßensteg, östliche Rampenbrücke (Spindel)", "okstra_id": "FE384A102014485D8B9FE8CFA38CA7CF", "bauwerksnummer": "20077", "sib_bauwerksnummer": "3445247C" }, "geometry": { "type": "MultiLineString", "coordinates": [ [ [ 13.29447137, 52.58283058 ], [ 13.29450684, 52.58283109 ], [ 13.2945449, 52.58282218 ], [ 13.29456558, 52.58280356 ], [ 13.29457872, 52.58278463 ], [ 13.29457814, 52.58276591 ], [ 13.29456361, 52.58274003 ], [ 13.29453299, 52.58272878 ], [ 13.29438688, 52.58272127 ], [ 13.29434661, 52.58273014 ], [ 13.29432483, 52.5827519 ], [ 13.29432482, 52.58277712 ] ] ] } },
{ "type": "Feature", "properties": { "id": "b_bauwerke.44512", "dnbr__sdatenid": 44512, "bauwerksart": "BR", "bauwerksname": "Robert-Schuman-Brücke", "okstra_id": "4DD343A4824D47AB9C2C6D6BDD767CC4", "bauwerksnummer": "07219-0010", "sib_bauwerksnummer": "3445253 0" }, "geometry": { "type": "MultiLineString", "coordinates": [ [ [ 13.30781888, 52.5564599 ], [ 13.30818111, 52.55632248 ] ] ] } },
{ "type": "Feature", "properties": { "id": "b_bauwerke.44513", "dnbr__sdatenid": 44513, "bauwerksart": "BR", "bauwerksname": "Seidelstraßenbrücke", "okstra_id": "39097C793CC145CEB28FFB829B995958", "bauwerksnummer": "07483-0010", "sib_bauwerksnummer": "3445256 0" }, "geometry": { "type": "MultiLineString", "coordinates": [ [ [ 13.30559252, 52.56815021 ], [ 13.30631251, 52.56811261 ] ] ] } },
{ "type": "Feature", "properties": { "id": "b_bauwerke.44514", "dnbr__sdatenid": 44514, "bauwerksart": "BR", "bauwerksname": "Brücke über Holzhauser Str., ÜBB1", "okstra_id": "F1CB2D5FE2F34BCFA68E59868F21DD10", "bauwerksnummer": "17206-0010", "sib_bauwerksnummer": "3445267 1" }, "geometry": { "type": "MultiLineString", "coordinates": [ [ [ 13.29741703, 52.5780273 ], [ 13.29784096, 52.57771982 ] ] ] } },
{ "type": "Feature", "properties": { "id": "b_bauwerke.44515", "dnbr__sdatenid": 44515, "bauwerksart": "BR", "bauwerksname": "Aristide-Briand-Brücke", "okstra_id": "C346CAB296014688ACCED9FB21A6DDD6", "bauwerksnummer": "07213-0010", "sib_bauwerksnummer": "3445268 0" }, "geometry": { "type": "MultiLineString", "coordinates": [ [ [ 13.3066851, 52.55519185 ], [ 13.30704723, 52.55506612 ] ] ] } },
{ "type": "Feature", "properties": { "id": "b_bauwerke.44516", "dnbr__sdatenid": 44516, "bauwerksart": "BR", "bauwerksname": "Nördliche Rhinstraßenbrücke", "okstra_id": "F4AB01EE3A08438D9EC3402FF36F386C", "bauwerksnummer": "49790-0010", "sib_bauwerksnummer": "3447017 0" }, "geometry": { "type": "MultiLineString", "coordinates": [ [ [ 13.51906383, 52.53138691 ], [ 13.51907169, 52.53118652 ] ] ] } },
{ "type": "Feature", "properties": { "id": "b_bauwerke.44517", "dnbr__sdatenid": 44517, "bauwerksart": "BR", "bauwerksname": "Glienicker Brücke", "okstra_id": "E5BF3015D6354C25910423CDE5C7740B", "bauwerksnummer": "07283-0010", "sib_bauwerksnummer": "3544016A" }, "geometry": { "type": "MultiLineString", "coordinates": [ [ [ 13.0886329, 52.41347313 ], [ 13.09152013, 52.41346297 ] ] ] } },
{ "type": "Feature", "properties": { "id": "b_bauwerke.44519", "dnbr__sdatenid": 44519, "bauwerksart": "BR", "bauwerksname": "Nördl.Nicolai-E.-Bersarin-Brücke", "okstra_id": "5FC3024CCF5F4565818970A0036E2176", "bauwerksnummer": "21089", "sib_bauwerksnummer": "3447044 0" }, "geometry": { "type": "MultiLineString", "coordinates": [ [ [ 13.58606096, 52.5495921 ], [ 13.58629613, 52.54957743 ] ] ] } },
{ "type": "Feature", "properties": { "id": "b_bauwerke.44520", "dnbr__sdatenid": 44520, "bauwerksart": "BR", "bauwerksname": "Brücke über die Rudower Straße, ÜBB Ost", "okstra_id": "5B7BCCCBA3EB416BBC6BDD78E71D3A01", "bauwerksnummer": "15153", "sib_bauwerksnummer": "3547106 1" }, "geometry": { "type": "MultiLineString", "coordinates": [ [ [ 13.52194024, 52.42393081 ], [ 13.52203741, 52.4231465 ] ] ] } },
{ "type": "Feature", "properties": { "id": "b_bauwerke.44521", "dnbr__sdatenid": 44521, "bauwerksart": "BR", "bauwerksname": "Brücke über die Rudower Straße, ÜBB West", "okstra_id": "4084C31FA39C42D38CE8843942DB09CB", "bauwerksnummer": "15153", "sib_bauwerksnummer": "3547106 2" }, "geometry": { "type": "MultiLineString", "coordinates": [ [ [ 13.52174544, 52.42393789 ], [ 13.52184262, 52.42315358 ] ] ] } },
{ "type": "Feature", "properties": { "id": "b_bauwerke.44522", "dnbr__sdatenid": 44522, "bauwerksart": "FBR", "bauwerksname": "FGB Gerosteig", "okstra_id": "F62F81CFA4A24C4183F877B100247D50", "bauwerksnummer": "15154", "sib_bauwerksnummer": "3547107 0" }, "geometry": { "type": "MultiLineString", "coordinates": [ [ [ 13.5229068, 52.40989802 ], [ 13.52344388, 52.40982226 ] ] ] } },
{ "type": "Feature", "properties": { "id": "b_bauwerke.44523", "dnbr__sdatenid": 44523, "bauwerksart": "BR", "bauwerksname": "Wendenheidebrücke", "okstra_id": "A42480C64AF14F5794418DB1984D0D24", "bauwerksnummer": "09245-0010", "sib_bauwerksnummer": "3547119G" }, "geometry": { "type": "MultiLineString", "coordinates": [ [ [ 13.5590873, 52.44649506 ], [ 13.55904375, 52.44687515 ] ] ] } },
{ "type": "Feature", "properties": { "id": "b_bauwerke.44524", "dnbr__sdatenid": 44524, "bauwerksart": "BR", "bauwerksname": "Adlershofer Brücke, FR Nord", "okstra_id": "FAEC731CC13746AD835064780002EC4F", "bauwerksnummer": "09244-0010", "sib_bauwerksnummer": "3547120 1" }, "geometry": { "type": "MultiLineString", "coordinates": [ [ [ 13.5596377, 52.4417249 ], [ 13.55950658, 52.44227255 ] ] ] } },
{ "type": "Feature", "properties": { "id": "b_bauwerke.44525", "dnbr__sdatenid": 44525, "bauwerksart": "BR", "bauwerksname": "Adlershofer Brücke, FR Süd", "okstra_id": "9213E26552A046C49D688B9DAC8CF869", "bauwerksnummer": "16099b", "sib_bauwerksnummer": "3547120 2" }, "geometry": { "type": "MultiLineString", "coordinates": [ [ [ 13.55953244, 52.44170153 ], [ 13.55940132, 52.44224918 ] ] ] } },
{ "type": "Feature", "properties": { "id": "b_bauwerke.44526", "dnbr__sdatenid": 44526, "bauwerksart": "BR", "bauwerksname": "Bellevuebrücke (Erpe)", "okstra_id": "670442340D344F65889F607ED5FF3DEC", "bauwerksnummer": "49628-0010", "sib_bauwerksnummer": "3547121 0" }, "geometry": { "type": "MultiLineString", "coordinates": [ [ [ 13.59291193, 52.45395214 ], [ 13.59296497, 52.45384498 ] ] ] } },
{ "type": "Feature", "properties": { "id": "b_bauwerke.44527", "dnbr__sdatenid": 44527, "bauwerksart": "FBR", "bauwerksname": "Gutshoffußgängerbrücke", "okstra_id": "D1160B52060A4B99BB3FC301BF70D517", "bauwerksnummer": "49659-0010", "sib_bauwerksnummer": "3548001 0" }, "geometry": { "type": "MultiLineString", "coordinates": [ [ [ 13.70913614, 52.43164444 ], [ 13.70919224, 52.43176841 ] ] ] } },
{ "type": "Feature", "properties": { "id": "b_bauwerke.44529", "dnbr__sdatenid": 44529, "bauwerksart": "BR", "bauwerksname": "Mariannenbrücke", "okstra_id": "444DA9147DB74CCDA08DA7A34288DA32", "bauwerksnummer": "49661-0010", "sib_bauwerksnummer": "3548004 0" }, "geometry": { "type": "MultiLineString", "coordinates": [ [ [ 13.71179695, 52.42994674 ], [ 13.71200718, 52.429943 ] ] ] } },
{ "type": "Feature", "properties": { "id": "b_bauwerke.44530", "dnbr__sdatenid": 44530, "bauwerksart": "BR", "bauwerksname": "Hegemeisterbrücke", "okstra_id": "A3F3B73811324399A0577C4A219FAD27", "bauwerksnummer": "49637-0010", "sib_bauwerksnummer": "3548006 0" }, "geometry": { "type": "MultiLineString", "coordinates": [ [ [ 13.69144922, 52.44969456 ], [ 13.69144912, 52.44962806 ] ] ] } },
{ "type": "Feature", "properties": { "id": "b_bauwerke.44532", "dnbr__sdatenid": 44532, "bauwerksart": "BR", "bauwerksname": "Fürstenwalder Brücke", "okstra_id": "99E526D8DBBF4C37A4607DB12A5B4079", "bauwerksnummer": "49639-0010", "sib_bauwerksnummer": "3548008 0" }, "geometry": { "type": "MultiLineString", "coordinates": [ [ [ 13.68612506, 52.44249028 ], [ 13.68602509, 52.44261994 ] ] ] } },
{ "type": "Feature", "properties": { "id": "b_bauwerke.44536", "dnbr__sdatenid": 44536, "bauwerksart": "BR", "bauwerksname": "Triglawbrücke", "okstra_id": "3C924832688B433BA053ABDA2AE1AC60", "bauwerksnummer": "49512-0010", "sib_bauwerksnummer": "3548012 0" }, "geometry": { "type": "MultiLineString", "coordinates": [ [ [ 13.72210311, 52.42087945 ], [ 13.72186928, 52.42052561 ] ] ] } },
{ "type": "Feature", "properties": { "id": "b_bauwerke.44537", "dnbr__sdatenid": 44537, "bauwerksart": "BR", "bauwerksname": "Fahlenbergbrücke", "okstra_id": "E5F0151875414BC097567EDC75CDA71A", "bauwerksnummer": "49642-0010", "sib_bauwerksnummer": "3548013 0" }, "geometry": { "type": "MultiLineString", "coordinates": [ [ [ 13.70817475, 52.40126162 ], [ 13.70793572, 52.40137454 ] ] ] } },
{ "type": "Feature", "properties": { "id": "b_bauwerke.44538", "dnbr__sdatenid": 44538, "bauwerksart": "BR", "bauwerksname": "Neue Fahlenbergbrücke", "okstra_id": "67A81CFECECE46EFACDB49CE675B2976", "bauwerksnummer": "49518-0010", "sib_bauwerksnummer": "3548014 0" }, "geometry": { "type": "MultiLineString", "coordinates": [ [ [ 13.70373674, 52.40267389 ], [ 13.70429023, 52.40248868 ] ] ] } },
{ "type": "Feature", "properties": { "id": "b_bauwerke.44541", "dnbr__sdatenid": 44541, "bauwerksart": "BR", "bauwerksname": "Grenzwegbrücke", "okstra_id": "A92F831DC0A1493E8FA9FAF5190F0CE4", "bauwerksnummer": "49648-0010", "sib_bauwerksnummer": "3548017 0" }, "geometry": { "type": "MultiLineString", "coordinates": [ [ [ 13.702782, 52.43014505 ], [ 13.70273291, 52.43001273 ] ] ] } },
{ "type": "Feature", "properties": { "id": "b_bauwerke.44542", "dnbr__sdatenid": 44542, "bauwerksart": "BR", "bauwerksname": "Grenzwegbrücke", "okstra_id": "8FA79ABF1D79425DB4B27EFA1DEFFE09", "bauwerksnummer": "20250", "sib_bauwerksnummer": "3345067A" }, "geometry": { "type": "MultiLineString", "coordinates": [ [ [ 13.24118247, 52.62793995 ], [ 13.24207365, 52.6281224 ] ] ] } },
{ "type": "Feature", "properties": { "id": "b_bauwerke.44545", "dnbr__sdatenid": 44545, "bauwerksart": "BR", "bauwerksname": "Nördliche Rialtoringbrücke", "okstra_id": "62AA5089164F4BC98F13742197369810", "bauwerksnummer": "49653-0010", "sib_bauwerksnummer": "3548020 0" }, "geometry": { "type": "MultiLineString", "coordinates": [ [ [ 13.70548837, 52.43242699 ], [ 13.70536303, 52.43222128 ] ] ] } },
{ "type": "Feature", "properties": { "id": "b_bauwerke.44546", "dnbr__sdatenid": 44546, "bauwerksart": "BR", "bauwerksname": "Finkenwegbrücke", "okstra_id": "03BD680DEC7342C7983FFC25626B707E", "bauwerksnummer": "49652-0010", "sib_bauwerksnummer": "3548021 0" }, "geometry": { "type": "MultiLineString", "coordinates": [ [ [ 13.70574175, 52.43188582 ], [ 13.70590196, 52.43185785 ] ] ] } },
{ "type": "Feature", "properties": { "id": "b_bauwerke.44548", "dnbr__sdatenid": 44548, "bauwerksart": "BR", "bauwerksname": "Rotkehlchenbrücke", "okstra_id": "3294CE05E3704C52978387ED8F221AE8", "bauwerksnummer": "49649-0010", "sib_bauwerksnummer": "3548023 0" }, "geometry": { "type": "MultiLineString", "coordinates": [ [ [ 13.70483968, 52.42978892 ], [ 13.70500282, 52.42976006 ] ] ] } },
{ "type": "Feature", "properties": { "id": "b_bauwerke.44551", "dnbr__sdatenid": 44551, "bauwerksart": "BR", "bauwerksname": "Brücke Straße 538", "okstra_id": "D456252AA4E440869B613ECCB97C1D9E", "bauwerksnummer": "49654-0010", "sib_bauwerksnummer": "3548027 0" }, "geometry": { "type": "MultiLineString", "coordinates": [ [ [ 13.69920849, 52.43046565 ], [ 13.69922442, 52.43032185 ] ] ] } },
{ "type": "Feature", "properties": { "id": "b_bauwerke.44552", "dnbr__sdatenid": 44552, "bauwerksart": "BR", "bauwerksname": "Rahnsdorfer Brücke", "okstra_id": "849EF695D8114771AAED1608499160F0", "bauwerksnummer": "49636-0010", "sib_bauwerksnummer": "3548028 0" }, "geometry": { "type": "MultiLineString", "coordinates": [ [ [ 13.6941381, 52.45127787 ], [ 13.69434694, 52.45125996 ] ] ] } },
{ "type": "Feature", "properties": { "id": "b_bauwerke.44553", "dnbr__sdatenid": 44553, "bauwerksart": "BR", "bauwerksname": "Stahnsdorfer Brücke", "okstra_id": "E52E92E6A4804BC3B23D30A625911D84", "bauwerksnummer": "07492-0010", "sib_bauwerksnummer": "3644001 0" }, "geometry": { "type": "MultiLineString", "coordinates": [ [ [ 13.13101284, 52.39174202 ], [ 13.13149456, 52.39175735 ] ] ] } },
{ "type": "Feature", "properties": { "id": "b_bauwerke.44554", "dnbr__sdatenid": 44554, "bauwerksart": "FBR", "bauwerksname": "FGS Stahnsdorfer Straße", "okstra_id": "B12ADAF0FE164E4CAA7167D3F87289C7", "bauwerksnummer": "10045a", "sib_bauwerksnummer": "3644003 0" }, "geometry": { "type": "MultiLineString", "coordinates": [ [ [ 13.13095474, 52.39169716 ], [ 13.13152829, 52.39171234 ] ] ] } },
{ "type": "Feature", "properties": { "id": "b_bauwerke.44556", "dnbr__sdatenid": 44556, "bauwerksart": "BR", "bauwerksname": "FGT Bohnsdorf", "okstra_id": "6B6591A5A745451EA0F3E9617E1345ED", "bauwerksnummer": "15066", "sib_bauwerksnummer": "3647001 0" }, "geometry": { "type": "MultiLineString", "coordinates": [ [ [ 13.56126987, 52.39597958 ], [ 13.5613937, 52.39587879 ] ] ] } },
{ "type": "Feature", "properties": { "id": "b_bauwerke.44557", "dnbr__sdatenid": 44557, "bauwerksart": "BR", "bauwerksname": "Schmöckwitzer Brücke", "okstra_id": "44843AD8C61D4613BFD00C8FB0CBC526", "bauwerksnummer": "49643-0010", "sib_bauwerksnummer": "3647004 0" }, "geometry": { "type": "MultiLineString", "coordinates": [ [ [ 13.65291835, 52.37505106 ], [ 13.65409428, 52.37467246 ] ] ] } },
{ "type": "Feature", "properties": { "id": "b_bauwerke.44559", "dnbr__sdatenid": 44559, "bauwerksart": "BR", "bauwerksname": "Gosener Brücke", "okstra_id": "2149A6BC44524AEEAA129651D4F30D90", "bauwerksnummer": "49663-0010", "sib_bauwerksnummer": "3648001 0" }, "geometry": { "type": "MultiLineString", "coordinates": [ [ [ 13.71243558, 52.39798499 ], [ 13.71217873, 52.39822009 ] ] ] } },
{ "type": "Feature", "properties": { "id": "b_bauwerke.44562", "dnbr__sdatenid": 44562, "bauwerksart": "BR", "bauwerksname": "Brücke AS Adlershof, ÜBB Nord", "okstra_id": "5CEF5F2258A84A619A5C05CF196553A5", "bauwerksnummer": "15134", "sib_bauwerksnummer": "3547117 1" }, "geometry": { "type": "MultiLineString", "coordinates": [ [ [ 13.51313267, 52.4283486 ], [ 13.5135797, 52.42830969 ] ] ] } },
{ "type": "Feature", "properties": { "id": "b_bauwerke.44563", "dnbr__sdatenid": 44563, "bauwerksart": "BR", "bauwerksname": "Brücke AS Adlershof, ÜBB Süd", "okstra_id": "34DAAB2B741147A19FD70AB5CB57E930", "bauwerksnummer": "15134", "sib_bauwerksnummer": "3547117 2" }, "geometry": { "type": "MultiLineString", "coordinates": [ [ [ 13.51312905, 52.42822486 ], [ 13.51357608, 52.42818594 ] ] ] } },
{ "type": "Feature", "properties": { "id": "b_bauwerke.44564", "dnbr__sdatenid": 44564, "bauwerksart": "BR", "bauwerksname": "BAB-Brücke über den Teltowkanal", "okstra_id": "9BFCA38F933C4D39BE3787F4C350A8C4", "bauwerksnummer": "15148", "sib_bauwerksnummer": "3547100 1" }, "geometry": { "type": "MultiLineString", "coordinates": [ [ [ 13.51908191, 52.427111 ], [ 13.51947277, 52.42692838 ], [ 13.51975342, 52.42677616 ], [ 13.51996587, 52.42664216 ], [ 13.52017376, 52.42648903 ], [ 13.52040254, 52.42633299 ], [ 13.52055263, 52.4261982 ], [ 13.52069221, 52.42606646 ], [ 13.52078343, 52.42598179 ] ] ] } },
{ "type": "Feature", "properties": { "id": "b_bauwerke.44565", "dnbr__sdatenid": 44565, "bauwerksart": "FBR", "bauwerksname": "Brigittensteg", "okstra_id": "58252D33A49246C4867D3F85A7DA67CA", "bauwerksnummer": "15089", "sib_bauwerksnummer": "3547022 0" }, "geometry": { "type": "MultiLineString", "coordinates": [ [ [ 13.53149866, 52.40045161 ], [ 13.53252182, 52.40032515 ] ] ] } },
{ "type": "Feature", "properties": { "id": "b_bauwerke.44567", "dnbr__sdatenid": 44567, "bauwerksart": "BR", "bauwerksname": "nördl. Falkenberger Brücke", "okstra_id": "A4821F2C29BD49E58882BE22D4CB345F", "bauwerksnummer": "49702-0010", "sib_bauwerksnummer": "3447020A" }, "geometry": { "type": "MultiLineString", "coordinates": [ [ [ 13.51164625, 52.56583204 ], [ 13.51285965, 52.56631331 ] ] ] } },
{ "type": "Feature", "properties": { "id": "b_bauwerke.44569", "dnbr__sdatenid": 44569, "bauwerksart": "BR", "bauwerksname": "Bitterfelder Brücke, ÜBB Süd", "okstra_id": "DB6DC53864984845A9D46FC1DB205BCB", "bauwerksnummer": "49800-0010", "sib_bauwerksnummer": "3447042A1" }, "geometry": { "type": "MultiLineString", "coordinates": [ [ [ 13.54904271, 52.55314158 ], [ 13.55081508, 52.5529573 ] ] ] } },
{ "type": "Feature", "properties": { "id": "b_bauwerke.44570", "dnbr__sdatenid": 44570, "bauwerksart": "BR", "bauwerksname": "Bitterfelder Brücke, Neubau", "okstra_id": "84D6C0FBA6C349EDB419623A3F983BDE", "bauwerksnummer": "21085b", "sib_bauwerksnummer": "3447042A2" }, "geometry": { "type": "MultiLineString", "coordinates": [ [ [ 13.54909021, 52.55323969 ], [ 13.55086258, 52.55305542 ] ] ] } },
{ "type": "Feature", "properties": { "id": "b_bauwerke.44571", "dnbr__sdatenid": 44571, "bauwerksart": "FBR", "bauwerksname": "Viktoriabrücke", "okstra_id": "780D2E05583843A9A69263FA4907274F", "bauwerksnummer": "10030", "sib_bauwerksnummer": "3544010 0" }, "geometry": { "type": "MultiLineString", "coordinates": [ [ [ 13.11280327, 52.42119086 ], [ 13.11303613, 52.42115365 ] ] ] } },
{ "type": "Feature", "properties": { "id": "b_bauwerke.44572", "dnbr__sdatenid": 44572, "bauwerksart": "FBR", "bauwerksname": "Brücke über den Erlenbruch", "okstra_id": "A320B178270C408B9976695C5FD71862", "bauwerksnummer": "10098", "sib_bauwerksnummer": "3544018 0" }, "geometry": { "type": "MultiLineString", "coordinates": [ [ [ 13.1604634, 52.43703595 ], [ 13.1605895, 52.43695077 ] ] ] } },
{ "type": "Feature", "properties": { "id": "b_bauwerke.44573", "dnbr__sdatenid": 44573, "bauwerksart": "BR", "bauwerksname": "Brücke ü.d. Mecklenburgische Straße, Übb1 (ost)", "okstra_id": "D1A4C773219C457AAE60CCF1E5DAC4F9", "bauwerksnummer": "09058", "sib_bauwerksnummer": "3545034 1" }, "geometry": { "type": "MultiLineString", "coordinates": [ [ [ 13.30684316, 52.47759786 ], [ 13.30686122, 52.47687017 ] ] ] } },
{ "type": "Feature", "properties": { "id": "b_bauwerke.44574", "dnbr__sdatenid": 44574, "bauwerksart": "BR", "bauwerksname": "Brücke ü.d. Mecklenburgische Straße, Übb2 (west)", "okstra_id": "D2BF134D8B31490EAB5BE0D88B548AA9", "bauwerksnummer": "09058", "sib_bauwerksnummer": "3545034 2" }, "geometry": { "type": "MultiLineString", "coordinates": [ [ [ 13.30666669, 52.47752635 ], [ 13.30668475, 52.47679866 ] ] ] } },
{ "type": "Feature", "properties": { "id": "b_bauwerke.44576", "dnbr__sdatenid": 44576, "bauwerksart": "BR", "bauwerksname": "Brücke über Albrechtstraße", "okstra_id": "81645F54EF394FEEB80FE0408B8FC8AF", "bauwerksnummer": "12028a", "sib_bauwerksnummer": "3545084A" }, "geometry": { "type": "MultiLineString", "coordinates": [ [ [ 13.323136, 52.45647413 ], [ 13.3228754, 52.45626109 ] ] ] } },
{ "type": "Feature", "properties": { "id": "b_bauwerke.44577", "dnbr__sdatenid": 44577, "bauwerksart": "BR", "bauwerksname": "Brücke ü.d.Kielerstraße u.den Düppelmarkt", "okstra_id": "73715DD46CA5446B86D9242113C631F1", "bauwerksnummer": "12028b", "sib_bauwerksnummer": "3545084B" }, "geometry": { "type": "MultiLineString", "coordinates": [ [ [ 13.32313433, 52.45646697 ], [ 13.32401111, 52.45716929 ] ] ] } },
{ "type": "Feature", "properties": { "id": "b_bauwerke.44579", "dnbr__sdatenid": 44579, "bauwerksart": "BR", "bauwerksname": "Kreuzungsbauwerk Schmargendorf, Übb1", "okstra_id": "8B80F8A9F91143ED9A04A00120677EA7", "bauwerksnummer": "09068", "sib_bauwerksnummer": "3545154 1" }, "geometry": { "type": "MultiLineString", "coordinates": [ [ [ 13.30560912, 52.48385609 ], [ 13.30616963, 52.48340804 ], [ 13.30651882, 52.48317326 ], [ 13.30698081, 52.48293358 ], [ 13.30732748, 52.48278938 ], [ 13.30785488, 52.48260875 ], [ 13.30859951, 52.48238066 ] ] ] } },
{ "type": "Feature", "properties": { "id": "b_bauwerke.44580", "dnbr__sdatenid": 44580, "bauwerksart": "BR", "bauwerksname": "Kreuzungsbauwerk Schmargendorf, Übb2", "okstra_id": "D59F8278693D4587855D3EA6BBD2C192", "bauwerksnummer": "09068", "sib_bauwerksnummer": "3545154 2" }, "geometry": { "type": "MultiLineString", "coordinates": [ [ [ 13.30551148, 52.48375124 ], [ 13.306072, 52.48330319 ], [ 13.30642118, 52.48306841 ], [ 13.30688317, 52.48282874 ], [ 13.30722984, 52.48268453 ], [ 13.30775724, 52.48250391 ], [ 13.30850187, 52.48227581 ] ] ] } },
{ "type": "Feature", "properties": { "id": "b_bauwerke.44583", "dnbr__sdatenid": 44583, "bauwerksart": "BR", "bauwerksname": "Rampenbrücke Ausfahrt Friedenauer Brücke", "okstra_id": "84448EFB1CA74FCBA7A8BC70D991B8F9", "bauwerksnummer": "11020", "sib_bauwerksnummer": "3546050 0" }, "geometry": { "type": "MultiLineString", "coordinates": [ [ [ 13.33771999, 52.46729355 ], [ 13.33838929, 52.46783168 ] ] ] } },
{ "type": "Feature", "properties": { "id": "b_bauwerke.44584", "dnbr__sdatenid": 44584, "bauwerksart": "BR", "bauwerksname": "Schloßalleebrücke", "okstra_id": "A045BEB8048E4B799C34D068A85C1B33", "bauwerksnummer": "19202", "sib_bauwerksnummer": "3446240 0" }, "geometry": { "type": "MultiLineString", "coordinates": [ [ [ 13.42936553, 52.58309313 ], [ 13.42993821, 52.58310447 ] ] ] } },
{ "type": "Feature", "properties": { "id": "b_bauwerke.44585", "dnbr__sdatenid": 44585, "bauwerksart": "BR", "bauwerksname": "Altentrepower Brücke", "okstra_id": "8D5E71F6B9414212AFC7823EB5DF2F35", "bauwerksnummer": "23007", "sib_bauwerksnummer": "3447058 0" }, "geometry": { "type": "MultiLineString", "coordinates": [ [ [ 13.57385647, 52.51314788 ], [ 13.57444896, 52.51315396 ] ] ] } },
{ "type": "Feature", "properties": { "id": "b_bauwerke.44586", "dnbr__sdatenid": 44586, "bauwerksart": "FBR", "bauwerksname": "FGB Sachsendammsteg und Treppe", "okstra_id": "79E7DE5BD8F24FA8AB1DA9EB59676722", "bauwerksnummer": "11083", "sib_bauwerksnummer": "3546278A" }, "geometry": { "type": "MultiLineString", "coordinates": [ [ [ 13.36400413, 52.47422605 ], [ 13.36390468, 52.4740189 ], [ 13.36365649, 52.47388344 ], [ 13.36368685, 52.4736424 ], [ 13.36362684, 52.47352738 ], [ 13.36363596, 52.47354416 ] ] ] } },
{ "type": "Feature", "properties": { "id": "b_bauwerke.44588", "dnbr__sdatenid": 44588, "bauwerksart": "BR", "bauwerksname": "Schwanenwerder Brücke", "okstra_id": "B7291D8B58F04C5B9ABAAA689E186017", "bauwerksnummer": "07407-0010", "sib_bauwerksnummer": "3545059 0" }, "geometry": { "type": "MultiLineString", "coordinates": [ [ [ 13.17544194, 52.44537664 ], [ 13.17568775, 52.4453363 ] ] ] } },
{ "type": "Feature", "properties": { "id": "b_bauwerke.44589", "dnbr__sdatenid": 44589, "bauwerksart": "BR", "bauwerksname": "Borussenbrücke", "okstra_id": "6443A64031554B8F9CC95E1FD56494CB", "bauwerksnummer": "07251-0010", "sib_bauwerksnummer": "3545063 0" }, "geometry": { "type": "MultiLineString", "coordinates": [ [ [ 13.19137379, 52.43018464 ], [ 13.1919982, 52.43037836 ] ] ] } },
{ "type": "Feature", "properties": { "id": "b_bauwerke.44590", "dnbr__sdatenid": 44590, "bauwerksart": "BR", "bauwerksname": "Königswegbrücke", "okstra_id": "B1683A55D3AA48A3B7CB8967278675FB", "bauwerksnummer": "07316-0010", "sib_bauwerksnummer": "3545119 0" }, "geometry": { "type": "MultiLineString", "coordinates": [ [ [ 13.19670207, 52.41539499 ], [ 13.19749217, 52.41562795 ] ] ] } },
{ "type": "Feature", "properties": { "id": "b_bauwerke.44592", "dnbr__sdatenid": 44592, "bauwerksart": "FBR", "bauwerksname": "Trabener Steg", "okstra_id": "DC9F86A90D134DE1B7A0D7ABA1BA5A33", "bauwerksnummer": "07452-0010", "sib_bauwerksnummer": "3545022 0" }, "geometry": { "type": "MultiLineString", "coordinates": [ [ [ 13.28215851, 52.49735745 ], [ 13.28322178, 52.49776999 ] ] ] } },
{ "type": "Feature", "properties": { "id": "b_bauwerke.44593", "dnbr__sdatenid": 44593, "bauwerksart": "BR", "bauwerksname": "Lichtensteinbrücke", "okstra_id": "F0942462B4304175800F8E5832110EAA", "bauwerksnummer": "09015-0020", "sib_bauwerksnummer": "3446152 2" }, "geometry": { "type": "MultiLineString", "coordinates": [ [ [ 13.34334133, 52.50920146 ], [ 13.3428648, 52.50886602 ] ] ] } },
{ "type": "Feature", "properties": { "id": "b_bauwerke.44594", "dnbr__sdatenid": 44594, "bauwerksart": "BR", "bauwerksname": "Hohenzollerndammbrücke, ÜBB1 Südost", "okstra_id": "9717F1B2D94B41CF926B5CF5FBC9416E", "bauwerksnummer": "07307-0010", "sib_bauwerksnummer": "3545130 1" }, "geometry": { "type": "MultiLineString", "coordinates": [ [ [ 13.30001186, 52.48754954 ], [ 13.30062748, 52.48784288 ] ] ] } },
{ "type": "Feature", "properties": { "id": "b_bauwerke.44595", "dnbr__sdatenid": 44595, "bauwerksart": "BR", "bauwerksname": "Hohenzollerndammbrücke, ÜBB2 Nordwest", "okstra_id": "B724C2979FCB4BC49719E478170278E4", "bauwerksnummer": "09005b", "sib_bauwerksnummer": "3545130 2" }, "geometry": { "type": "MultiLineString", "coordinates": [ [ [ 13.29983682, 52.48766442 ], [ 13.30045244, 52.48795777 ] ] ] } },
{ "type": "Feature", "properties": { "id": "b_bauwerke.44596", "dnbr__sdatenid": 44596, "bauwerksart": "BR", "bauwerksname": "Werdauer-Weg-Brücke", "okstra_id": "4AA9AEA7A3534CADAAA0C3CD6A668E05", "bauwerksnummer": "07486-0010", "sib_bauwerksnummer": "3546053 0" }, "geometry": { "type": "MultiLineString", "coordinates": [ [ [ 13.34911578, 52.47570307 ], [ 13.34831884, 52.47503299 ] ] ] } },
{ "type": "Feature", "properties": { "id": "b_bauwerke.44599", "dnbr__sdatenid": 44599, "bauwerksart": "BR", "bauwerksname": "Hobrechtsfelder-Chaussee-Brücke", "okstra_id": "C4ABBDC5C4B940939F606CCFC8F90A68", "bauwerksnummer": "49745-0010", "sib_bauwerksnummer": "3446048 0" }, "geometry": { "type": "MultiLineString", "coordinates": [ [ [ 13.46406542, 52.62977244 ], [ 13.46379913, 52.6294935 ] ] ] } },
{ "type": "Feature", "properties": { "id": "b_bauwerke.44602", "dnbr__sdatenid": 44602, "bauwerksart": "BR", "bauwerksname": "Mörschbrücke über den ehem. Nonnendamm", "okstra_id": "FB9F9517AF054604825EE914CE570FF7", "bauwerksnummer": "07002b", "sib_bauwerksnummer": "3445015B" }, "geometry": { "type": "MultiLineString", "coordinates": [ [ [ 13.29420268, 52.5332927 ], [ 13.29445823, 52.53289683 ] ] ] } },
{ "type": "Feature", "properties": { "id": "b_bauwerke.44604", "dnbr__sdatenid": 44604, "bauwerksart": "FBR", "bauwerksname": "Lietzenseesteg", "okstra_id": "DA600F71A1CC4E64866CF3D60B2648D8", "bauwerksnummer": "17488-0010", "sib_bauwerksnummer": "3445033B" }, "geometry": { "type": "MultiLineString", "coordinates": [ [ [ 13.28814404, 52.50673943 ], [ 13.28802713, 52.50646238 ] ] ] } },
{ "type": "Feature", "properties": { "id": "b_bauwerke.44605", "dnbr__sdatenid": 44605, "bauwerksart": "BR", "bauwerksname": "Spundwand Rognitzstraße II/Wendeplatte", "okstra_id": "A03B8B53293A450A9A87B12E725823DD", "bauwerksnummer": "07035b", "sib_bauwerksnummer": "3445039B2" }, "geometry": { "type": "MultiLineString", "coordinates": [ [ [ 13.28534054, 52.51198585 ], [ 13.28530307, 52.51159635 ] ] ] } },
{ "type": "Feature", "properties": { "id": "b_bauwerke.44607", "dnbr__sdatenid": 44607, "bauwerksart": "BR", "bauwerksname": "Kastenbauwerk im Anschl.a.d.Westendbrücke", "okstra_id": "95B39E39C660464D9334922C5A9E6F6E", "bauwerksnummer": "07037", "sib_bauwerksnummer": "3445041A" }, "geometry": { "type": "MultiLineString", "coordinates": [ [ [ 13.28430488, 52.51672875 ], [ 13.28400138, 52.51711211 ] ] ] } },
{ "type": "Feature", "properties": { "id": "b_bauwerke.44609", "dnbr__sdatenid": 44609, "bauwerksart": "BR", "bauwerksname": "Westl. Avusbrücke, Übb 1 (FR Charlottenburg)", "okstra_id": "9BAF701B82E14385AA9C2F64C360ED21", "bauwerksnummer": "07069", "sib_bauwerksnummer": "3445071 1" }, "geometry": { "type": "MultiLineString", "coordinates": [ [ [ 13.2722096, 52.49805805 ], [ 13.27256696, 52.49833532 ] ] ] } },
{ "type": "Feature", "properties": { "id": "b_bauwerke.44610", "dnbr__sdatenid": 44610, "bauwerksart": "BR", "bauwerksname": "Westl. Avusbrücke, Übb 2 (Mittelstreifen)", "okstra_id": "B3BCC29BF0CB4CBF9F3FBE5AA13F5F04", "bauwerksnummer": "07069", "sib_bauwerksnummer": "3445071 2" }, "geometry": { "type": "MultiLineString", "coordinates": [ [ [ 13.27205988, 52.49809868 ], [ 13.27239282, 52.49835571 ] ] ] } },
{ "type": "Feature", "properties": { "id": "b_bauwerke.44611", "dnbr__sdatenid": 44611, "bauwerksart": "BR", "bauwerksname": "Westl. Avusbrücke, Übb 3 (FR Wannsee)", "okstra_id": "0C33C19215B04587BEB92BB7BF4E8C3B", "bauwerksnummer": "07069", "sib_bauwerksnummer": "3445071 3" }, "geometry": { "type": "MultiLineString", "coordinates": [ [ [ 13.27187492, 52.49814356 ], [ 13.27225248, 52.49842884 ] ] ] } },
{ "type": "Feature", "properties": { "id": "b_bauwerke.44612", "dnbr__sdatenid": 44612, "bauwerksart": "BPA", "bauwerksname": "Nördl. Holzbr. im Park Ruhwald", "okstra_id": "81AD01666773428B898C734DD0E101B9", "bauwerksnummer": "17493-0010", "sib_bauwerksnummer": "3445075 0" }, "geometry": { "type": "MultiLineString", "coordinates": [ [ [ 13.25995223, 52.52528756 ], [ 13.26025296, 52.52526872 ] ] ] } },
{ "type": "Feature", "properties": { "id": "b_bauwerke.44613", "dnbr__sdatenid": 44613, "bauwerksart": "BPA", "bauwerksname": "Südl. Holzbr. Im Park Ruhwald", "okstra_id": "4FE8285E24FF4ED3BABEC13756CECCD4", "bauwerksnummer": "17492-0010", "sib_bauwerksnummer": "3445179 0" }, "geometry": { "type": "MultiLineString", "coordinates": [ [ [ 13.25977472, 52.52489006 ], [ 13.26002214, 52.52490341 ] ] ] } },
{ "type": "Feature", "properties": { "id": "b_bauwerke.44614", "dnbr__sdatenid": 44614, "bauwerksart": "BR", "bauwerksname": "Eiswerderbrücke (Westl.)", "okstra_id": "37307783ACD942EEBBF38765B07E54F1", "bauwerksnummer": "07252-0010", "sib_bauwerksnummer": "3445129 0" }, "geometry": { "type": "MultiLineString", "coordinates": [ [ [ 13.21574288, 52.54702741 ], [ 13.21274553, 52.54737609 ] ] ] } },
{ "type": "Feature", "properties": { "id": "b_bauwerke.44617", "dnbr__sdatenid": 44617, "bauwerksart": "BR", "bauwerksname": "Gartenfelder Brücke, ÜBB Ost", "okstra_id": "9603F6C676984BFC83FFCEF22572BCF2", "bauwerksnummer": "08006a", "sib_bauwerksnummer": "3445162 1" }, "geometry": { "type": "MultiLineString", "coordinates": [ [ [ 13.24774126, 52.54774261 ], [ 13.24775571, 52.54746467 ] ] ] } },
{ "type": "Feature", "properties": { "id": "b_bauwerke.44619", "dnbr__sdatenid": 44619, "bauwerksart": "BR", "bauwerksname": "Straßenbrücke VI ü.d.Pulvermühlengraben", "okstra_id": "24DE481A45824E6B8F42D8C0DC5923FD", "bauwerksnummer": "08110", "sib_bauwerksnummer": "3445217 0" }, "geometry": { "type": "MultiLineString", "coordinates": [ [ [ 13.22542493, 52.54647045 ], [ 13.22536804, 52.54634119 ] ] ] } },
{ "type": "Feature", "properties": { "id": "b_bauwerke.44625", "dnbr__sdatenid": 44625, "bauwerksart": "BR", "bauwerksname": "Jannowitzbrücke", "okstra_id": "19C71E6B33604F798797A0B7587400CF", "bauwerksnummer": "17004-0010", "sib_bauwerksnummer": "3446033A" }, "geometry": { "type": "MultiLineString", "coordinates": [ [ [ 13.41788173, 52.5146413 ], [ 13.41770765, 52.51388189 ] ] ] } },
{ "type": "Feature", "properties": { "id": "b_bauwerke.44631", "dnbr__sdatenid": 44631, "bauwerksart": "BR", "bauwerksname": "Potsdamer Brücke, ÜBB 2", "okstra_id": "E770AF136FB6497C95CAF46B90B0D85B", "bauwerksnummer": "02029", "sib_bauwerksnummer": "3446063A2" }, "geometry": { "type": "MultiLineString", "coordinates": [ [ [ 13.36831439, 52.50621828 ], [ 13.36809957, 52.50586086 ] ] ] } },
{ "type": "Feature", "properties": { "id": "b_bauwerke.44634", "dnbr__sdatenid": 44634, "bauwerksart": "BR", "bauwerksname": "Brücke über den Wasserfall", "okstra_id": "67E8461ADBCC4A39AE689F993DFAF48A", "bauwerksnummer": "20200", "sib_bauwerksnummer": "3445159 0" }, "geometry": { "type": "MultiLineString", "coordinates": [ [ [ 13.30892105, 52.5981055 ], [ 13.30900634, 52.59814664 ] ] ] } },
{ "type": "Feature", "properties": { "id": "b_bauwerke.44635", "dnbr__sdatenid": 44635, "bauwerksart": "BR", "bauwerksname": "Brücke Südring über NME - Verbreiterung, FR Ost", "okstra_id": "EF166AA379274CFB9641B146A274EA23", "bauwerksnummer": "13060c", "sib_bauwerksnummer": "3546100 5" }, "geometry": { "type": "MultiLineString", "coordinates": [ [ [ 13.41125112, 52.46096668 ], [ 13.41225546, 52.46081721 ] ] ] } },
{ "type": "Feature", "properties": { "id": "b_bauwerke.44636", "dnbr__sdatenid": 44636, "bauwerksart": "BR", "bauwerksname": "Brücke Südring über NME - Verbreiterung, FR West", "okstra_id": "E58258FEB44D42F189BF60C21B44ADD9", "bauwerksnummer": "13060d", "sib_bauwerksnummer": "3546100 4" }, "geometry": { "type": "MultiLineString", "coordinates": [ [ [ 13.41132696, 52.46124008 ], [ 13.4121295, 52.46112478 ] ] ] } },
{ "type": "Feature", "properties": { "id": "b_bauwerke.44637", "dnbr__sdatenid": 44637, "bauwerksart": "BR", "bauwerksname": "Avusbrücke am Jagen 65/66-41/42, ÜBB 1", "okstra_id": "59AF422D0AC344509A7407DC5D27DBEB", "bauwerksnummer": "10094", "sib_bauwerksnummer": "3545066 1" }, "geometry": { "type": "MultiLineString", "coordinates": [ [ [ 13.22687728, 52.46171765 ], [ 13.22713187, 52.46192272 ] ] ] } },
{ "type": "Feature", "properties": { "id": "b_bauwerke.44638", "dnbr__sdatenid": 44638, "bauwerksart": "BR", "bauwerksname": "Avusbrücke am Jagen 65/66-41/42, ÜBB 2", "okstra_id": "CA26266F2D8C4E5BAE0898DDBF3DBBCD", "bauwerksnummer": "10094", "sib_bauwerksnummer": "3545066 2" }, "geometry": { "type": "MultiLineString", "coordinates": [ [ [ 13.22693931, 52.46169066 ], [ 13.2271939, 52.46189573 ] ] ] } },
{ "type": "Feature", "properties": { "id": "b_bauwerke.44640", "dnbr__sdatenid": 44640, "bauwerksart": "BR", "bauwerksname": "Avusbrücke am Jagen 65/66-41/42, ÜBB 4", "okstra_id": "89F4C4A335744663B040F43226035908", "bauwerksnummer": "10094", "sib_bauwerksnummer": "3545066 4" }, "geometry": { "type": "MultiLineString", "coordinates": [ [ [ 13.22712605, 52.46159342 ], [ 13.22738064, 52.46179849 ] ] ] } },
{ "type": "Feature", "properties": { "id": "b_bauwerke.44641", "dnbr__sdatenid": 44641, "bauwerksart": "BR", "bauwerksname": "Avusbrücke am Jagen 65/66-41/42, ÜBB 5", "okstra_id": "82E042FA6FEB4B47B04621916791F8D4", "bauwerksnummer": "10094", "sib_bauwerksnummer": "3545066 5" }, "geometry": { "type": "MultiLineString", "coordinates": [ [ [ 13.22719602, 52.46155841 ], [ 13.22745061, 52.46176348 ] ] ] } },
{ "type": "Feature", "properties": { "id": "b_bauwerke.44642", "dnbr__sdatenid": 44642, "bauwerksart": "BR", "bauwerksname": "Avusbrücke am Fischerhüttenweg, ÜBB 1", "okstra_id": "648FBA50D265479A96583436D890B6C6", "bauwerksnummer": "10093", "sib_bauwerksnummer": "3545065 1" }, "geometry": { "type": "MultiLineString", "coordinates": [ [ [ 13.21666683, 52.45364669 ], [ 13.21691638, 52.45384627 ] ] ] } },
{ "type": "Feature", "properties": { "id": "b_bauwerke.44643", "dnbr__sdatenid": 44643, "bauwerksart": "BR", "bauwerksname": "Avusbrücke am Fischerhüttenweg, ÜBB 2", "okstra_id": "FC1B527A285F41819D6549A17826DC9B", "bauwerksnummer": "10093", "sib_bauwerksnummer": "3545065 2" }, "geometry": { "type": "MultiLineString", "coordinates": [ [ [ 13.21674307, 52.45360939 ], [ 13.21699261, 52.45380898 ] ] ] } },
{ "type": "Feature", "properties": { "id": "b_bauwerke.44644", "dnbr__sdatenid": 44644, "bauwerksart": "BR", "bauwerksname": "Avusbrücke am Fischerhüttenweg, ÜBB 3", "okstra_id": "7F40E2FEBFEB4F0889E926EF16C84B31", "bauwerksnummer": "10093", "sib_bauwerksnummer": "3545065 3" }, "geometry": { "type": "MultiLineString", "coordinates": [ [ [ 13.21682529, 52.45356979 ], [ 13.21707484, 52.45376937 ] ] ] } },
{ "type": "Feature", "properties": { "id": "b_bauwerke.44645", "dnbr__sdatenid": 44645, "bauwerksart": "BR", "bauwerksname": "Avusbrücke am Fischerhüttenweg, ÜBB 4", "okstra_id": "62B2F76EFBE24BA5848857D8B211B671", "bauwerksnummer": "10093", "sib_bauwerksnummer": "3545065 4" }, "geometry": { "type": "MultiLineString", "coordinates": [ [ [ 13.21692771, 52.45351727 ], [ 13.21717725, 52.45371685 ] ] ] } },
{ "type": "Feature", "properties": { "id": "b_bauwerke.44646", "dnbr__sdatenid": 44646, "bauwerksart": "BR", "bauwerksname": "Avusbrücke am Fischerhüttenweg, ÜBB 5", "okstra_id": "573D4C9BD9AF45DD80FB6B58A9BB2DE3", "bauwerksnummer": "10093", "sib_bauwerksnummer": "3545065 5" }, "geometry": { "type": "MultiLineString", "coordinates": [ [ [ 13.21698404, 52.45348568 ], [ 13.21723359, 52.45368527 ] ] ] } },
{ "type": "Feature", "properties": { "id": "b_bauwerke.44647", "dnbr__sdatenid": 44647, "bauwerksart": "BR", "bauwerksname": "Avusbrücke vor der Havelchaussee, ÜBB 1", "okstra_id": "8FFFBF69371C42419F4B1BB47B2A0B4B", "bauwerksnummer": "10092", "sib_bauwerksnummer": "3545064 1" }, "geometry": { "type": "MultiLineString", "coordinates": [ [ [ 13.20047363, 52.44082977 ], [ 13.20076475, 52.44105762 ] ] ] } },
{ "type": "Feature", "properties": { "id": "b_bauwerke.44648", "dnbr__sdatenid": 44648, "bauwerksart": "BR", "bauwerksname": "Avusbrücke vor der Havelchaussee, ÜBB 2", "okstra_id": "55EFECD1EB57494AA6A0AE39FD2E3189", "bauwerksnummer": "10092", "sib_bauwerksnummer": "3545064 2" }, "geometry": { "type": "MultiLineString", "coordinates": [ [ [ 13.20054776, 52.44078414 ], [ 13.20083888, 52.44101199 ] ] ] } },
{ "type": "Feature", "properties": { "id": "b_bauwerke.44649", "dnbr__sdatenid": 44649, "bauwerksart": "BR", "bauwerksname": "Avusbrücke vor der Havelchaussee, ÜBB 3", "okstra_id": "30485855500C45DAB285033322851814", "bauwerksnummer": "10092", "sib_bauwerksnummer": "3545064 3" }, "geometry": { "type": "MultiLineString", "coordinates": [ [ [ 13.20061983, 52.44075406 ], [ 13.20091096, 52.44098191 ] ] ] } },
{ "type": "Feature", "properties": { "id": "b_bauwerke.44650", "dnbr__sdatenid": 44650, "bauwerksart": "BR", "bauwerksname": "Avusbrücke vor der Havelchaussee, ÜBB 4", "okstra_id": "3DD32F7F53FC4E6791BC3F081914B0BB", "bauwerksnummer": "10092", "sib_bauwerksnummer": "3545064 4" }, "geometry": { "type": "MultiLineString", "coordinates": [ [ [ 13.20073718, 52.4406909 ], [ 13.20102831, 52.44091875 ] ] ] } },
{ "type": "Feature", "properties": { "id": "b_bauwerke.44651", "dnbr__sdatenid": 44651, "bauwerksart": "BR", "bauwerksname": "Avusbrücke vor der Havelchaussee, ÜBB 5", "okstra_id": "905546E978D34B458A6E3C1FDAE5A206", "bauwerksnummer": "10092", "sib_bauwerksnummer": "3545064 5" }, "geometry": { "type": "MultiLineString", "coordinates": [ [ [ 13.20073718, 52.4406909 ], [ 13.20102831, 52.44091875 ] ] ] } },
{ "type": "Feature", "properties": { "id": "b_bauwerke.44654", "dnbr__sdatenid": 44654, "bauwerksart": "BR", "bauwerksname": "Onkel-Tom-Straßen-Brücke, ÜBB 1", "okstra_id": "A65EB0439BF44773886E69C7E995525D", "bauwerksnummer": "07368-0010", "sib_bauwerksnummer": "3545054 1" }, "geometry": { "type": "MultiLineString", "coordinates": [ [ [ 13.25134217, 52.44940135 ], [ 13.25144742, 52.44920189 ] ] ] } },
{ "type": "Feature", "properties": { "id": "b_bauwerke.44655", "dnbr__sdatenid": 44655, "bauwerksart": "BR", "bauwerksname": "Onkel-Tom-Straßen-Brücke, ÜBB 2", "okstra_id": "C339180A1CEE43E8AACEA12FCA991094", "bauwerksnummer": "10050", "sib_bauwerksnummer": "3545054 2" }, "geometry": { "type": "MultiLineString", "coordinates": [ [ [ 13.25154986, 52.44946628 ], [ 13.2516551, 52.44926681 ] ] ] } },
{ "type": "Feature", "properties": { "id": "b_bauwerke.44656", "dnbr__sdatenid": 44656, "bauwerksart": "BR", "bauwerksname": "Schönhauser-Allee-Brücke,Gewölbeteil", "okstra_id": "82CC6AB5A34D41BF91E154DE3ADB954E", "bauwerksnummer": "49553-0010", "sib_bauwerksnummer": "3446171A1" }, "geometry": { "type": "MultiLineString", "coordinates": [ [ [ 13.41385031, 52.54956617 ], [ 13.41382903, 52.54945289 ] ] ] } },
{ "type": "Feature", "properties": { "id": "b_bauwerke.44657", "dnbr__sdatenid": 44657, "bauwerksart": "BR", "bauwerksname": "Schönhauser-Allee-Brücke,nordwestl. 1-Feldsystem", "okstra_id": "B43CEFA2C25D42E380F1C679F04BCCE3", "bauwerksnummer": "04004", "sib_bauwerksnummer": "3446171A2" }, "geometry": { "type": "MultiLineString", "coordinates": [ [ [ 13.41365082, 52.54957896 ], [ 13.41362954, 52.54946568 ] ] ] } },
{ "type": "Feature", "properties": { "id": "b_bauwerke.44661", "dnbr__sdatenid": 44661, "bauwerksart": "BR", "bauwerksname": "U-Bahnüberbauung Lichtenberg", "okstra_id": "E429D83BA20946CF800E5093C1773D45", "bauwerksnummer": "17003", "sib_bauwerksnummer": "3446252A" }, "geometry": { "type": "MultiLineString", "coordinates": [ [ [ 13.49683201, 52.51149616 ], [ 13.49709528, 52.5114733 ] ] ] } },
{ "type": "Feature", "properties": { "id": "b_bauwerke.44662", "dnbr__sdatenid": 44662, "bauwerksart": "BR", "bauwerksname": "südl.U-Bahnüberbaug.Lichtenbg.", "okstra_id": "CF9C9A10A8694C6794E9F08C95930FF9", "bauwerksnummer": "17003a", "sib_bauwerksnummer": "3446252B" }, "geometry": { "type": "MultiLineString", "coordinates": [ [ [ 13.49605716, 52.51156307 ], [ 13.49638722, 52.51153473 ] ] ] } },
{ "type": "Feature", "properties": { "id": "b_bauwerke.44663", "dnbr__sdatenid": 44663, "bauwerksart": "BR", "bauwerksname": "Stützbauwerk am Nikolassee", "okstra_id": "0E6B474EE22D4D5FA06F8406215D9421", "bauwerksnummer": "10024", "sib_bauwerksnummer": "3545048 0" }, "geometry": { "type": "MultiLineString", "coordinates": [ [ [ 13.19304342, 52.42500564 ], [ 13.19387217, 52.42452371 ], [ 13.19418534, 52.42431653 ], [ 13.1945216, 52.42405831 ], [ 13.19470745, 52.4238813 ], [ 13.19488201, 52.42372338 ], [ 13.1951256, 52.42341878 ] ] ] } },
{ "type": "Feature", "properties": { "id": "b_bauwerke.44665", "dnbr__sdatenid": 44665, "bauwerksart": "BR", "bauwerksname": "1.östlicher Durchlass Straße des 17.Juni", "okstra_id": "C109C6C94799438AA8BE67F24D968340", "bauwerksnummer": "02119", "sib_bauwerksnummer": "3446094 1" }, "geometry": { "type": "MultiLineString", "coordinates": [ [ [ 13.35342982, 52.51446429 ], [ 13.35350069, 52.51446694 ] ] ] } },
{ "type": "Feature", "properties": { "id": "b_bauwerke.44667", "dnbr__sdatenid": 44667, "bauwerksart": "BR", "bauwerksname": "1.östlicher Durchlass Straße des 17.Juni", "okstra_id": "6A7B7A9659A643B6B4AFE36B4DAF8A3B", "bauwerksnummer": "02119", "sib_bauwerksnummer": "3446094 3" }, "geometry": { "type": "MultiLineString", "coordinates": [ [ [ 13.35336925, 52.51466078 ], [ 13.35346455, 52.5146671 ] ] ] } },
{ "type": "Feature", "properties": { "id": "b_bauwerke.44668", "dnbr__sdatenid": 44668, "bauwerksart": "BR", "bauwerksname": "1.östlicher Durchlass Straße des 17.Juni", "okstra_id": "3BA43650B31E469B920CA044627FC7BC", "bauwerksnummer": "02119", "sib_bauwerksnummer": "3446094 4" }, "geometry": { "type": "MultiLineString", "coordinates": [ [ [ 13.3533107, 52.51476654 ], [ 13.353406, 52.51477286 ] ] ] } },
{ "type": "Feature", "properties": { "id": "b_bauwerke.44670", "dnbr__sdatenid": 44670, "bauwerksart": "BR", "bauwerksname": "Durchlass Hofjägerallee", "okstra_id": "ECCAB555B2ED49D39C4124A194A4CB12", "bauwerksnummer": "02125", "sib_bauwerksnummer": "3446100 1" }, "geometry": { "type": "MultiLineString", "coordinates": [ [ [ 13.35117848, 52.50991477 ], [ 13.35120342, 52.50983186 ] ] ] } },
{ "type": "Feature", "properties": { "id": "b_bauwerke.44671", "dnbr__sdatenid": 44671, "bauwerksart": "BR", "bauwerksname": "Durchlass Hofjägerallee", "okstra_id": "C78E5C9232764AFA8E3078B023670415", "bauwerksnummer": "02125", "sib_bauwerksnummer": "3446100 2" }, "geometry": { "type": "MultiLineString", "coordinates": [ [ [ 13.3513579, 52.50993393 ], [ 13.35138283, 52.50985101 ] ] ] } },
{ "type": "Feature", "properties": { "id": "b_bauwerke.44675", "dnbr__sdatenid": 44675, "bauwerksart": "TU", "bauwerksname": "Glienicker Tunnel", "okstra_id": "6D91000C91824559904F7EF9326C2BF0", "bauwerksnummer": "10061", "sib_bauwerksnummer": "3544015 0" }, "geometry": { "type": "MultiLineString", "coordinates": [ [ [ 13.09229851, 52.41348071 ], [ 13.09265692, 52.41347779 ] ], [ [ 13.16313454, 52.45942959 ], [ 13.16303858, 52.4593248 ] ] ] } },
{ "type": "Feature", "properties": { "id": "b_bauwerke.44676", "dnbr__sdatenid": 44676, "bauwerksart": "BR", "bauwerksname": "Riemeisterstraßenbrücke", "okstra_id": "B1B89DDE4229467BB51E911F226F45DE", "bauwerksnummer": "10049", "sib_bauwerksnummer": "3545053 2" }, "geometry": { "type": "MultiLineString", "coordinates": [ [ [ 13.25454282, 52.45040717 ], [ 13.25473436, 52.45019389 ] ] ] } },
{ "type": "Feature", "properties": { "id": "b_bauwerke.44679", "dnbr__sdatenid": 44679, "bauwerksart": "BR", "bauwerksname": "Rodelbahnbrücke", "okstra_id": "D327A32C59A24CF48CF98F61B7BC421A", "bauwerksnummer": "13005", "sib_bauwerksnummer": "3546069 0" }, "geometry": { "type": "MultiLineString", "coordinates": [ [ [ 13.36673908, 52.45324817 ], [ 13.36697383, 52.4532181 ] ] ] } },
{ "type": "Feature", "properties": { "id": "b_bauwerke.44680", "dnbr__sdatenid": 44680, "bauwerksart": "BR", "bauwerksname": "Brücke Planstraße BND", "okstra_id": "47B84E111FF04214963741447EFF7ECD", "bauwerksnummer": "01018", "sib_bauwerksnummer": "3446149 0" }, "geometry": { "type": "MultiLineString", "coordinates": [ [ [ 13.37315375, 52.53507688 ], [ 13.37338813, 52.53516336 ] ] ] } },
{ "type": "Feature", "properties": { "id": "b_bauwerke.44681", "dnbr__sdatenid": 44681, "bauwerksart": "FBR", "bauwerksname": "Wiltbergstraßenbrücke", "okstra_id": "93A39050EC5B46AA97EB2D60948B3D8B", "bauwerksnummer": "00053-0010", "sib_bauwerksnummer": "3346013 0" }, "geometry": { "type": "MultiLineString", "coordinates": [ [ [ 13.49491558, 52.63567055 ], [ 13.49513476, 52.63557986 ] ] ] } },
{ "type": "Feature", "properties": { "id": "b_bauwerke.44682", "dnbr__sdatenid": 44682, "bauwerksart": "BR", "bauwerksname": "Halenseestraßenbrücke", "okstra_id": "41D895185AE2474A999953BD1858D2E3", "bauwerksnummer": "07296-0030", "sib_bauwerksnummer": "3445113 0" }, "geometry": { "type": "MultiLineString", "coordinates": [ [ [ 13.27929873, 52.49980021 ], [ 13.27971278, 52.49993688 ], [ 13.28005113, 52.50006893 ], [ 13.28047323, 52.50028905 ], [ 13.28076144, 52.50051611 ], [ 13.28095211, 52.50078887 ] ] ] } },
{ "type": "Feature", "properties": { "id": "b_bauwerke.44683", "dnbr__sdatenid": 44683, "bauwerksart": "BR", "bauwerksname": "Humboldtmühlenbrücke", "okstra_id": "9098C0A3ABA540CDB479BF3B82B3ADF3", "bauwerksnummer": "07312-0020", "sib_bauwerksnummer": "3445230 0" }, "geometry": { "type": "MultiLineString", "coordinates": [ [ [ 13.27978469, 52.59376736 ], [ 13.27999602, 52.59372843 ] ] ] } },
{ "type": "Feature", "properties": { "id": "b_bauwerke.44684", "dnbr__sdatenid": 44684, "bauwerksart": "BR", "bauwerksname": "westl. Durchlass unter der Straße des 17. Juni", "okstra_id": "EA72B90C1BCC4E759D6E84A6D8B06D54", "bauwerksnummer": "02132", "sib_bauwerksnummer": "3446104 0" }, "geometry": { "type": "MultiLineString", "coordinates": [ [ [ 13.34196403, 52.5139547 ], [ 13.34216597, 52.51397656 ] ] ] } },
{ "type": "Feature", "properties": { "id": "b_bauwerke.44687", "dnbr__sdatenid": 44687, "bauwerksart": "BR", "bauwerksname": "Spandauer-Damm-Brücke ÜBB Nord", "okstra_id": "8ED6FD8F06E7448EBB3B6AD03BA768A2", "bauwerksnummer": "07129", "sib_bauwerksnummer": "3445571 1" }, "geometry": { "type": "MultiLineString", "coordinates": [ [ [ 13.28262584, 52.5186358 ], [ 13.28364505, 52.51870054 ] ] ] } },
{ "type": "Feature", "properties": { "id": "b_bauwerke.44688", "dnbr__sdatenid": 44688, "bauwerksart": "BR", "bauwerksname": "Brücke über den Tegeler Weg ÜBB3", "okstra_id": "F32797B60FC843D4969582BE82315B43", "bauwerksnummer": "07150", "sib_bauwerksnummer": "3445105B1" }, "geometry": { "type": "MultiLineString", "coordinates": [ [ [ 13.29481959, 52.53375796 ], [ 13.29573153, 52.53381774 ], [ 13.29663804, 52.533897 ], [ 13.29756118, 52.5339928 ], [ 13.2989365, 52.53417296 ] ] ] } },
{ "type": "Feature", "properties": { "id": "b_bauwerke.44689", "dnbr__sdatenid": 44689, "bauwerksart": "BR", "bauwerksname": "Brücke über den Tegeler Weg ÜBB2", "okstra_id": "A191A6D90D344360A97834786499ED75", "bauwerksnummer": "07150", "sib_bauwerksnummer": "3445105A2" }, "geometry": { "type": "MultiLineString", "coordinates": [ [ [ 13.29069608, 52.53341926 ], [ 13.29475903, 52.53367057 ] ] ] } },
{ "type": "Feature", "properties": { "id": "b_bauwerke.44690", "dnbr__sdatenid": 44690, "bauwerksart": "BR", "bauwerksname": "Brücke über den Tegeler Weg ÜBB4", "okstra_id": "ED97A527C66C4752BD38DECD8676C157", "bauwerksnummer": "07150", "sib_bauwerksnummer": "3445105B2" }, "geometry": { "type": "MultiLineString", "coordinates": [ [ [ 13.29482401, 52.53364383 ], [ 13.29573595, 52.53370362 ], [ 13.29664246, 52.53378287 ], [ 13.2975656, 52.53387868 ], [ 13.29894091, 52.53405884 ] ] ] } },
{ "type": "Feature", "properties": { "id": "b_bauwerke.44691", "dnbr__sdatenid": 44691, "bauwerksart": "BR", "bauwerksname": "Alsenbrücke", "okstra_id": "D9931FEFFACD4D539620679E07A9DE40", "bauwerksnummer": "07203-0010", "sib_bauwerksnummer": "-" }, "geometry": { "type": "MultiLineString", "coordinates": [ [ [ 13.14364836, 52.4108297 ], [ 13.14391783, 52.41034383 ] ] ] } },
{ "type": "Feature", "properties": { "id": "b_bauwerke.44692", "dnbr__sdatenid": 44692, "bauwerksart": "BR", "bauwerksname": "Brücke Am Steinbergsee", "okstra_id": "59D67197EECE40CCA8EC54C1DB8A7B36", "bauwerksnummer": "07228-0010", "sib_bauwerksnummer": "3445158 0" }, "geometry": { "type": "MultiLineString", "coordinates": [ [ [ 13.31025115, 52.59800196 ], [ 13.31022771, 52.59795551 ] ] ] } },
{ "type": "Feature", "properties": { "id": "b_bauwerke.44694", "dnbr__sdatenid": 44694, "bauwerksart": "BR", "bauwerksname": "Mörschbrücke", "okstra_id": "93B62E126C8A430097B223036AECE6CA", "bauwerksnummer": "07355-0010", "sib_bauwerksnummer": "3445197 0" }, "geometry": { "type": "MultiLineString", "coordinates": [ [ [ 13.29445653, 52.53289946 ], [ 13.29481878, 52.532339 ] ] ] } },
{ "type": "Feature", "properties": { "id": "b_bauwerke.44695", "dnbr__sdatenid": 44695, "bauwerksart": "BR", "bauwerksname": "Potsdamer Brücke, ÜBB 1", "okstra_id": "7E6B4BAD138A4FCC845608E7997F01B4", "bauwerksnummer": "07381-0010", "sib_bauwerksnummer": "3446063A1" }, "geometry": { "type": "MultiLineString", "coordinates": [ [ [ 13.36855739, 52.50618357 ], [ 13.36834429, 52.50583212 ] ] ] } },
{ "type": "Feature", "properties": { "id": "b_bauwerke.44696", "dnbr__sdatenid": 44696, "bauwerksart": "BR", "bauwerksname": "Schloßbrücke", "okstra_id": "6FB4FE2372EB4D2899FA571E1D31C101", "bauwerksnummer": "07398-0010", "sib_bauwerksnummer": "3445026A" }, "geometry": { "type": "MultiLineString", "coordinates": [ [ [ 13.30031889, 52.52219593 ], [ 13.29983525, 52.5213837 ] ] ] } },
{ "type": "Feature", "properties": { "id": "b_bauwerke.44697", "dnbr__sdatenid": 44697, "bauwerksart": "BR", "bauwerksname": "Zitadellenbrücke", "okstra_id": "58F89DE988CE4F0DB541AE1461D74396", "bauwerksnummer": "07477-0010", "sib_bauwerksnummer": "3445130 0" }, "geometry": { "type": "MultiLineString", "coordinates": [ [ [ 13.21280276, 52.53905525 ], [ 13.21301258, 52.53867981 ] ] ] } },
{ "type": "Feature", "properties": { "id": "b_bauwerke.44698", "dnbr__sdatenid": 44698, "bauwerksart": "BR", "bauwerksname": "Elsengrabensteg", "okstra_id": "886DA7768C0E4572B016FC7BCDE02A03", "bauwerksnummer": "08056", "sib_bauwerksnummer": "3445099 0" }, "geometry": { "type": "MultiLineString", "coordinates": [ [ [ 13.16230805, 52.45952181 ], [ 13.16240637, 52.45943229 ] ] ] } },
{ "type": "Feature", "properties": { "id": "b_bauwerke.44699", "dnbr__sdatenid": 44699, "bauwerksart": "BR", "bauwerksname": "Straßenbrücke V ü.d.Pulvermühlengraben", "okstra_id": "5F40F46B24694239A6BFCDFBBEC2DD37", "bauwerksnummer": "08109", "sib_bauwerksnummer": "3445216 0" }, "geometry": { "type": "MultiLineString", "coordinates": [ [ [ 13.22546249, 52.54614177 ], [ 13.22566405, 52.5460987 ] ] ] } },
{ "type": "Feature", "properties": { "id": "b_bauwerke.44700", "dnbr__sdatenid": 44700, "bauwerksart": "FBR", "bauwerksname": "Maselakesteg", "okstra_id": "EDBAE6D3C7A84766B6FF5A4E834CD55F", "bauwerksnummer": "08122", "sib_bauwerksnummer": "3445225 0" }, "geometry": { "type": "MultiLineString", "coordinates": [ [ [ 13.2212126, 52.56221412 ], [ 13.2210921, 52.56182666 ] ] ] } },
{ "type": "Feature", "properties": { "id": "b_bauwerke.44701", "dnbr__sdatenid": 44701, "bauwerksart": "FBR", "bauwerksname": "Brücke ü.d.Aalemannkanal", "okstra_id": "2A753673B81E4EB5ACB70860094FC5DA", "bauwerksnummer": "08135", "sib_bauwerksnummer": "3445565 0" }, "geometry": { "type": "MultiLineString", "coordinates": [ [ [ 13.22120681, 52.57295082 ], [ 13.22114765, 52.5723656 ] ] ] } },
{ "type": "Feature", "properties": { "id": "b_bauwerke.44702", "dnbr__sdatenid": 44702, "bauwerksart": "TU", "bauwerksname": "Tunnel Schlangenbader Str., ÜBB2", "okstra_id": "D06CC0C385184343A3301D7911A678FB", "bauwerksnummer": "09053", "sib_bauwerksnummer": "3545165B2" }, "geometry": { "type": "MultiLineString", "coordinates": [ [ [ 13.30612351, 52.47257147 ], [ 13.30679418, 52.47252938 ] ] ] } },
{ "type": "Feature", "properties": { "id": "b_bauwerke.44703", "dnbr__sdatenid": 44703, "bauwerksart": "BR", "bauwerksname": "Nikolai-E.-Bersarin-Brücke", "okstra_id": "D6514AA74F9D48AE8D71EA65BA78E0FE", "bauwerksnummer": "09251-0010", "sib_bauwerksnummer": "3447019 0" }, "geometry": { "type": "MultiLineString", "coordinates": [ [ [ 13.58642655, 52.54956604 ], [ 13.58680127, 52.54952175 ] ] ] } },
{ "type": "Feature", "properties": { "id": "b_bauwerke.44704", "dnbr__sdatenid": 44704, "bauwerksart": "FBR", "bauwerksname": "Oberhavelsteg", "okstra_id": "24BB081524334EC282047FA5CF20EC98", "bauwerksnummer": "09486-0010", "sib_bauwerksnummer": "3445211 0" }, "geometry": { "type": "MultiLineString", "coordinates": [ [ [ 13.21712045, 52.57778362 ], [ 13.2171723, 52.57744231 ] ] ] } },
{ "type": "Feature", "properties": { "id": "b_bauwerke.44705", "dnbr__sdatenid": 44705, "bauwerksart": "FBR", "bauwerksname": "Schloßbrückensteg", "okstra_id": "B17446C1E4BC4E5AA1BDAE6A386566D8", "bauwerksnummer": "17487-0010", "sib_bauwerksnummer": "3445026B" }, "geometry": { "type": "MultiLineString", "coordinates": [ [ [ 13.29982174, 52.52146402 ], [ 13.3002636, 52.52215964 ] ] ] } },
{ "type": "Feature", "properties": { "id": "b_bauwerke.44706", "dnbr__sdatenid": 44706, "bauwerksart": "BR", "bauwerksname": "Brücke Karower Chaussee ÜBB2", "okstra_id": "AFF5CD90B99C4165A87353FFB9ACE2AE", "bauwerksnummer": "19163", "sib_bauwerksnummer": "3346038 2" }, "geometry": { "type": "MultiLineString", "coordinates": [ [ [ 13.49191942, 52.62305419 ], [ 13.49242042, 52.62291996 ] ] ] } },
{ "type": "Feature", "properties": { "id": "b_bauwerke.44709", "dnbr__sdatenid": 44709, "bauwerksart": "BR", "bauwerksname": "Stendaler Brücke, ÜBB Ost", "okstra_id": "4C147A50BC4041ACBED39A43A6B669D2", "bauwerksnummer": "23036", "sib_bauwerksnummer": "3447031 0" }, "geometry": { "type": "MultiLineString", "coordinates": [ [ [ 13.60553945, 52.53601707 ], [ 13.60520814, 52.53648789 ] ] ] } },
{ "type": "Feature", "properties": { "id": "b_bauwerke.44713", "dnbr__sdatenid": 44713, "bauwerksart": "BR", "bauwerksname": "Hohenschönhausener Rhinstraßenbrücke", "okstra_id": "F1D0DB39324E40748006313823CB750E", "bauwerksnummer": "49704-0010", "sib_bauwerksnummer": "3447022A" }, "geometry": { "type": "MultiLineString", "coordinates": [ [ [ 13.51179146, 52.5428281 ], [ 13.51190392, 52.54265836 ] ] ] } },
{ "type": "Feature", "properties": { "id": "b_bauwerke.44714", "dnbr__sdatenid": 44714, "bauwerksart": "BR", "bauwerksname": "Brücke über die Schönerlinder Str., ÜBB 1", "okstra_id": "F0630F7ABB7148F1847AF52AF4F1623C", "bauwerksnummer": "49743-0010", "sib_bauwerksnummer": "3346034 1" }, "geometry": { "type": "MultiLineString", "coordinates": [ [ [ 13.44102389, 52.6358501 ], [ 13.44154486, 52.6356323 ] ] ] } },
{ "type": "Feature", "properties": { "id": "b_bauwerke.44715", "dnbr__sdatenid": 44715, "bauwerksart": "BR", "bauwerksname": "Brücke Karower Chaussee ÜBB1", "okstra_id": "781821477A8F400BA0FD9826767BE9E7", "bauwerksnummer": "49748-0010", "sib_bauwerksnummer": "3446038 1" }, "geometry": { "type": "MultiLineString", "coordinates": [ [ [ 13.49184035, 52.62294813 ], [ 13.49234135, 52.6228139 ] ] ] } },
{ "type": "Feature", "properties": { "id": "b_bauwerke.44717", "dnbr__sdatenid": 44717, "bauwerksart": "FBR", "bauwerksname": "Rosemeyer-Steg", "okstra_id": "17351B32C99F426A92A675913C836CF7", "bauwerksnummer": "17231-0010", "sib_bauwerksnummer": "3545068B" }, "geometry": { "type": "MultiLineString", "coordinates": [ [ [ 13.19173664, 52.43260792 ], [ 13.19263297, 52.43221489 ] ] ] } },
{ "type": "Feature", "properties": { "id": "b_bauwerke.44718", "dnbr__sdatenid": 44718, "bauwerksart": "BR", "bauwerksname": "Glockenturmbrücke", "okstra_id": "815F5489BD0144B796445E35F2E506E8", "bauwerksnummer": "07284-0010", "sib_bauwerksnummer": "3445060 0" }, "geometry": { "type": "MultiLineString", "coordinates": [ [ [ 13.22351781, 52.51208561 ], [ 13.2241202, 52.51241388 ] ] ] } },
{ "type": "Feature", "properties": { "id": "b_bauwerke.44719", "dnbr__sdatenid": 44719, "bauwerksart": "FTU", "bauwerksname": "FGT Passenheimer Str.", "okstra_id": "D73A889054114F96945611346B6C6E9D", "bauwerksnummer": "05618-0010", "sib_bauwerksnummer": "-" }, "geometry": { "type": "MultiLineString", "coordinates": [ [ [ 13.23067863, 52.511673 ], [ 13.23107585, 52.51172645 ] ] ] } },
{ "type": "Feature", "properties": { "id": "b_bauwerke.44720", "dnbr__sdatenid": 44720, "bauwerksart": "BR", "bauwerksname": "Schirwindter Brücke", "okstra_id": "574E0F1FA19F4C31B2BA06CB53B8644B", "bauwerksnummer": "07396-0010", "sib_bauwerksnummer": "3445037 0" }, "geometry": { "type": "MultiLineString", "coordinates": [ [ [ 13.22885393, 52.50952697 ], [ 13.22906254, 52.50988803 ] ] ] } },
{ "type": "Feature", "properties": { "id": "b_bauwerke.44721", "dnbr__sdatenid": 44721, "bauwerksart": "TU", "bauwerksname": "Auerbachtunnel", "okstra_id": "9F30162ADE5E417AAF1008A646FA7C7D", "bauwerksnummer": "05779-0010", "sib_bauwerksnummer": "-" }, "geometry": { "type": "MultiLineString", "coordinates": [ [ [ 13.25745808, 52.48545727 ], [ 13.25653248, 52.48629643 ] ] ] } },
{ "type": "Feature", "properties": { "id": "b_bauwerke.44722", "dnbr__sdatenid": 44722, "bauwerksart": "BR", "bauwerksname": "Avusbrücke Auerbacher Straße, ÜBB2", "okstra_id": "B6C799DE293B46C480B881D4494F429E", "bauwerksnummer": "09011", "sib_bauwerksnummer": "3545007 2" }, "geometry": { "type": "MultiLineString", "coordinates": [ [ [ 13.2568665, 52.48629396 ], [ 13.25645323, 52.48596816 ] ] ] } },
{ "type": "Feature", "properties": { "id": "b_bauwerke.44723", "dnbr__sdatenid": 44723, "bauwerksart": "BR", "bauwerksname": "Avusbrücke Auerbacher Straße, ÜBB1", "okstra_id": "6C4ED7C5FE70432B8918E617C4EB1A64", "bauwerksnummer": "09011", "sib_bauwerksnummer": "3545007 1" }, "geometry": { "type": "MultiLineString", "coordinates": [ [ [ 13.25697428, 52.48620734 ], [ 13.25656101, 52.48588154 ] ] ] } },
{ "type": "Feature", "properties": { "id": "b_bauwerke.44724", "dnbr__sdatenid": 44724, "bauwerksart": "BR", "bauwerksname": "Sportforum-Brücke", "okstra_id": "55E3264E4A734283977CD5EA48936DF2", "bauwerksnummer": "07426-0010", "sib_bauwerksnummer": "3445017A" }, "geometry": { "type": "MultiLineString", "coordinates": [ [ [ 13.24779108, 52.51633279 ], [ 13.24742314, 52.51646551 ] ] ] } },
{ "type": "Feature", "properties": { "id": "b_bauwerke.44725", "dnbr__sdatenid": 44725, "bauwerksart": "BR", "bauwerksname": "Rominter-Allee-Brücke", "okstra_id": "C0A5F9A98C84499FB8B4FAB21EDAA2F5", "bauwerksnummer": "07388-0010", "sib_bauwerksnummer": "3445016A" }, "geometry": { "type": "MultiLineString", "coordinates": [ [ [ 13.24891052, 52.51703552 ], [ 13.24897976, 52.5168623 ] ] ] } },
{ "type": "Feature", "properties": { "id": "b_bauwerke.44726", "dnbr__sdatenid": 44726, "bauwerksart": "BR", "bauwerksname": "Hasensprungbrücke", "okstra_id": "ED5EBD4E977D49A9B2C239E0F062D790", "bauwerksnummer": "07299-0010", "sib_bauwerksnummer": "3545131 0" }, "geometry": { "type": "MultiLineString", "coordinates": [ [ [ 13.27043226, 52.48809053 ], [ 13.27059232, 52.487958 ] ] ] } },
{ "type": "Feature", "properties": { "id": "b_bauwerke.44727", "dnbr__sdatenid": 44727, "bauwerksart": "BR", "bauwerksname": "Messedammbrücke ÜBB1", "okstra_id": "FD9095836A484D38A618323D4ECC9C5D", "bauwerksnummer": "07349-0010", "sib_bauwerksnummer": "3445067A1" }, "geometry": { "type": "MultiLineString", "coordinates": [ [ [ 13.27206122, 52.49871084 ], [ 13.27132908, 52.49812054 ] ] ] } },
{ "type": "Feature", "properties": { "id": "b_bauwerke.44728", "dnbr__sdatenid": 44728, "bauwerksart": "BR", "bauwerksname": "Messedammbrücke ÜBB2", "okstra_id": "A999F2CF2FF645EEBD60E2EE8ADDBB3D", "bauwerksnummer": "07065", "sib_bauwerksnummer": "3445067A2" }, "geometry": { "type": "MultiLineString", "coordinates": [ [ [ 13.2721603, 52.49866946 ], [ 13.27142815, 52.49807917 ] ] ] } },
{ "type": "Feature", "properties": { "id": "b_bauwerke.44729", "dnbr__sdatenid": 44729, "bauwerksart": "BR", "bauwerksname": "Cordesstraßenbrücke,ÜBB 1 (FR Wilmersdorf)", "okstra_id": "CF8D5AA0A3334099BD4D8A193D83337A", "bauwerksnummer": "17486-0010", "sib_bauwerksnummer": "3545023 1" }, "geometry": { "type": "MultiLineString", "coordinates": [ [ [ 13.27183699, 52.49811684 ], [ 13.27171226, 52.49801748 ] ] ] } },
{ "type": "Feature", "properties": { "id": "b_bauwerke.44730", "dnbr__sdatenid": 44730, "bauwerksart": "BR", "bauwerksname": "Cordesstraßenbrücke,Übb 2 (Mittelstreifen)", "okstra_id": "09D2D52ACB5849DCB266C164395EE3D5", "bauwerksnummer": "07067", "sib_bauwerksnummer": "3545023 2" }, "geometry": { "type": "MultiLineString", "coordinates": [ [ [ 13.27199191, 52.49804297 ], [ 13.27186717, 52.49794362 ] ] ] } },
{ "type": "Feature", "properties": { "id": "b_bauwerke.44731", "dnbr__sdatenid": 44731, "bauwerksart": "BR", "bauwerksname": "Cordesstraßenbrücke,Übb 3 (FR Wannsee)", "okstra_id": "E0220C6A4B2345649E7845E62149F209", "bauwerksnummer": "07067", "sib_bauwerksnummer": "3545023 3" }, "geometry": { "type": "MultiLineString", "coordinates": [ [ [ 13.27211909, 52.4979806 ], [ 13.27199435, 52.49788124 ] ] ] } },
{ "type": "Feature", "properties": { "id": "b_bauwerke.44732", "dnbr__sdatenid": 44732, "bauwerksart": "BR", "bauwerksname": "Brücke ü.d.Bahnanlagen am S-Bhf Eichkamp", "okstra_id": "7B6E859422744F74BCD878F9D7B12B35", "bauwerksnummer": "07159", "sib_bauwerksnummer": "3445116 0" }, "geometry": { "type": "MultiLineString", "coordinates": [ [ [ 13.27228084, 52.49803054 ], [ 13.27264349, 52.49831857 ] ] ] } },
{ "type": "Feature", "properties": { "id": "b_bauwerke.44733", "dnbr__sdatenid": 44733, "bauwerksart": "BR", "bauwerksname": "Brücke am Heiligentalhügel", "okstra_id": "F8A426A78CCD437789E276ADD3715A65", "bauwerksnummer": "07225-0010", "sib_bauwerksnummer": "3445066 0" }, "geometry": { "type": "MultiLineString", "coordinates": [ [ [ 13.26500193, 52.50205823 ], [ 13.26605473, 52.50225376 ] ] ] } },
{ "type": "Feature", "properties": { "id": "b_bauwerke.44734", "dnbr__sdatenid": 44734, "bauwerksart": "BR", "bauwerksname": "Mäckeritzbrücke", "okstra_id": "44C0349DD92D4A819FCF08061618E486", "bauwerksnummer": "07482-0010", "sib_bauwerksnummer": "-" }, "geometry": { "type": "MultiLineString", "coordinates": [ [ [ 13.27039614, 52.54851659 ], [ 13.27040313, 52.54866887 ], [ 13.27037473, 52.54885525 ], [ 13.27034641, 52.54907534 ], [ 13.2703242, 52.54926938 ] ] ] } },
{ "type": "Feature", "properties": { "id": "b_bauwerke.44735", "dnbr__sdatenid": 44735, "bauwerksart": "BR", "bauwerksname": "Hafenbrücke Neheimer Str.", "okstra_id": "6DF61675071F401A8AF3BDF3217072DB", "bauwerksnummer": "07277-0010", "sib_bauwerksnummer": "3445228 0" }, "geometry": { "type": "MultiLineString", "coordinates": [ [ [ 13.27453379, 52.57741052 ], [ 13.27508216, 52.57752326 ] ] ] } },
{ "type": "Feature", "properties": { "id": "b_bauwerke.44736", "dnbr__sdatenid": 44736, "bauwerksart": "BR", "bauwerksname": "Paulsborner Brücke", "okstra_id": "3DDC2B902ACF4C9C81C19A716E4DD156", "bauwerksnummer": "07377-0010", "sib_bauwerksnummer": "3545017 0" }, "geometry": { "type": "MultiLineString", "coordinates": [ [ [ 13.29572377, 52.4922303 ], [ 13.29444935, 52.49156532 ] ] ] } },
{ "type": "Feature", "properties": { "id": "b_bauwerke.44737", "dnbr__sdatenid": 44737, "bauwerksart": "BR", "bauwerksname": "Straßenbrücke am Bhf Westkreuz", "okstra_id": "599A15BF058E4FFE98C398B6BCDE9583", "bauwerksnummer": "07034", "sib_bauwerksnummer": "3445175 0" }, "geometry": { "type": "MultiLineString", "coordinates": [ [ [ 13.28201266, 52.5015159 ], [ 13.2825614, 52.5015335 ] ] ] } },
{ "type": "Feature", "properties": { "id": "b_bauwerke.44738", "dnbr__sdatenid": 44738, "bauwerksart": "BR", "bauwerksname": "Brücke West ü.d.Halenseestr.Ost", "okstra_id": "F3B0E2C57C8C462B83EB737C4D740756", "bauwerksnummer": "07044b", "sib_bauwerksnummer": "3445050 1" }, "geometry": { "type": "MultiLineString", "coordinates": [ [ [ 13.28105526, 52.50258393 ], [ 13.28058319, 52.50212179 ] ] ] } },
{ "type": "Feature", "properties": { "id": "b_bauwerke.44739", "dnbr__sdatenid": 44739, "bauwerksart": "BR", "bauwerksname": "Brücke West ü.d.Halenseestr.Ost", "okstra_id": "49F2E5312D17455EAC8B18E482F0B113", "bauwerksnummer": "07044d", "sib_bauwerksnummer": "3445050 3" }, "geometry": { "type": "MultiLineString", "coordinates": [ [ [ 13.28072978, 52.50289409 ], [ 13.28058237, 52.50276276 ], [ 13.28038222, 52.50261912 ], [ 13.28016602, 52.50251147 ], [ 13.27991522, 52.50242189 ], [ 13.27961825, 52.50235072 ], [ 13.27961641, 52.50235041 ] ] ] } },
{ "type": "Feature", "properties": { "id": "b_bauwerke.44740", "dnbr__sdatenid": 44740, "bauwerksart": "BR", "bauwerksname": "Brücke West ü.d.Halenseestr.Ost", "okstra_id": "7AA3A4DF4A564FE98ACD22B11B3CA4DA", "bauwerksnummer": "07044c", "sib_bauwerksnummer": "3445050 2" }, "geometry": { "type": "MultiLineString", "coordinates": [ [ [ 13.2807398, 52.50278672 ], [ 13.2803393, 52.50218208 ] ] ] } },
{ "type": "Feature", "properties": { "id": "b_bauwerke.44741", "dnbr__sdatenid": 44741, "bauwerksart": "BR", "bauwerksname": "Ringbahnbrücke", "okstra_id": "F5343EB268F24029AA1E69BEBCE8655E", "bauwerksnummer": "07044h", "sib_bauwerksnummer": "3445051 1" }, "geometry": { "type": "MultiLineString", "coordinates": [ [ [ 13.2819598, 52.50323586 ], [ 13.28194413, 52.50300796 ], [ 13.28188477, 52.5027927 ], [ 13.2818101, 52.50263371 ], [ 13.2816248, 52.5024813 ], [ 13.28150287, 52.50240354 ] ] ] } },
{ "type": "Feature", "properties": { "id": "b_bauwerke.44742", "dnbr__sdatenid": 44742, "bauwerksart": "BR", "bauwerksname": "Spandauer-Damm-Brücke ÜBB Süd", "okstra_id": "D7C63A0E64294A7C8E85284C9B2545A6", "bauwerksnummer": "07129", "sib_bauwerksnummer": "3445571 2" }, "geometry": { "type": "MultiLineString", "coordinates": [ [ [ 13.28268662, 52.51847729 ], [ 13.28370582, 52.51854203 ] ] ] } },
{ "type": "Feature", "properties": { "id": "b_bauwerke.44743", "dnbr__sdatenid": 44743, "bauwerksart": "BR", "bauwerksname": "Rampenbrücke Dillenburger Straße", "okstra_id": "D74614806DE94838B0C3A02704B9CAB4", "bauwerksnummer": "09074", "sib_bauwerksnummer": "3545038 0" }, "geometry": { "type": "MultiLineString", "coordinates": [ [ [ 13.3064796, 52.46974951 ], [ 13.30667952, 52.46936015 ], [ 13.30690258, 52.46903701 ], [ 13.30738102, 52.46848532 ] ] ] } },
{ "type": "Feature", "properties": { "id": "b_bauwerke.44744", "dnbr__sdatenid": 44744, "bauwerksart": "TU", "bauwerksname": "Innungsstraßentunnel", "okstra_id": "D9540532454C41AB93E6CD0F0355760B", "bauwerksnummer": "05778-0010", "sib_bauwerksnummer": "-" }, "geometry": { "type": "MultiLineString", "coordinates": [ [ [ 13.3042925, 52.57391412 ], [ 13.30460015, 52.57422077 ] ] ] } },
{ "type": "Feature", "properties": { "id": "b_bauwerke.44745", "dnbr__sdatenid": 44745, "bauwerksart": "BR", "bauwerksname": "Brücke ü.d.Otisstraße ÜBB 2", "okstra_id": "3CD56EA900D74002B9A077E51644396C", "bauwerksnummer": "20107", "sib_bauwerksnummer": "3445254 2" }, "geometry": { "type": "MultiLineString", "coordinates": [ [ [ 13.30416797, 52.57426066 ], [ 13.3045659, 52.57387288 ] ] ] } },
{ "type": "Feature", "properties": { "id": "b_bauwerke.44746", "dnbr__sdatenid": 44746, "bauwerksart": "BR", "bauwerksname": "Brücke ü.d.Otisstraße ÜBB 1", "okstra_id": "689762D9D7254BDB849F5DBDF438EE85", "bauwerksnummer": "20107", "sib_bauwerksnummer": "3445254 1" }, "geometry": { "type": "MultiLineString", "coordinates": [ [ [ 13.30434062, 52.57430824 ], [ 13.30472687, 52.57393048 ] ] ] } },
{ "type": "Feature", "properties": { "id": "b_bauwerke.44747", "dnbr__sdatenid": 44747, "bauwerksart": "FTU", "bauwerksname": "FGT Otisstraße", "okstra_id": "95DFD29DC8D24895AAE31FFF68D628D8", "bauwerksnummer": "20124", "sib_bauwerksnummer": "3445266 0" }, "geometry": { "type": "MultiLineString", "coordinates": [ [ [ 13.30511668, 52.57215149 ], [ 13.30605897, 52.5721174 ] ] ] } },
{ "type": "Feature", "properties": { "id": "b_bauwerke.44748", "dnbr__sdatenid": 44748, "bauwerksart": "BR", "bauwerksname": "Barbrücke", "okstra_id": "E848AC49C2134C5B8164933AB9A3AB58", "bauwerksnummer": "07212-0010", "sib_bauwerksnummer": "3545004 0" }, "geometry": { "type": "MultiLineString", "coordinates": [ [ [ 13.31371949, 52.48413545 ], [ 13.31361328, 52.48312776 ] ] ] } },
{ "type": "Feature", "properties": { "id": "b_bauwerke.44749", "dnbr__sdatenid": 44749, "bauwerksart": "FTU", "bauwerksname": "FGT Sybelstr/Waitzstr.", "okstra_id": "2C73D497F70D4A1295F179601B8A145D", "bauwerksnummer": "05616-0020", "sib_bauwerksnummer": "-" }, "geometry": { "type": "MultiLineString", "coordinates": [ [ [ 13.30601905, 52.50222929 ], [ 13.3051785, 52.50198257 ] ] ] } },
{ "type": "Feature", "properties": { "id": "b_bauwerke.44750", "dnbr__sdatenid": 44750, "bauwerksart": "BR", "bauwerksname": "Caprivibrücke", "okstra_id": "FFA46410358C46CAAA766684482391AB", "bauwerksnummer": "07233-0010", "sib_bauwerksnummer": "3445024 0" }, "geometry": { "type": "MultiLineString", "coordinates": [ [ [ 13.30627618, 52.5201664 ], [ 13.30619529, 52.5211619 ] ] ] } },
{ "type": "Feature", "properties": { "id": "b_bauwerke.44751", "dnbr__sdatenid": 44751, "bauwerksart": "FBR", "bauwerksname": "Siemenssteg", "okstra_id": "A54204E99CE54932A1018EA53E936FEB", "bauwerksnummer": "07418-0010", "sib_bauwerksnummer": "3445023 0" }, "geometry": { "type": "MultiLineString", "coordinates": [ [ [ 13.31203365, 52.52118472 ], [ 13.31210275, 52.52037791 ], [ 13.31219531, 52.52020561 ] ] ] } },
{ "type": "Feature", "properties": { "id": "b_bauwerke.44752", "dnbr__sdatenid": 44752, "bauwerksart": "BR", "bauwerksname": "Röntgenbrücke", "okstra_id": "D6C36D34A07C49B0A93DEF554ECDC50C", "bauwerksnummer": "07386-0010", "sib_bauwerksnummer": "3445022 0" }, "geometry": { "type": "MultiLineString", "coordinates": [ [ [ 13.31435214, 52.51978624 ], [ 13.31462639, 52.52079436 ] ] ] } },
{ "type": "Feature", "properties": { "id": "b_bauwerke.44753", "dnbr__sdatenid": 44753, "bauwerksart": "FBR", "bauwerksname": "Goerdelersteg", "okstra_id": "DB2647A7BE164C7D84639595A7ADCCC0", "bauwerksnummer": "07289-0010", "sib_bauwerksnummer": "3445110A" }, "geometry": { "type": "MultiLineString", "coordinates": [ [ [ 13.30495353, 52.53521084 ], [ 13.30535996, 52.53419405 ] ] ] } },
{ "type": "Feature", "properties": { "id": "b_bauwerke.44754", "dnbr__sdatenid": 44754, "bauwerksart": "BR", "bauwerksname": "Brücke ü.d. Prinzregentenstraße, ÜBB Nord", "okstra_id": "0B22564530E040AEAAF00A76A30600D3", "bauwerksnummer": "09046", "sib_bauwerksnummer": "3546046 1" }, "geometry": { "type": "MultiLineString", "coordinates": [ [ [ 13.33244096, 52.47801993 ], [ 13.33316556, 52.47808731 ] ] ] } },
{ "type": "Feature", "properties": { "id": "b_bauwerke.44756", "dnbr__sdatenid": 44756, "bauwerksart": "BR", "bauwerksname": "Langenscheidtbrücke", "okstra_id": "2A87D32400BB4DA9BB662B742A148BFE", "bauwerksnummer": "07333-0010", "sib_bauwerksnummer": "3546249A" }, "geometry": { "type": "MultiLineString", "coordinates": [ [ [ 13.36280015, 52.48895485 ], [ 13.36406285, 52.48828275 ] ] ] } },
{ "type": "Feature", "properties": { "id": "b_bauwerke.44757", "dnbr__sdatenid": 44757, "bauwerksart": "BR", "bauwerksname": "Möllersfelder Brücke", "okstra_id": "E42F39C6903E4B5AAA4972048A81291B", "bauwerksnummer": "49715-0010", "sib_bauwerksnummer": "3346016 0" }, "geometry": { "type": "MultiLineString", "coordinates": [ [ [ 13.40259916, 52.62212746 ], [ 13.40309188, 52.62222184 ] ] ] } },
{ "type": "Feature", "properties": { "id": "b_bauwerke.44758", "dnbr__sdatenid": 44758, "bauwerksart": "BR", "bauwerksname": "Lübarser Brücke", "okstra_id": "318752FD50EA48BBB90CE86D93C51B92", "bauwerksnummer": "49713-0010", "sib_bauwerksnummer": "3346015 0" }, "geometry": { "type": "MultiLineString", "coordinates": [ [ [ 13.3780058, 52.62499283 ], [ 13.37831863, 52.62503482 ] ] ] } },
{ "type": "Feature", "properties": { "id": "b_bauwerke.44759", "dnbr__sdatenid": 44759, "bauwerksart": "BR", "bauwerksname": "Ossietzkybrücke (Panke)", "okstra_id": "02AA99ADDF404102A6C41C329F380519", "bauwerksnummer": "49693-0010", "sib_bauwerksnummer": "3446216 0" }, "geometry": { "type": "MultiLineString", "coordinates": [ [ [ 13.40690337, 52.5751371 ], [ 13.40698231, 52.57498448 ] ] ] } },
{ "type": "Feature", "properties": { "id": "b_bauwerke.44760", "dnbr__sdatenid": 44760, "bauwerksart": "BR", "bauwerksname": "Rudelsburgbrücke (Laake)", "okstra_id": "E9B46AF23DE747038CCCC6ABCB41CDE7", "bauwerksnummer": "49679-0010", "sib_bauwerksnummer": "3346002 0" }, "geometry": { "type": "MultiLineString", "coordinates": [ [ [ 13.45673839, 52.6041715 ], [ 13.45687955, 52.60431279 ] ] ] } },
{ "type": "Feature", "properties": { "id": "b_bauwerke.44761", "dnbr__sdatenid": 44761, "bauwerksart": "BR", "bauwerksname": "Freischützbrücke (Laake)", "okstra_id": "BA04AAB026BF4B0E93D1E89C587D401D", "bauwerksnummer": "49687-0010", "sib_bauwerksnummer": "3346006 0" }, "geometry": { "type": "MultiLineString", "coordinates": [ [ [ 13.44903343, 52.60309444 ], [ 13.44929799, 52.60300677 ] ] ] } },
{ "type": "Feature", "properties": { "id": "b_bauwerke.44762", "dnbr__sdatenid": 44762, "bauwerksart": "BR", "bauwerksname": "Prenzlauer-Allee-Brücke", "okstra_id": "B0EA54F072FC40879FEF766EE7715CA7", "bauwerksnummer": "49557-0010", "sib_bauwerksnummer": "3446175 0" }, "geometry": { "type": "MultiLineString", "coordinates": [ [ [ 13.42725508, 52.54439502 ], [ 13.42708991, 52.5440874 ] ] ] } },
{ "type": "Feature", "properties": { "id": "b_bauwerke.44763", "dnbr__sdatenid": 44763, "bauwerksart": "TU", "bauwerksname": "Bundesplatztunnel", "okstra_id": "6C2D9A2ECE7D4F699A43FDF6C15289AF", "bauwerksnummer": "05593-0010", "sib_bauwerksnummer": "-" }, "geometry": { "type": "MultiLineString", "coordinates": [ [ [ 13.32856828, 52.47510796 ], [ 13.3285122, 52.47513028 ], [ 13.32851007, 52.47566498 ], [ 13.32850217, 52.4761808 ], [ 13.32849375, 52.47721065 ], [ 13.32850961, 52.47856858 ], [ 13.32850597, 52.48019965 ], [ 13.32872484, 52.48070256 ] ] ] } },
{ "type": "Feature", "properties": { "id": "b_bauwerke.44764", "dnbr__sdatenid": 44764, "bauwerksart": "BR", "bauwerksname": "Carl-Zuckmayer-Brücke", "okstra_id": "984079E471BC488CB15673968A0C623E", "bauwerksnummer": "17271-0010", "sib_bauwerksnummer": "-" }, "geometry": { "type": "MultiLineString", "coordinates": [ [ [ 13.34208857, 52.48276378 ], [ 13.34189151, 52.48339243 ] ] ] } },
{ "type": "Feature", "properties": { "id": "b_bauwerke.44765", "dnbr__sdatenid": 44765, "bauwerksart": "BR", "bauwerksname": "Dunckerbrücke", "okstra_id": "8DD9A5E0318E42D3A224687CE7873EF1", "bauwerksnummer": "49556-0010", "sib_bauwerksnummer": "3446174 0" }, "geometry": { "type": "MultiLineString", "coordinates": [ [ [ 13.4235762, 52.54561366 ], [ 13.42391059, 52.54598357 ] ] ] } },
{ "type": "Feature", "properties": { "id": "b_bauwerke.44766", "dnbr__sdatenid": 44766, "bauwerksart": "TU", "bauwerksname": "Tunnel Innsbrucker Platz", "okstra_id": "9FDA9DF5300B4AE7A62C824C33735DF1", "bauwerksnummer": "11039", "sib_bauwerksnummer": "3546260A1" }, "geometry": { "type": "MultiLineString", "coordinates": [ [ [ 13.34199098, 52.47873888 ], [ 13.34306879, 52.47860166 ], [ 13.34371023, 52.47848923 ], [ 13.34423385, 52.47835703 ], [ 13.34463209, 52.47823386 ], [ 13.34509063, 52.47808433 ], [ 13.34551375, 52.47786081 ] ] ] } },
{ "type": "Feature", "properties": { "id": "b_bauwerke.44767", "dnbr__sdatenid": 44767, "bauwerksart": "BR", "bauwerksname": "Brücke ü.d. Prinzregentenstraße, ÜBB Süd", "okstra_id": "EBEC9928BFFE42B6BB872A98159E78A6", "bauwerksnummer": "09046", "sib_bauwerksnummer": "3546046 2" }, "geometry": { "type": "MultiLineString", "coordinates": [ [ [ 13.33243331, 52.47789215 ], [ 13.33315791, 52.47795953 ] ] ] } },
{ "type": "Feature", "properties": { "id": "b_bauwerke.44769", "dnbr__sdatenid": 44769, "bauwerksart": "BR", "bauwerksname": "Thielenbrücke", "okstra_id": "88EF9660E6B14840B9BC7D4E0639B61D", "bauwerksnummer": "07446-0010", "sib_bauwerksnummer": "3546038 0" }, "geometry": { "type": "MultiLineString", "coordinates": [ [ [ 13.43564395, 52.49164459 ], [ 13.43523158, 52.49122096 ] ] ] } },
{ "type": "Feature", "properties": { "id": "b_bauwerke.44771", "dnbr__sdatenid": 44771, "bauwerksart": "TU", "bauwerksname": "Görlitzer Tunnel", "okstra_id": "47ACB1E8AECA4C46AA01602BC8D58135", "bauwerksnummer": "07285-0010", "sib_bauwerksnummer": "-" }, "geometry": { "type": "MultiLineString", "coordinates": [ [ [ 13.43680546, 52.49566828 ], [ 13.43840663, 52.49723719 ] ] ] } },
{ "type": "Feature", "properties": { "id": "b_bauwerke.44772", "dnbr__sdatenid": 44772, "bauwerksart": "BR", "bauwerksname": "Wiener Brücke", "okstra_id": "9029139199864F29B47D58563152C941", "bauwerksnummer": "07469-0010", "sib_bauwerksnummer": "-" }, "geometry": { "type": "MultiLineString", "coordinates": [ [ [ 13.44304671, 52.49359499 ], [ 13.44316445, 52.49360685 ], [ 13.44364245, 52.49337394 ] ] ] } },
{ "type": "Feature", "properties": { "id": "b_bauwerke.44773", "dnbr__sdatenid": 44773, "bauwerksart": "BR", "bauwerksname": "Uhlandstraßenbrücke", "okstra_id": "241CE790A0FD4BEF8121AD0BFD295C06", "bauwerksnummer": "49726-0010", "sib_bauwerksnummer": "3446234 0" }, "geometry": { "type": "MultiLineString", "coordinates": [ [ [ 13.36622058, 52.59271422 ], [ 13.3661084, 52.59247044 ] ] ] } },
{ "type": "Feature", "properties": { "id": "b_bauwerke.44774", "dnbr__sdatenid": 44774, "bauwerksart": "BR", "bauwerksname": "Brücke am Bürgerpark", "okstra_id": "455C098C54C6444B928DFA468DE014CC", "bauwerksnummer": "49691-0010", "sib_bauwerksnummer": "3446214 0" }, "geometry": { "type": "MultiLineString", "coordinates": [ [ [ 13.38946045, 52.56890014 ], [ 13.39074591, 52.56818737 ] ] ] } },
{ "type": "Feature", "properties": { "id": "b_bauwerke.44775", "dnbr__sdatenid": 44775, "bauwerksart": "BR", "bauwerksname": "Hauptstraßenbrücke", "okstra_id": "B07BAB75E8114B62B3B7E4DF0797DCD7", "bauwerksnummer": "49717-0010", "sib_bauwerksnummer": "3446228 0" }, "geometry": { "type": "MultiLineString", "coordinates": [ [ [ 13.37300488, 52.59361228 ], [ 13.37286591, 52.593399 ] ] ] } },
{ "type": "Feature", "properties": { "id": "b_bauwerke.44776", "dnbr__sdatenid": 44776, "bauwerksart": "BR", "bauwerksname": "Köthener Brücke", "okstra_id": "8756DF8457864481AC7FFF5DEACB0DF0", "bauwerksnummer": "07323-0010", "sib_bauwerksnummer": "3446125 0" }, "geometry": { "type": "MultiLineString", "coordinates": [ [ [ 13.37476068, 52.50248268 ], [ 13.37494326, 52.50298641 ] ] ] } },
{ "type": "Feature", "properties": { "id": "b_bauwerke.44777", "dnbr__sdatenid": 44777, "bauwerksart": "FBR", "bauwerksname": "Anhalter Steg, Feld über RiFaBa Tempelhofer Ufer", "okstra_id": "92A9E00600B44DE1806EA72339D8E17F", "bauwerksnummer": "08695-0010", "sib_bauwerksnummer": "3446281A" }, "geometry": { "type": "MultiLineString", "coordinates": [ [ [ 13.37876757, 52.4988732 ], [ 13.37945612, 52.49960663 ] ] ] } },
{ "type": "Feature", "properties": { "id": "b_bauwerke.44778", "dnbr__sdatenid": 44778, "bauwerksart": "BR", "bauwerksname": "Bernburger Treppe", "okstra_id": "7D2AD18DF24A4810ACC434AFE06FB64E", "bauwerksnummer": "02071", "sib_bauwerksnummer": "3446157 0" }, "geometry": { "type": "MultiLineString", "coordinates": [ [ [ 13.37538254, 52.50578452 ], [ 13.37630171, 52.5055905 ] ] ] } },
{ "type": "Feature", "properties": { "id": "b_bauwerke.44779", "dnbr__sdatenid": 44779, "bauwerksart": "BR", "bauwerksname": "FGB Straße 5", "okstra_id": "FD554813F11E451D961AE5E7D1C79DC1", "bauwerksnummer": "49712-0010", "sib_bauwerksnummer": "3347001 0" }, "geometry": { "type": "MultiLineString", "coordinates": [ [ [ 13.51100693, 52.64383623 ], [ 13.51115934, 52.64374651 ] ] ] } },
{ "type": "Feature", "properties": { "id": "b_bauwerke.44780", "dnbr__sdatenid": 44780, "bauwerksart": "BR", "bauwerksname": "Brücke Straße 50", "okstra_id": "CBBAD7C015004C57A9E614937F1A48EB", "bauwerksnummer": "49684-0010", "sib_bauwerksnummer": "3446209 0" }, "geometry": { "type": "MultiLineString", "coordinates": [ [ [ 13.47617445, 52.59856552 ], [ 13.47608164, 52.59830536 ] ] ] } },
{ "type": "Feature", "properties": { "id": "b_bauwerke.44781", "dnbr__sdatenid": 44781, "bauwerksart": "BR", "bauwerksname": "Friedenswegbrücke (Nordgraben)", "okstra_id": "B173D252F81043F2BA6A824D23FC8D5D", "bauwerksnummer": "49729-0010", "sib_bauwerksnummer": "3346024" }, "geometry": { "type": "MultiLineString", "coordinates": [ [ [ 13.4168176, 52.60049149 ], [ 13.41632194, 52.60010516 ] ] ] } },
{ "type": "Feature", "properties": { "id": "b_bauwerke.44782", "dnbr__sdatenid": 44782, "bauwerksart": "BR", "bauwerksname": "Henzesteg (Fließgraben)", "okstra_id": "4C21D0782181452AB7762A7303967CD6", "bauwerksnummer": "49688-0010", "sib_bauwerksnummer": "3446515 0" }, "geometry": { "type": "MultiLineString", "coordinates": [ [ [ 13.45782061, 52.58995292 ], [ 13.4580162, 52.59002312 ] ] ] } },
{ "type": "Feature", "properties": { "id": "b_bauwerke.44784", "dnbr__sdatenid": 44784, "bauwerksart": "BR", "bauwerksname": "Waterloobrücke", "okstra_id": "358281257A2E4F29BA3247A679DFF9A0", "bauwerksnummer": "07467-0010", "sib_bauwerksnummer": "3546033 0" }, "geometry": { "type": "MultiLineString", "coordinates": [ [ [ 13.39900112, 52.49749257 ], [ 13.39877096, 52.49717542 ] ] ] } },
{ "type": "Feature", "properties": { "id": "b_bauwerke.44785", "dnbr__sdatenid": 44785, "bauwerksart": "BR", "bauwerksname": "Admiralbrücke", "okstra_id": "E4F1A190E0DE43DC94AE9482AE1927B6", "bauwerksnummer": "07201-0010", "sib_bauwerksnummer": "3546034 0" }, "geometry": { "type": "MultiLineString", "coordinates": [ [ [ 13.41512765, 52.49500729 ], [ 13.41520489, 52.49551988 ] ] ] } },
{ "type": "Feature", "properties": { "id": "b_bauwerke.44786", "dnbr__sdatenid": 44786, "bauwerksart": "FBR", "bauwerksname": "FGB Storkower Str.", "okstra_id": "328F28127F904467B1C30F3F2479C847", "bauwerksnummer": "49550-0010", "sib_bauwerksnummer": "3446163 0" }, "geometry": { "type": "MultiLineString", "coordinates": [ [ [ 13.46504032, 52.52453125 ], [ 13.46441658, 52.52327402 ] ] ] } },
{ "type": "Feature", "properties": { "id": "b_bauwerke.44787", "dnbr__sdatenid": 44787, "bauwerksart": "BR", "bauwerksname": "Warschauer Brücke, ÜBB Nord", "okstra_id": "1A2941085AC7409F8D7A83A67C58ABF5", "bauwerksnummer": "44684-0010", "sib_bauwerksnummer": "3446193A" }, "geometry": { "type": "MultiLineString", "coordinates": [ [ [ 13.44972837, 52.50684631 ], [ 13.45013444, 52.50746509 ] ] ] } },
{ "type": "Feature", "properties": { "id": "b_bauwerke.44788", "dnbr__sdatenid": 44788, "bauwerksart": "BR", "bauwerksname": "Warschauer Brücke, ÜBB Mitte", "okstra_id": "F14C5A39080049109DE4A719E3388D98", "bauwerksnummer": "05009", "sib_bauwerksnummer": "3446193B" }, "geometry": { "type": "MultiLineString", "coordinates": [ [ [ 13.4493147, 52.50619384 ], [ 13.44972075, 52.50681262 ] ] ] } },
{ "type": "Feature", "properties": { "id": "b_bauwerke.44789", "dnbr__sdatenid": 44789, "bauwerksart": "BR", "bauwerksname": "Warschauer Brücke, ÜBB Süd", "okstra_id": "B96E19C28399440C848E9325DB55CEF8", "bauwerksnummer": "05009", "sib_bauwerksnummer": "3446193C" }, "geometry": { "type": "MultiLineString", "coordinates": [ [ [ 13.44889751, 52.50555273 ], [ 13.44930355, 52.50617152 ] ] ] } },
{ "type": "Feature", "properties": { "id": "b_bauwerke.44790", "dnbr__sdatenid": 44790, "bauwerksart": "FBR", "bauwerksname": "Provisorische FGB Warschauer Straße", "okstra_id": "14A9D3E6E43A416C81C5DCC0CF8BEACB", "bauwerksnummer": "05030c", "sib_bauwerksnummer": "3446296 3" }, "geometry": { "type": "MultiLineString", "coordinates": [ [ [ 13.44945103, 52.50612744 ], [ 13.4497795, 52.50604373 ] ] ] } },
{ "type": "Feature", "properties": { "id": "b_bauwerke.44791", "dnbr__sdatenid": 44791, "bauwerksart": "FBR", "bauwerksname": "FGB Warschauer Straße", "okstra_id": "216DD523DF8F467EA490F5768871EAA9", "bauwerksnummer": "05030a", "sib_bauwerksnummer": "3446296 1" }, "geometry": { "type": "MultiLineString", "coordinates": [ [ [ 13.44977946, 52.50604492 ], [ 13.4493819, 52.5054331 ] ] ] } },
{ "type": "Feature", "properties": { "id": "b_bauwerke.44792", "dnbr__sdatenid": 44792, "bauwerksart": "BR", "bauwerksname": "Oberbaumbrücke ÜBB Südwest", "okstra_id": "899A3940051B4CFFA3BEE479F92A9E2F", "bauwerksnummer": "44683-0010", "sib_bauwerksnummer": "3446192A1" }, "geometry": { "type": "MultiLineString", "coordinates": [ [ [ 13.44492436, 52.5012069 ], [ 13.44548032, 52.50163664 ] ] ] } },
{ "type": "Feature", "properties": { "id": "b_bauwerke.44793", "dnbr__sdatenid": 44793, "bauwerksart": "BR", "bauwerksname": "Oberbaumbrücke ÜBB Miite", "okstra_id": "F92DEAF21B654603831DBB8221A1CED3", "bauwerksnummer": "05006", "sib_bauwerksnummer": "3446192B1" }, "geometry": { "type": "MultiLineString", "coordinates": [ [ [ 13.4454755, 52.50163292 ], [ 13.44574799, 52.50184354 ] ] ] } },
{ "type": "Feature", "properties": { "id": "b_bauwerke.44794", "dnbr__sdatenid": 44794, "bauwerksart": "BR", "bauwerksname": "Oberbaumbrücke ÜBB Nordost", "okstra_id": "751AB71B3AC94CA7B0A8CC024D16D1FB", "bauwerksnummer": "05006", "sib_bauwerksnummer": "3446192C1" }, "geometry": { "type": "MultiLineString", "coordinates": [ [ [ 13.44576527, 52.50185689 ], [ 13.4463258, 52.50229355 ] ] ] } },
{ "type": "Feature", "properties": { "id": "b_bauwerke.44795", "dnbr__sdatenid": 44795, "bauwerksart": "BR", "bauwerksname": "Waldemarbrücke", "okstra_id": "EF7E715633C240AF9A9A0E4A0BC76890", "bauwerksnummer": "17406-0010", "sib_bauwerksnummer": "3446124 0" }, "geometry": { "type": "MultiLineString", "coordinates": [ [ [ 13.41693579, 52.50429165 ], [ 13.41750208, 52.5041282 ] ] ] } },
{ "type": "Feature", "properties": { "id": "b_bauwerke.44796", "dnbr__sdatenid": 44796, "bauwerksart": "BR", "bauwerksname": "Brücke über den Breitenbachplatz; ÜBB Ost", "okstra_id": "2CC7AD8748EA4919A4ADE26415813DAC", "bauwerksnummer": "09075", "sib_bauwerksnummer": "3545094 1" }, "geometry": { "type": "MultiLineString", "coordinates": [ [ [ 13.30886984, 52.46759909 ], [ 13.30926931, 52.46738135 ], [ 13.30964291, 52.46720165 ], [ 13.30981764, 52.46712512 ] ] ] } },
{ "type": "Feature", "properties": { "id": "b_bauwerke.44797", "dnbr__sdatenid": 44797, "bauwerksart": "BR", "bauwerksname": "Gottschalkbrücke", "okstra_id": "5DB34AF0E3874D9D8BCCCB92FB155BF1", "bauwerksnummer": "17249-0010", "sib_bauwerksnummer": "3446120 0" }, "geometry": { "type": "MultiLineString", "coordinates": [ [ [ 13.38660599, 52.56500903 ], [ 13.38689768, 52.56496578 ] ] ] } },
{ "type": "Feature", "properties": { "id": "b_bauwerke.44798", "dnbr__sdatenid": 44798, "bauwerksart": "BR", "bauwerksname": "Schönwalder Straßenbrücke", "okstra_id": "DC627825A7044D75BC722162F9B3386F", "bauwerksnummer": "07402-0010", "sib_bauwerksnummer": "3446113 0" }, "geometry": { "type": "MultiLineString", "coordinates": [ [ [ 13.37352477, 52.5422157 ], [ 13.37316997, 52.54217725 ] ] ] } },
{ "type": "Feature", "properties": { "id": "b_bauwerke.44799", "dnbr__sdatenid": 44799, "bauwerksart": "FBR", "bauwerksname": "Gotenburgsteg", "okstra_id": "5B96EBEA0CC742C7ACD728BFDDC3B3DB", "bauwerksnummer": "07222-0010", "sib_bauwerksnummer": "3446109 0" }, "geometry": { "type": "MultiLineString", "coordinates": [ [ [ 13.38219901, 52.55793881 ], [ 13.38260357, 52.55783754 ] ] ] } },
{ "type": "Feature", "properties": { "id": "b_bauwerke.44800", "dnbr__sdatenid": 44800, "bauwerksart": "BR", "bauwerksname": "Osloer-Straßen-Brücke", "okstra_id": "5CBE7A1BC3C948CE99159AFF693489AB", "bauwerksnummer": "07370-0010", "sib_bauwerksnummer": "3446116 0" }, "geometry": { "type": "MultiLineString", "coordinates": [ [ [ 13.3809038, 52.55612455 ], [ 13.38150856, 52.55608086 ] ] ] } },
{ "type": "Feature", "properties": { "id": "b_bauwerke.44801", "dnbr__sdatenid": 44801, "bauwerksart": "BR", "bauwerksname": "Walter-Röber-Brücke", "okstra_id": "FABF2590DA304397AB6DC631C51CDC8F", "bauwerksnummer": "17202-0010", "sib_bauwerksnummer": "3446136 0" }, "geometry": { "type": "MultiLineString", "coordinates": [ [ [ 13.37209131, 52.54869656 ], [ 13.37238133, 52.54849159 ] ] ] } },
{ "type": "Feature", "properties": { "id": "b_bauwerke.44802", "dnbr__sdatenid": 44802, "bauwerksart": "FBR", "bauwerksname": "Wullenwebersteg", "okstra_id": "4C31137E270C4CA88F8A23678203FEA3", "bauwerksnummer": "07474-0010", "sib_bauwerksnummer": "3446049 0" }, "geometry": { "type": "MultiLineString", "coordinates": [ [ [ 13.33432293, 52.51756713 ], [ 13.33442191, 52.51752424 ], [ 13.33448704, 52.51747677 ], [ 13.33461, 52.51737283 ], [ 13.33505744, 52.5169866 ], [ 13.33516863, 52.51687904 ], [ 13.33532669, 52.51681293 ] ] ] } },
{ "type": "Feature", "properties": { "id": "b_bauwerke.44803", "dnbr__sdatenid": 44803, "bauwerksart": "BR", "bauwerksname": "Mosbacher Brücke (Wuhle)", "okstra_id": "75CBAB0804E14DE7AC74FF03DF17703E", "bauwerksnummer": "49772-0010", "sib_bauwerksnummer": "3447032 0" }, "geometry": { "type": "MultiLineString", "coordinates": [ [ [ 13.57747156, 52.50270235 ], [ 13.57804749, 52.50258126 ] ] ] } },
{ "type": "Feature", "properties": { "id": "b_bauwerke.44804", "dnbr__sdatenid": 44804, "bauwerksart": "TU", "bauwerksname": "Lindentunnel", "okstra_id": "93E0C98EED1E4F7FA6569695EB396B7C", "bauwerksnummer": "08018-0010", "sib_bauwerksnummer": "-" }, "geometry": { "type": "MultiLineString", "coordinates": [ [ [ 13.39495999, 52.51812791 ], [ 13.39492309, 52.51757876 ], [ 13.3948149, 52.51742308 ], [ 13.39414606, 52.51715127 ], [ 13.39391439, 52.51694593 ], [ 13.39387158, 52.51668343 ], [ 13.39397643, 52.51607525 ] ] ] } },
{ "type": "Feature", "properties": { "id": "b_bauwerke.44805", "dnbr__sdatenid": 44805, "bauwerksart": "BR", "bauwerksname": "Schönstedtstraßenbrücke", "okstra_id": "090D5392F2014D259DA93402641F9A83", "bauwerksnummer": "07401-0010", "sib_bauwerksnummer": "3446141 0" }, "geometry": { "type": "MultiLineString", "coordinates": [ [ [ 13.37371091, 52.55058018 ], [ 13.37398169, 52.55043403 ] ] ] } },
{ "type": "Feature", "properties": { "id": "b_bauwerke.44806", "dnbr__sdatenid": 44806, "bauwerksart": "BR", "bauwerksname": "Swinemünder Brücke", "okstra_id": "783401DF6C6348D088D955CCE97F9911", "bauwerksnummer": "07433-0010", "sib_bauwerksnummer": "3446118A" }, "geometry": { "type": "MultiLineString", "coordinates": [ [ [ 13.39216351, 52.54955479 ], [ 13.39346221, 52.54817252 ] ] ] } },
{ "type": "Feature", "properties": { "id": "b_bauwerke.44807", "dnbr__sdatenid": 44807, "bauwerksart": "BR", "bauwerksname": "Schulzendorfer Straßenbrücke", "okstra_id": "8C92C9463CF9411A84F5F70E5FC06BF5", "bauwerksnummer": "07405-0010", "sib_bauwerksnummer": "3446112 0" }, "geometry": { "type": "MultiLineString", "coordinates": [ [ [ 13.37316663, 52.5401898 ], [ 13.37288159, 52.5401746 ] ] ] } },
{ "type": "Feature", "properties": { "id": "b_bauwerke.44808", "dnbr__sdatenid": 44808, "bauwerksart": "BR", "bauwerksname": "Grenzstraßenbrücke", "okstra_id": "431B7A8909E544398A600B3A7B82041F", "bauwerksnummer": "07238-0010", "sib_bauwerksnummer": "3446132 0" }, "geometry": { "type": "MultiLineString", "coordinates": [ [ [ 13.37939784, 52.54272837 ], [ 13.37891902, 52.54242121 ] ] ] } },
{ "type": "Feature", "properties": { "id": "b_bauwerke.44809", "dnbr__sdatenid": 44809, "bauwerksart": "BR", "bauwerksname": "Putlitzbrücke,Übb 1 (West)", "okstra_id": "2A09802BC7F74E828003BD68A3D1FEC0", "bauwerksnummer": "07383-0010", "sib_bauwerksnummer": "3446047A1" }, "geometry": { "type": "MultiLineString", "coordinates": [ [ [ 13.34373499, 52.53664219 ], [ 13.34363673, 52.53635059 ], [ 13.34360311, 52.53620739 ], [ 13.34352878, 52.53590185 ], [ 13.34345203, 52.53545354 ] ] ] } },
{ "type": "Feature", "properties": { "id": "b_bauwerke.44810", "dnbr__sdatenid": 44810, "bauwerksart": "BR", "bauwerksname": "Putlitzbrücke/Gewölbe 1-7", "okstra_id": "557286B664D14821AA1C905F569A0E4D", "bauwerksnummer": "02003", "sib_bauwerksnummer": "3446047C" }, "geometry": { "type": "MultiLineString", "coordinates": [ [ [ 13.34348637, 52.5351045 ], [ 13.34343319, 52.53455902 ] ] ] } },
{ "type": "Feature", "properties": { "id": "b_bauwerke.44811", "dnbr__sdatenid": 44811, "bauwerksart": "BR", "bauwerksname": "Putlitzbrücke,Übb 2 (Ost)", "okstra_id": "F10A195D41F04625968B7E89AED15691", "bauwerksnummer": "02003", "sib_bauwerksnummer": "3446047A2" }, "geometry": { "type": "MultiLineString", "coordinates": [ [ [ 13.34394573, 52.53664039 ], [ 13.34384746, 52.53634879 ], [ 13.34381384, 52.53620558 ], [ 13.34373951, 52.53590004 ], [ 13.34366276, 52.53545173 ] ] ] } },
{ "type": "Feature", "properties": { "id": "b_bauwerke.44812", "dnbr__sdatenid": 44812, "bauwerksart": "BR", "bauwerksname": "Putlitzbrücke/Fußgängergewölbe", "okstra_id": "3621C80C91DE4193B7B82F3BB4E451E4", "bauwerksnummer": "02003", "sib_bauwerksnummer": "3446047F" }, "geometry": { "type": "MultiLineString", "coordinates": [ [ [ 13.34343263, 52.53455012 ], [ 13.34343411, 52.53441689 ] ] ] } },
{ "type": "Feature", "properties": { "id": "b_bauwerke.44813", "dnbr__sdatenid": 44813, "bauwerksart": "BR", "bauwerksname": "Blockdammbrücke", "okstra_id": "000D45A54AAB4042BA1770741206743E", "bauwerksnummer": "49671-0010", "sib_bauwerksnummer": "3547088 0" }, "geometry": { "type": "MultiLineString", "coordinates": [ [ [ 13.51596976, 52.48580671 ], [ 13.51590253, 52.48561074 ], [ 13.51481582, 52.48515949 ], [ 13.51461552, 52.48519794 ] ] ] } },
{ "type": "Feature", "properties": { "id": "b_bauwerke.44814", "dnbr__sdatenid": 44814, "bauwerksart": "BR", "bauwerksname": "Zitadellenwegbrücke", "okstra_id": "1107F2E2FC3D4DBDAF85091137CAFD2D", "bauwerksnummer": "07478-0020", "sib_bauwerksnummer": "-" }, "geometry": { "type": "MultiLineString", "coordinates": [ [ [ 13.2156335, 52.53970142 ], [ 13.21593568, 52.53969798 ] ] ] } },
{ "type": "Feature", "properties": { "id": "b_bauwerke.44815", "dnbr__sdatenid": 44815, "bauwerksart": "BR", "bauwerksname": "Brücke Am Bahndamm (Wuhle)", "okstra_id": "96B6E0A37F3E40E6B172876A9700B668", "bauwerksnummer": "49616-0010", "sib_bauwerksnummer": "3547039 0" }, "geometry": { "type": "MultiLineString", "coordinates": [ [ [ 13.57675998, 52.45949158 ], [ 13.57643476, 52.45957322 ] ] ] } },
{ "type": "Feature", "properties": { "id": "b_bauwerke.44816", "dnbr__sdatenid": 44816, "bauwerksart": "BR", "bauwerksname": "Teltowkanalbrücke", "okstra_id": "11316B4CAD504D79A74DE006C6125C65", "bauwerksnummer": "49597-0010", "sib_bauwerksnummer": "3547004A" }, "geometry": { "type": "MultiLineString", "coordinates": [ [ [ 13.52668021, 52.42645105 ], [ 13.52662856, 52.42588574 ] ] ] } },
{ "type": "Feature", "properties": { "id": "b_bauwerke.44817", "dnbr__sdatenid": 44817, "bauwerksart": "BR", "bauwerksname": "Stelling-Janitzky-Brücke (Tel.Kanal)", "okstra_id": "5C67A839048E4D9B90E9DEBD5CA259DD", "bauwerksnummer": "49599-0010", "sib_bauwerksnummer": "-" }, "geometry": { "type": "MultiLineString", "coordinates": [ [ [ 13.55497974, 52.42619106 ], [ 13.55557724, 52.42578342 ] ] ] } },
{ "type": "Feature", "properties": { "id": "b_bauwerke.44818", "dnbr__sdatenid": 44818, "bauwerksart": "BR", "bauwerksname": "Herkulesbrücke Ost", "okstra_id": "AE73670C14D245D1966881943A79B258", "bauwerksnummer": "07302-0010", "sib_bauwerksnummer": "3446057 0" }, "geometry": { "type": "MultiLineString", "coordinates": [ [ [ 13.35225626, 52.50599384 ], [ 13.35227396, 52.50552068 ] ] ] } },
{ "type": "Feature", "properties": { "id": "b_bauwerke.44819", "dnbr__sdatenid": 44819, "bauwerksart": "BR", "bauwerksname": "Herkulesbrücke West", "okstra_id": "92AC635564814EDDA50F9CE48B44A710", "bauwerksnummer": "02025a", "sib_bauwerksnummer": "3446058 0" }, "geometry": { "type": "MultiLineString", "coordinates": [ [ [ 13.35195417, 52.50607316 ], [ 13.35182134, 52.50560688 ] ] ] } },
{ "type": "Feature", "properties": { "id": "b_bauwerke.44820", "dnbr__sdatenid": 44820, "bauwerksart": "BR", "bauwerksname": "Invalidenbrücke", "okstra_id": "23B4DC7A40EE447F87643BF7DCB95E8C", "bauwerksnummer": "07313-0020", "sib_bauwerksnummer": "-" }, "geometry": { "type": "MultiLineString", "coordinates": [ [ [ 13.36784943, 52.52595043 ], [ 13.36724781, 52.52577837 ] ] ] } },
{ "type": "Feature", "properties": { "id": "b_bauwerke.44821", "dnbr__sdatenid": 44821, "bauwerksart": "BR", "bauwerksname": "südl. Falkenberger Brücke", "okstra_id": "D3BCADA5054449C0999D3ACBCA46E1AB", "bauwerksnummer": "22005", "sib_bauwerksnummer": "3447021A" }, "geometry": { "type": "MultiLineString", "coordinates": [ [ [ 13.51183793, 52.56564353 ], [ 13.51305133, 52.56612479 ] ] ] } },
{ "type": "Feature", "properties": { "id": "b_bauwerke.44822", "dnbr__sdatenid": 44822, "bauwerksart": "BR", "bauwerksname": "Schönhauser-Allee-Brücke,südl. 1-Feldsystem", "okstra_id": "A46928E2AD8248389D03E0599E6BC0C9", "bauwerksnummer": "04004", "sib_bauwerksnummer": "3446171B" }, "geometry": { "type": "MultiLineString", "coordinates": [ [ [ 13.41382716, 52.54945048 ], [ 13.41380588, 52.5493372 ] ] ] } },
{ "type": "Feature", "properties": { "id": "b_bauwerke.44823", "dnbr__sdatenid": 44823, "bauwerksart": "FBR", "bauwerksname": "FGS Elsengraben", "okstra_id": "BE4F9838B689466FB377241E38A9E58A", "bauwerksnummer": "22010", "sib_bauwerksnummer": "3447055 0" }, "geometry": { "type": "MultiLineString", "coordinates": [ [ [ 13.51540968, 52.55575303 ], [ 13.51551335, 52.55574601 ] ] ] } },
{ "type": "Feature", "properties": { "id": "b_bauwerke.44824", "dnbr__sdatenid": 44824, "bauwerksart": "BR", "bauwerksname": "Spittelmarktbrücke", "okstra_id": "A5026A67B5E5436FB8453DCC941BF027", "bauwerksnummer": "01042", "sib_bauwerksnummer": "3446032 0" }, "geometry": { "type": "MultiLineString", "coordinates": [ [ [ 13.40161938, 52.51137863 ], [ 13.40254106, 52.51181283 ] ] ] } },
{ "type": "Feature", "properties": { "id": "b_bauwerke.44825", "dnbr__sdatenid": 44825, "bauwerksart": "BR", "bauwerksname": "FGB Grabensprung", "okstra_id": "42E2D15F138C4A7A929E5659DE37A27E", "bauwerksnummer": "49784-0010", "sib_bauwerksnummer": "3447033 0" }, "geometry": { "type": "MultiLineString", "coordinates": [ [ [ 13.55403444, 52.50197148 ], [ 13.5544342, 52.50155205 ] ] ] } },
{ "type": "Feature", "properties": { "id": "b_bauwerke.44826", "dnbr__sdatenid": 44826, "bauwerksart": "BR", "bauwerksname": "Grünstraßenbrücke", "okstra_id": "7FE4811A2AD04A3FA2534F42FFE144DB", "bauwerksnummer": "17002-0010", "sib_bauwerksnummer": "3446029 0" }, "geometry": { "type": "MultiLineString", "coordinates": [ [ [ 13.40576904, 52.51170416 ], [ 13.40581463, 52.51146678 ] ] ] } },
{ "type": "Feature", "properties": { "id": "b_bauwerke.44827", "dnbr__sdatenid": 44827, "bauwerksart": "BR", "bauwerksname": "Schillingbrücke (Spree)", "okstra_id": "02C853A1448341C785717EBE6C46110A", "bauwerksnummer": "44900-0010", "sib_bauwerksnummer": "3446191 0" }, "geometry": { "type": "MultiLineString", "coordinates": [ [ [ 13.42899733, 52.508847 ], [ 13.4293136, 52.5092636 ], [ 13.42955254, 52.50951742 ] ] ] } },
{ "type": "Feature", "properties": { "id": "b_bauwerke.44828", "dnbr__sdatenid": 44828, "bauwerksart": "BR", "bauwerksname": "Br.Verbindungs-FB AK Schöneberg z.BAB A100", "okstra_id": "FFF0E85537CD47949F44CEA9F497F175", "bauwerksnummer": "11026", "sib_bauwerksnummer": "3546055 5" }, "geometry": { "type": "MultiLineString", "coordinates": [ [ [ 13.34777611, 52.47246236 ], [ 13.34932651, 52.47251103 ] ] ] } },
{ "type": "Feature", "properties": { "id": "b_bauwerke.44829", "dnbr__sdatenid": 44829, "bauwerksart": "BR", "bauwerksname": "Oderstraßenbrücke", "okstra_id": "F2BB13DE85364B8CB47BCC68B0963608", "bauwerksnummer": "07366-0010", "sib_bauwerksnummer": "3546157 0" }, "geometry": { "type": "MultiLineString", "coordinates": [ [ [ 13.4214159, 52.46580114 ], [ 13.42131522, 52.46631363 ] ] ] } },
{ "type": "Feature", "properties": { "id": "b_bauwerke.44830", "dnbr__sdatenid": 44830, "bauwerksart": "BR", "bauwerksname": "Rathausbrücke (Spree)", "okstra_id": "7C68175E0B69402D810AC7DC4518FD3C", "bauwerksnummer": "17009-0010", "sib_bauwerksnummer": "3446142A" }, "geometry": { "type": "MultiLineString", "coordinates": [ [ [ 13.40380773, 52.51695593 ], [ 13.40432209, 52.51720133 ] ] ] } },
{ "type": "Feature", "properties": { "id": "b_bauwerke.44831", "dnbr__sdatenid": 44831, "bauwerksart": "BR", "bauwerksname": "Nördliche Blumberger-Damm-Brücke", "okstra_id": "E03068788E2E4CCDA29F5BCB2BB08510", "bauwerksnummer": "49799-0010", "sib_bauwerksnummer": "3447049 0" }, "geometry": { "type": "MultiLineString", "coordinates": [ [ [ 13.57630517, 52.5611987 ], [ 13.57651517, 52.56137563 ] ] ] } },
{ "type": "Feature", "properties": { "id": "b_bauwerke.44834", "dnbr__sdatenid": 44834, "bauwerksart": "BR", "bauwerksname": "Hoppendorfer Brücke (Wuhle)", "okstra_id": "F64BE8E2088449CB9B7F0EFC734F447A", "bauwerksnummer": "49617-0010", "sib_bauwerksnummer": "3547040 0" }, "geometry": { "type": "MultiLineString", "coordinates": [ [ [ 13.56703408, 52.47263192 ], [ 13.56737248, 52.47268421 ] ] ] } },
{ "type": "Feature", "properties": { "id": "b_bauwerke.44835", "dnbr__sdatenid": 44835, "bauwerksart": "BR", "bauwerksname": "Schinderbrücke (Wuhle)", "okstra_id": "01B0025CA29144E29002BD2CE55728F0", "bauwerksnummer": "49618-0010", "sib_bauwerksnummer": "3547041 0" }, "geometry": { "type": "MultiLineString", "coordinates": [ [ [ 13.57406548, 52.45689865 ], [ 13.57407598, 52.45672521 ] ] ] } },
{ "type": "Feature", "properties": { "id": "b_bauwerke.44836", "dnbr__sdatenid": 44836, "bauwerksart": "BR", "bauwerksname": "Waldstraßenbrücke", "okstra_id": "4EDD20E18D2C4505BB82583D65BD46B0", "bauwerksnummer": "49641-0010", "sib_bauwerksnummer": "3548011 0" }, "geometry": { "type": "MultiLineString", "coordinates": [ [ [ 13.72033792, 52.42465088 ], [ 13.7204926, 52.42473729 ] ] ] } },
{ "type": "Feature", "properties": { "id": "b_bauwerke.44837", "dnbr__sdatenid": 44837, "bauwerksart": "BR", "bauwerksname": "Rampenbrücke Einfahrt Breitenbachplatz", "okstra_id": "13DA0F8203164670A73B95B83A352258", "bauwerksnummer": "12057", "sib_bauwerksnummer": "3545092 0" }, "geometry": { "type": "MultiLineString", "coordinates": [ [ [ 13.3098154, 52.46711649 ], [ 13.31043537, 52.46685564 ], [ 13.31100608, 52.46662665 ], [ 13.3116738, 52.46637481 ], [ 13.31303995, 52.465927 ] ] ] } },
{ "type": "Feature", "properties": { "id": "b_bauwerke.44838", "dnbr__sdatenid": 44838, "bauwerksart": "BR", "bauwerksname": "Honsfelder Brücke (Wuhle)", "okstra_id": "B6027CF514B245E2A9353DC5811BE5F2", "bauwerksnummer": "49787-0010", "sib_bauwerksnummer": "3547086 0" }, "geometry": { "type": "MultiLineString", "coordinates": [ [ [ 13.56901452, 52.49744557 ], [ 13.56868067, 52.49751711 ] ] ] } },
{ "type": "Feature", "properties": { "id": "b_bauwerke.44839", "dnbr__sdatenid": 44839, "bauwerksart": "BR", "bauwerksname": "Teupitzer Brücke", "okstra_id": "0562C751CE3E4559B6B447C6D1374BFD", "bauwerksnummer": "07444-0010", "sib_bauwerksnummer": "3546006 0" }, "geometry": { "type": "MultiLineString", "coordinates": [ [ [ 13.4550903, 52.47917506 ], [ 13.45544107, 52.47943258 ], [ 13.45544457, 52.47966984 ] ] ] } },
{ "type": "Feature", "properties": { "id": "b_bauwerke.44840", "dnbr__sdatenid": 44840, "bauwerksart": "BR", "bauwerksname": "Eiserne Brücke (Spreekanal)", "okstra_id": "E7A20AC22B3842FFA3CD8E4DE765DB31", "bauwerksnummer": "16999-0010", "sib_bauwerksnummer": "3446023 0" }, "geometry": { "type": "MultiLineString", "coordinates": [ [ [ 13.39759757, 52.51940975 ], [ 13.39721963, 52.51929337 ] ] ] } },
{ "type": "Feature", "properties": { "id": "b_bauwerke.44841", "dnbr__sdatenid": 44841, "bauwerksart": "FTU", "bauwerksname": "FGT Gertraudenstr.", "okstra_id": "658279482C9F42D5B22E1A3C0C1E0F92", "bauwerksnummer": "49522-0010", "sib_bauwerksnummer": "-" }, "geometry": { "type": "MultiLineString", "coordinates": [ [ [ 13.4050758, 52.5140763 ], [ 13.40571883, 52.51362188 ] ] ] } },
{ "type": "Feature", "properties": { "id": "b_bauwerke.44842", "dnbr__sdatenid": 44842, "bauwerksart": "BR", "bauwerksname": "Br. Allee d. Kosmonauten,Bw.5a", "okstra_id": "CD85D2DBB286402EBD7A434DD8A83E9E", "bauwerksnummer": "49781-0010", "sib_bauwerksnummer": "3447012 1" }, "geometry": { "type": "MultiLineString", "coordinates": [ [ [ 13.53766156, 52.52564211 ], [ 13.5385114, 52.52566799 ] ] ] } },
{ "type": "Feature", "properties": { "id": "b_bauwerke.44843", "dnbr__sdatenid": 44843, "bauwerksart": "BR", "bauwerksname": "Br. Allee d. Kosmonauten,Bw.5c", "okstra_id": "62C1E98B4DE8471A822B82982496EDF3", "bauwerksnummer": "21042", "sib_bauwerksnummer": "3447012 2" }, "geometry": { "type": "MultiLineString", "coordinates": [ [ [ 13.53765477, 52.5258466 ], [ 13.53841307, 52.52587445 ] ] ] } },
{ "type": "Feature", "properties": { "id": "b_bauwerke.44844", "dnbr__sdatenid": 44844, "bauwerksart": "BR", "bauwerksname": "Ebertsbrücke", "okstra_id": "F6FE9AEB7F7145838BEA2833602EB319", "bauwerksnummer": "01016a", "sib_bauwerksnummer": "3446258 0" }, "geometry": { "type": "MultiLineString", "coordinates": [ [ [ 13.39169481, 52.52268963 ], [ 13.39165535, 52.52212285 ] ] ] } },
{ "type": "Feature", "properties": { "id": "b_bauwerke.44845", "dnbr__sdatenid": 44845, "bauwerksart": "BR", "bauwerksname": "Pyramidenringbrücke", "okstra_id": "616EC0F165D24A10B34D49A3B21D212D", "bauwerksnummer": "49819-0010", "sib_bauwerksnummer": "3447063 0" }, "geometry": { "type": "MultiLineString", "coordinates": [ [ [ 13.5216497, 52.53213027 ], [ 13.52209199, 52.53200858 ] ] ] } },
{ "type": "Feature", "properties": { "id": "b_bauwerke.44847", "dnbr__sdatenid": 44847, "bauwerksart": "BR", "bauwerksname": "Brückenstraßenbrücke", "okstra_id": "C3163C13DD85482AAE917B099827BFD4", "bauwerksnummer": "49640-0010", "sib_bauwerksnummer": "3548009 0" }, "geometry": { "type": "MultiLineString", "coordinates": [ [ [ 13.6828523, 52.44073836 ], [ 13.68291888, 52.44062691 ] ] ] } },
{ "type": "Feature", "properties": { "id": "b_bauwerke.44848", "dnbr__sdatenid": 44848, "bauwerksart": "FTU", "bauwerksname": "FGT Siegfriedstr.", "okstra_id": "EFA07716229549BC94AA2884148BFA68", "bauwerksnummer": "49675-0010", "sib_bauwerksnummer": "-" }, "geometry": { "type": "MultiLineString", "coordinates": [ [ [ 13.49645887, 52.51190746 ], [ 13.49647475, 52.51151746 ] ] ] } },
{ "type": "Feature", "properties": { "id": "b_bauwerke.44849", "dnbr__sdatenid": 44849, "bauwerksart": "BR", "bauwerksname": "Bismarcksfelder Brücke (Wuhle)", "okstra_id": "C86F73D3140F413A9375F75E2F51F80B", "bauwerksnummer": "49786-0010", "sib_bauwerksnummer": "3547083 0" }, "geometry": { "type": "MultiLineString", "coordinates": [ [ [ 13.56792984, 52.47521243 ], [ 13.56750763, 52.47508462 ] ] ] } },
{ "type": "Feature", "properties": { "id": "b_bauwerke.44850", "dnbr__sdatenid": 44850, "bauwerksart": "BR", "bauwerksname": "Schiffbauerdammbrücke (Panke)", "okstra_id": "7C43D9410ED9404F9F4B9A379B8CEFC0", "bauwerksnummer": "49526-0010", "sib_bauwerksnummer": "3446006 0" }, "geometry": { "type": "MultiLineString", "coordinates": [ [ [ 13.38649434, 52.52178934 ], [ 13.38666003, 52.52168455 ] ] ] } },
{ "type": "Feature", "properties": { "id": "b_bauwerke.44851", "dnbr__sdatenid": 44851, "bauwerksart": "BR", "bauwerksname": "Marschallbrücke,neue Gehwegbrücke (West)", "okstra_id": "7560185E4E134EB896763CB63A0F84C3", "bauwerksnummer": "16956-0010", "sib_bauwerksnummer": "3446011A1" }, "geometry": { "type": "MultiLineString", "coordinates": [ [ [ 13.38040318, 52.51897993 ], [ 13.38033006, 52.51933529 ] ] ] } },
{ "type": "Feature", "properties": { "id": "b_bauwerke.44852", "dnbr__sdatenid": 44852, "bauwerksart": "BR", "bauwerksname": "Marschallbrücke,neue Gehwegbrücke (Ost)", "okstra_id": "59290B4F84AB4B5FB02FF343986F1477", "bauwerksnummer": "01012", "sib_bauwerksnummer": "3446011A3" }, "geometry": { "type": "MultiLineString", "coordinates": [ [ [ 13.38015818, 52.51896159 ], [ 13.38008505, 52.51931694 ] ] ] } },
{ "type": "Feature", "properties": { "id": "b_bauwerke.44853", "dnbr__sdatenid": 44853, "bauwerksart": "BR", "bauwerksname": "Marschallbrücke,alte Gehwegbrücke (West)", "okstra_id": "20FB58F36DE04003A28875494DA9C7AB", "bauwerksnummer": "01012", "sib_bauwerksnummer": "3446011B3" }, "geometry": { "type": "MultiLineString", "coordinates": [ [ [ 13.38008368, 52.51931693 ], [ 13.38005871, 52.51947645 ] ] ] } },
{ "type": "Feature", "properties": { "id": "b_bauwerke.44854", "dnbr__sdatenid": 44854, "bauwerksart": "BR", "bauwerksname": "Marschallbrücke,alte Gehwegbrücke (Ost)", "okstra_id": "7B0A631D934F4FFEB49AE0522DCA8205", "bauwerksnummer": "01012", "sib_bauwerksnummer": "3446011B1" }, "geometry": { "type": "MultiLineString", "coordinates": [ [ [ 13.38032578, 52.51934022 ], [ 13.38029535, 52.51949967 ] ] ] } },
{ "type": "Feature", "properties": { "id": "b_bauwerke.44855", "dnbr__sdatenid": 44855, "bauwerksart": "BR", "bauwerksname": "Marschallbrücke, Straßenbrücke", "okstra_id": "81E6EBE63A5A47B88B945D0FB337C8A5", "bauwerksnummer": "01012", "sib_bauwerksnummer": "3446011A2" }, "geometry": { "type": "MultiLineString", "coordinates": [ [ [ 13.38027662, 52.51896987 ], [ 13.38017542, 52.5194947 ] ] ] } },
{ "type": "Feature", "properties": { "id": "b_bauwerke.44856", "dnbr__sdatenid": 44856, "bauwerksart": "BR", "bauwerksname": "Mühlenwegbrücke (Erpe)", "okstra_id": "AB0DF20DF435422888B30D5164F812B7", "bauwerksnummer": "49623-0010", "sib_bauwerksnummer": "3547046 0" }, "geometry": { "type": "MultiLineString", "coordinates": [ [ [ 13.6106452, 52.45683539 ], [ 13.61080117, 52.45674734 ] ] ] } },
{ "type": "Feature", "properties": { "id": "b_bauwerke.44857", "dnbr__sdatenid": 44857, "bauwerksart": "BR", "bauwerksname": "Luisenbrücke", "okstra_id": "345A7E3BD30A4A88B5FCA17CB53D7588", "bauwerksnummer": "49638-0010", "sib_bauwerksnummer": "3548007 0" }, "geometry": { "type": "MultiLineString", "coordinates": [ [ [ 13.68818945, 52.44422611 ], [ 13.68834518, 52.44410741 ] ] ] } },
{ "type": "Feature", "properties": { "id": "b_bauwerke.44858", "dnbr__sdatenid": 44858, "bauwerksart": "BR", "bauwerksname": "Erpetalbrücke (Erpe)", "okstra_id": "F21AD9F1122D499E9A5639AF99179352", "bauwerksnummer": "49624-0010", "sib_bauwerksnummer": "3547047 0" }, "geometry": { "type": "MultiLineString", "coordinates": [ [ [ 13.60397687, 52.45656473 ], [ 13.60403575, 52.45648297 ] ] ] } },
{ "type": "Feature", "properties": { "id": "b_bauwerke.44859", "dnbr__sdatenid": 44859, "bauwerksart": "BR", "bauwerksname": "Bachstelzenwegbrücke", "okstra_id": "56BF237A6E024A1381FA4613AE96BC84", "bauwerksnummer": "49647-0010", "sib_bauwerksnummer": "3548022 0" }, "geometry": { "type": "MultiLineString", "coordinates": [ [ [ 13.70506964, 52.4305025 ], [ 13.70540229, 52.43043953 ] ] ] } },
{ "type": "Feature", "properties": { "id": "b_bauwerke.44861", "dnbr__sdatenid": 44861, "bauwerksart": "BR", "bauwerksname": "Birnbaumer-Straße-Brücke", "okstra_id": "ABBBFA8B5B3F44A68BCBB3779FEA46A8", "bauwerksnummer": "49600-0010", "sib_bauwerksnummer": "3547033 0" }, "geometry": { "type": "MultiLineString", "coordinates": [ [ [ 13.5735497, 52.46334188 ], [ 13.57379091, 52.46340669 ] ] ] } },
{ "type": "Feature", "properties": { "id": "b_bauwerke.44862", "dnbr__sdatenid": 44862, "bauwerksart": "BR", "bauwerksname": "Elsterwegbrücke", "okstra_id": "FDE0CBA83C1D49F5A9DF6FD542F3C381", "bauwerksnummer": "49644-0010", "sib_bauwerksnummer": "3548024 0" }, "geometry": { "type": "MultiLineString", "coordinates": [ [ [ 13.70480126, 52.42885613 ], [ 13.70497615, 52.42882186 ] ] ] } },
{ "type": "Feature", "properties": { "id": "b_bauwerke.44864", "dnbr__sdatenid": 44864, "bauwerksart": "FTU", "bauwerksname": "FGT Alexanderplatz", "okstra_id": "1FE690484EBB441884DEA9EF4C1ED1D6", "bauwerksnummer": "49528-0010", "sib_bauwerksnummer": "-" }, "geometry": { "type": "MultiLineString", "coordinates": [ [ [ 13.41394188, 52.52202589 ], [ 13.4141313, 52.52215654 ], [ 13.41486846, 52.52204912 ], [ 13.41553144, 52.52235494 ], [ 13.41705304, 52.52179957 ], [ 13.41775153, 52.52207669 ] ] ] } },
{ "type": "Feature", "properties": { "id": "b_bauwerke.44866", "dnbr__sdatenid": 44866, "bauwerksart": "BR", "bauwerksname": "Hohe Brücke", "okstra_id": "FE34B630EAC54920AFF288A3B9247021", "bauwerksnummer": "49509-0010", "sib_bauwerksnummer": "3548010 0" }, "geometry": { "type": "MultiLineString", "coordinates": [ [ [ 13.71733277, 52.42496268 ], [ 13.71742742, 52.42486238 ] ] ] } },
{ "type": "Feature", "properties": { "id": "b_bauwerke.44867", "dnbr__sdatenid": 44867, "bauwerksart": "BR", "bauwerksname": "Hobrechtbrücke", "okstra_id": "A07184235F154CDAA5938E588604D290", "bauwerksnummer": "07306-0010", "sib_bauwerksnummer": "3546037 0" }, "geometry": { "type": "MultiLineString", "coordinates": [ [ [ 13.42822246, 52.4934606 ], [ 13.4286448, 52.49383785 ] ] ] } },
{ "type": "Feature", "properties": { "id": "b_bauwerke.44868", "dnbr__sdatenid": 44868, "bauwerksart": "BR", "bauwerksname": "Lohmühlenbrücke", "okstra_id": "FFAF9C7C288A4D2A8AB1D090425663A2", "bauwerksnummer": "07339-0010", "sib_bauwerksnummer": "3546001 0" }, "geometry": { "type": "MultiLineString", "coordinates": [ [ [ 13.4391692, 52.48949718 ], [ 13.4398223, 52.4895883 ] ] ] } },
{ "type": "Feature", "properties": { "id": "b_bauwerke.44869", "dnbr__sdatenid": 44869, "bauwerksart": "BR", "bauwerksname": "Wildenbruchbrücke", "okstra_id": "7E4391A91998464C9090D4DA9BBD686D", "bauwerksnummer": "07472-0010", "sib_bauwerksnummer": "3546003 0" }, "geometry": { "type": "MultiLineString", "coordinates": [ [ [ 13.44418887, 52.48476108 ], [ 13.44465256, 52.48511767 ] ] ] } },
{ "type": "Feature", "properties": { "id": "b_bauwerke.44870", "dnbr__sdatenid": 44870, "bauwerksart": "FBR", "bauwerksname": "Elsensteg", "okstra_id": "EF21C804E1FC48F6AB2372C150FC204D", "bauwerksnummer": "07253-0010", "sib_bauwerksnummer": "3546004 0" }, "geometry": { "type": "MultiLineString", "coordinates": [ [ [ 13.44673215, 52.48340888 ], [ 13.44720895, 52.48380142 ] ] ] } }
]
}
